Ciudad,# Centro,Centro,# Planta Mensual,# Bajas Mensual,% Rotación Mensual,Planta Promedio AM,# Bajas Anual Movil,Rotación AM
"MONTERREY, N.L.",671402,,0,0,0,1,6,6
"MONTERREY, N.L.",671402,MTRY 6714 ROP UDIS UNIVERSIDAD,0,0,0,1,6,6
"MONTERREY, N.L.",671401,MTRY 6714 MUE UDIS UNIVERSIDAD,0,0,0,1,5,5
"MONTERREY, N.L.",671401,,0,0,0,1,5,5
TLAQUEPAQUE,132501,TLQP DIGITAL CENTRO SUR,0,0,0,2,7,3.5
TLAQUEPAQUE,132501,,0,0,0,2,7,3.5
"APODACA, N.L.",24810,APDC 248 GTE PZA HUINALA,1,0,0,1,3,3
"MONTERREY, N.L.",300205,MTRY INVENTARIOS ZONA VI,0,0,0,1,3,3
CUAUHTEMOC D.F.,140310,CTMC 1403 GTE PERALVILLO,2,0,0,1,3,3
"APODACA, N.L.",24810,,1,0,0,1,3,3
NAUCALPAN EDO MEX,141410,NCPN 1414 GTE GRAN TERRAZA,1,0,0,1,3,3
VERACRUZ VER,650410,,1,0,0,1,3,3
"TECAMACHALCO,PU",76310,,0,0,0,1,3,3
"LORETO, BAJA CALIF S",771002,,11,1,0.09090909090909091,9,24,2.6666666666666665
"LORETO, BAJA CALIF S",771002,LRTO 7710 ROP LORETO,11,2,0.18181818181818182,9,24,2.6666666666666665
"RAMOS ARIZPE, COAH",49401,,11,12,1.0909090909090908,9,23,2.5555555555555554
"RAMOS ARIZPE, COAH",49402,,14,4,0.2857142857142857,12,30,2.5
ECATEPEC DE MOR,47602,,17,2,0.11764705882352941,15,35,2.3333333333333335
"RAMOS ARIZPE, COAH",49402,RMSA 494 ROP PLAZA BELLA,12,3,0.25,12,28,2.3333333333333335
ECATEPEC DE MOR,22801,ECTP 228 MUE TULPETLAC,12,1,0.08333333333333333,11,25,2.272727272727273
ECATEPEC DE MOR,47602,ECTP 476 ROP SENDERO,18,9,0.5,15,34,2.2666666666666666
"TULANCINGO, HGO",29301,,20,5,0.25,21,46,2.1904761904761907
"MERIDA, YUCATAN",789802,,17,0,0,16,35,2.1875
"MERIDA, YUCATAN",789802,MRDA 7898 ROP LAS AMERICAS,16,5,0.3125,16,35,2.1875
ECATEPEC DE MOR,22801,,12,0,0,11,24,2.1818181818181817
"JUAREZ, NUEVO LEON",33101,,14,3,0.21428571428571427,15,32,2.1333333333333333
"PAPALOTLA, TLX",777501,PATL 7775 MUE PUENTE,13,1,0.07692307692307693,12,25,2.0833333333333335
"APODACA, N.L.",46801,,14,4,0.2857142857142857,16,33,2.0625
"APODACA, N.L.",120602,,17,5,0.29411764705882354,17,35,2.0588235294117645
"CUERNAVACA, MOR",652210,CNVC 1522 GTE PZA FORUM CUERNA,0,1,0,1,2,2
SAN FELIPE,339501,SNFP ZONA,1,0,0,1,2,2
LAZARO CARDENAS,32110,LCRS 321 GTE NOYOLA,0,1,0,1,2,2
"CUERNAVACA, MOR",652210,,1,0,0,1,2,2
PUERTO ESCONDIDO,335301,PTOE ZONA,1,0,0,1,2,2
BOCA DEL RIO,794410,,1,0,0,1,2,2
"HERMOSILLO, SON",799402,,8,3,0.375,10,20,2
"JUAREZ, NUEVO LEON",33101,JREZ 331 MUE SENDERO,14,5,0.35714285714285715,15,30,2
NAUCALPAN EDO MEX,141410,,1,0,0,1,2,2
GUADALAJARA JAL,14410,GDLJ 144 GTE ARBOLEDAS,1,0,0,1,2,2
GUADALAJARA JAL,95410,,1,0,0,1,2,2
"TONALA,JALISCO",109510,,1,0,0,1,2,2
GUADALAJARA JAL,14410,,1,0,0,1,2,2
SAN FELIPE,339501,,1,0,0,1,2,2
TLALNEPANTLA DE,661410,TLNP 6614 GTE FASHION MALL TLA,1,0,0,1,2,2
VERACRUZ VER,17710,,0,1,0,1,2,2
"TOLUCA, EDO MEX",326901,,1,1,1,1,2,2
TEZIUTLAN,767610,TZTL 7676 GTE PLAZA EDEN,0,0,0,1,2,2
GUADALAJARA JAL,356919,GDLJ INVENTAROS ZONA IV,1,1,1,2,4,2
GUADALAJARA JAL,95410,GDLJ 954 GTE JOSE MA IGLESIAS,1,0,0,1,2,2
COATZACOALCOS,122410,,1,0,0,1,2,2
MIGUEL HGO D.F.,19310,,1,0,0,2,4,2
TEHUACAN PUEBLA,309201,TEHC ZONA,1,0,0,1,2,2
"MANZANILLO, COL",70210,MZLL 702 GTE VALLE DE L GARZAS,0,0,0,1,2,2
"PARRAL, CHIHUAH",14910,,1,0,0,1,2,2
OAXACA OAXACA,20210,,1,1,1,1,2,2
"MERIDA, YUCATAN",774910,MRDA 7749 GTE SAMBULA,1,0,0,1,2,2
"MANZANILLO, COL",70210,,0,0,0,1,2,2
COACALCO DE BAR,143010,CCLC 1430 GTE LAS FLORES,1,0,0,1,2,2
COATZACOALCOS,122410,CTZC 1224 GTE SENDERO,0,1,0,1,2,2
"MERIDA, YUCATAN",774910,,1,0,0,1,2,2
COACALCO DE BAR,143010,,1,0,0,1,2,2
MIGUEL HGO D.F.,19310,MHGO 193 GTE TACUBA,1,0,0,2,4,2
"TONALA,JALISCO",109510,TNLA 1095 GTE SAN GASPAR,1,0,0,1,2,2
LAZARO CARDENAS,32110,,0,0,0,1,2,2
"PUEBLA, PUEBLA.",25210,PBLA 252 GTE CRUZ DEL SUR,1,0,0,1,2,2
"PUEBLA, PUEBLA.",25210,,1,0,0,1,2,2
TEZIUTLAN,767610,,1,0,0,1,2,2
"CATEMACO, VERACRUZ",104610,,1,0,0,1,2,2
BOCA DEL RIO,794410,BRIO 7944 GTE PLAZA AMERICAS,1,0,0,1,2,2
"APODACA, N.L.",120602,APDC 1206 ROP SENDERO LA FE,13,7,0.5384615384615384,17,33,1.9411764705882353
"GUADALUPE, N.L.",42501,,12,3,0.25,13,25,1.9230769230769231
LOS REYES LAPAZ,90602,,14,3,0.21428571428571427,12,23,1.9166666666666667
"TOLUCA, EDO MEX",141002,,11,0,0,11,21,1.9090909090909092
"TOLUCA, EDO MEX",141002,TOLC 1410 ROP TOLLOCAN,10,2,0.2,11,21,1.9090909090909092
TLALNEPANTLA DE,19201,TLNP 192 MUE JUAREZ,16,3,0.1875,17,32,1.8823529411764706
TLALNEPANTLA DE,19201,,18,1,0.05555555555555555,17,32,1.8823529411764706
"APODACA, N.L.",46801,APDC 468 MUE SENDERO,13,6,0.46153846153846156,16,30,1.875
"TULANCINGO, HGO",29301,TNGO 293 MUE 21 DE MARZO,20,5,0.25,22,41,1.8636363636363635
"CD JUAREZ, CHIU",665701,CDJZ 6657 MUE TALAMAS,12,0,0,13,24,1.8461538461538463
"PESQUERIA, NL",771502,PERI 7715 ROP VALLE STA MARIA,11,2,0.18181818181818182,11,20,1.8181818181818181
"APAN, HIDALGO",764002,,10,3,0.3,11,20,1.8181818181818181
"PARRAS, COAH",770202,PADF 7702 ROP DEL MARQUEZ,10,2,0.2,10,18,1.8
"LOS MOCHIS, SIN",1702,,15,2,0.13333333333333333,15,27,1.8
"PARRAS, COAH",770202,,10,0,0,10,18,1.8
"LORETO, BAJA CALIF S",70102,,4,3,0.75,5,9,1.8
"LORETO, BAJA CALIF S",771001,LRTO 7710 MUE LORETO,9,2,0.2222222222222222,9,16,1.7777777777777777
"CD JUAREZ, CHIU",665701,,12,1,0.08333333333333333,13,23,1.7692307692307692
BOCA DEL RIO,794402,BRIO 7944 ROP PLAZA AMERICAS,16,1,0.0625,13,23,1.7692307692307692
"APODACA, N.L.",132601,APDC 1326 MUE CD.SENDERO LA FE,5,1,0.2,4,7,1.75
LOS REYES LAPAZ,90602,LRYP 906 ROP RIO BRAVO,14,2,0.14285714285714285,12,21,1.75
"EL SALTO, JAL",766401,ELST 7664 MUE EL SALTO (LOS SA,11,2,0.18181818181818182,12,21,1.75
"TULTITLAN,EDO M",35101,,11,4,0.36363636363636365,12,21,1.75
"EL SALTO, JAL",766401,,13,1,0.07692307692307693,12,21,1.75
"APODACA, N.L.",661001,,10,4,0.4,11,19,1.7272727272727273
MONTEMORELOS,113401,,11,1,0.09090909090909091,11,19,1.7272727272727273
"HERMOSILLO, SON",799402,HLLO 7994 ROP PATIO HERMOSILLO,9,2,0.2222222222222222,11,19,1.7272727272727273
"APODACA, N.L.",120601,,17,4,0.23529411764705882,18,31,1.7222222222222223
TLAQUEPAQUE,17501,TLQP 175 MUE GOBERNADOR,9,1,0.1111111111111111,10,17,1.7
BOCA DEL RIO,794402,,16,0,0,13,22,1.6923076923076923
"PAPALOTLA, TLX",777501,,14,0,0,13,22,1.6923076923076923
"APODACA, N.L.",8901,,11,2,0.18181818181818182,13,22,1.6923076923076923
"GUADALUPE, N.L.",42501,GDLP 425 MUE VALLE SOLEADO,13,1,0.07692307692307693,13,22,1.6923076923076923
"MAGDALENA, SON",111802,,12,2,0.16666666666666666,13,22,1.6923076923076923
"LOS MOCHIS, SIN",1702,LMCH 17 ROP LAS PALMAS,16,4,0.25,15,25,1.6666666666666667
"LORETO, BAJA CALIF S",771001,,9,1,0.1111111111111111,9,15,1.6666666666666667
CUAUHTEMOC D.F.,657901,,8,3,0.375,9,15,1.6666666666666667
MONTEMORELOS,113401,MNTM 1134 MUE SIMON BOLIVAR,9,5,0.5555555555555556,12,20,1.6666666666666667
"MONTERREY, N.L.",136001,,12,0,0,11,18,1.6363636363636365
"ZAPOPAN, JAL.",88801,ZPPN 888 MUE MERCADO DEL MAR,12,1,0.08333333333333333,11,18,1.6363636363636365
"MONTERREY, N.L.",136001,MTRY 1360 MUE COLON,11,2,0.18181818181818182,11,18,1.6363636363636365
"MAZATLAN, SIN.",120702,,18,5,0.2777777777777778,16,26,1.625
"MAGDALENA, SON",111802,MGLA 1118 ROP MAGDALENA,13,1,0.07692307692307693,13,21,1.6153846153846154
"LEON, GTO.",10002,,17,4,0.23529411764705882,13,21,1.6153846153846154
"APODACA, N.L.",120601,APDC 1206 MUE SENDERO LA FE,18,3,0.16666666666666666,18,29,1.6111111111111112
"GUAYMAS, SONORA",2202,,17,2,0.11764705882352941,15,24,1.6
VILLAHERMOSA,652402,,11,4,0.36363636363636365,12,19,1.5833333333333333
"MONTERREY, N.L.",27301,,10,2,0.2,12,19,1.5833333333333333
MIGUEL HGO D.F.,144801,,10,4,0.4,12,19,1.5833333333333333
"MEXICALI, BCN.",10502,,23,0,0,24,38,1.5833333333333333
VILLAHERMOSA,652401,,14,2,0.14285714285714285,14,22,1.5714285714285714
STA CATARINA NL,91501,STCA 915 MUE LA PUERTA,14,0,0,14,22,1.5714285714285714
EL MARQUES,676202,,6,1,0.16666666666666666,7,11,1.5714285714285714
"APAN, HIDALGO",764002,APAN 7640 ROP ZARAGOZA,11,4,0.36363636363636365,11,17,1.5454545454545454
TLAJOMULCO DE Z,130002,TLJM 1300 ROP SAN AGUSTIN,12,0,0,11,17,1.5454545454545454
"MONTERREY, N.L.",136002,MTRY 1360 ROP COLON,10,3,0.3,11,17,1.5454545454545454
"PESQUERIA, NL",771502,,12,0,0,11,17,1.5454545454545454
"APODACA, N.L.",661001,APDC 6610 MUE PUEBLO NUEVO,10,1,0.1,11,17,1.5454545454545454
"ZAPOPAN, JAL.",88801,,12,1,0.08333333333333333,11,17,1.5454545454545454
"ALLENDE, N L",109902,ALLD 1099 ROP SAN JAVIER,10,5,0.5,13,20,1.5384615384615385
CHIMALHUACAN EM,133301,CHCN 1333 MUE LOS PATOS,10,5,0.5,13,20,1.5384615384615385
"APODACA, N.L.",8901,APDC 89 MUE FRESNOS,13,0,0,13,20,1.5384615384615385
"GUAYMAS, SONORA",2202,GYMS 22 ROP SERDAN,17,3,0.17647058823529413,15,23,1.5333333333333334
BENITO JUAREZ QROO,39802,,15,2,0.13333333333333333,15,23,1.5333333333333334
"POZA RICA, VER.",28202,,34,3,0.08823529411764706,30,46,1.5333333333333334
BAHIA DE BANDERAS,135901,BDBN 1359 MUE MEZCALES,19,2,0.10526315789473684,23,35,1.5217391304347827
"MEXICALI, BCN.",10502,MXLI 105 ROP NVO MEXICALI,22,3,0.13636363636363635,25,38,1.52
CUAJIMALPA D.F.,317701,,2,0,0,2,3,1.5
"TIJUANA, BCN",773701,TJNA 7737 MUE MEXICO LINDO,11,3,0.2727272727272727,12,18,1.5
"APODACA, N.L.",132601,,5,0,0,4,6,1.5
TEPOTZOTLAN,98802,TPZT 988 ROP BALNEARIO,13,2,0.15384615384615385,12,18,1.5
"HERMOSILLO, SON",34702,,25,6,0.24,24,36,1.5
"TECAMACHALCO,PU",76310,TMCH 763 GTE ORIENTE,0,0,0,2,3,1.5
"POZA RICA, VER.",28202,PZRC 282 ROP CARDENAS,32,4,0.125,30,45,1.5
GUADALAJARA JAL,356919,,2,0,0,2,3,1.5
"POZA RICA, VER.",28210,PZRC 282 GTE CARDENAS,1,0,0,2,3,1.5
"CHIAUTLA, EDO DE MEX",781102,CHUT 7811 ROP SAN ANDRES,8,0,0,8,12,1.5
"DELICIAS, CHIU.",118402,DLCS 1184 ROP EL CHARRO,13,3,0.23076923076923078,14,21,1.5
"PESQUERIA, NL",768802,,6,0,0,6,9,1.5
COATZACOALCOS,91601,,7,4,0.5714285714285714,10,15,1.5
"ALLENDE, N L",300209,,1,1,1,2,3,1.5
"LA PAZ, BCS",767802,,5,2,0.4,6,9,1.5
"TORREON, COAH.",5702,,17,2,0.11764705882352941,18,27,1.5
VERACRUZ VER,650410,VRCZ 6504 GTE FLORESTA,1,0,0,2,3,1.5
"GUAYMAS, SONORA",674001,#N/A,13,2,0.15384615384615385,2,3,1.5
"SALTILLO, COAH.",31501,SALT 315 MUE ECHEVARRIA,9,2,0.2222222222222222,10,15,1.5
"EMPALME, SONORA",6601,EMPL 66 MUE HIDALGO II,16,1,0.0625,14,21,1.5
CUAJIMALPA D.F.,317701,CJMP ZONA,2,0,0,2,3,1.5
"CHIAUTLA, EDO DE MEX",781102,,8,0,0,8,12,1.5
"ZAPOPAN, JAL.",13001,ZPPN 130 MUE ZAP COPERNICO,9,0,0,10,15,1.5
VILLAHERMOSA,652401,VLLH 6524 MUE QUINTIN ARAUZ,12,4,0.3333333333333333,14,21,1.5
TLAQUEPAQUE,17501,,9,1,0.1111111111111111,10,15,1.5
CHIMALHUACAN EM,133301,,13,0,0,13,19,1.4615384615384615
"ALLENDE, N L",109902,,14,0,0,13,19,1.4615384615384615
SAN LUIS POTOSI,55302,,13,2,0.15384615384615385,13,19,1.4615384615384615
"DURANGO, DGO.",6101,,12,3,0.25,13,19,1.4615384615384615
CIENEGA DE FLORES,99701,,10,1,0.1,13,19,1.4615384615384615
"MEXICALI, BCN.",10501,,13,1,0.07692307692307693,13,19,1.4615384615384615
"MONTERREY, N.L.",136002,,11,0,0,11,16,1.4545454545454546
"ZAPOPAN, JAL.",39602,ZPPN 396 ROP AVIACION,10,1,0.1,11,16,1.4545454545454546
"ZAPOPAN, JAL.",115002,ZPPN 1150 ROP SANTA ANA,11,2,0.18181818181818182,11,16,1.4545454545454546
PONCITLAN,115802,,12,3,0.25,11,16,1.4545454545454546
"ZAPOPAN, JAL.",115002,,11,1,0.09090909090909091,11,16,1.4545454545454546
"HERMOSILLO, SON",1802,HLLO 18 ROP GUERRERO,19,6,0.3157894736842105,20,29,1.45
"HERMOSILLO, SON",1802,,19,2,0.10526315789473684,20,29,1.45
HUEJUTLA DE REYES,116602,,9,2,0.2222222222222222,9,13,1.4444444444444444
"PUEBLA, PUEBLA.",148502,PBLA 1485 ROP 4 PONIENTE,10,1,0.1,9,13,1.4444444444444444
"ACATZINGO, PUEBLA",93901,ACTZ 939 MUE PORTALES,17,2,0.11764705882352941,16,23,1.4375
"ACATZINGO, PUEBLA",93901,,17,1,0.058823529411764705,16,23,1.4375
"MERIDA, YUCATAN",43201,MRDA 432 MUE PLAZA SENDERO,16,1,0.0625,16,23,1.4375
"SALTILLO, COAH.",127002,,15,1,0.06666666666666667,14,20,1.4285714285714286
"ARANDAS, JALISCO",78702,ARND 787 ROP HIDALGO,7,0,0,7,10,1.4285714285714286
"MAZATLAN, SIN.",120701,,10,10,1,14,20,1.4285714285714286
CONTLA DE JUAN CUAMA,773902,,7,2,0.2857142857142857,7,10,1.4285714285714286
"DELICIAS, CHIU.",118402,,14,1,0.07142857142857142,14,20,1.4285714285714286
EL MARQUES,676202,#N/A,7,2,0.2857142857142857,7,10,1.4285714285714286
"SALTILLO, COAH.",127002,SALT 1270 ROP MIRASIERRA,12,1,0.08333333333333333,14,20,1.4285714285714286
"ROMITA, GTO",78602,,6,0,0,7,10,1.4285714285714286
VERACRUZ VER,95802,VRCZ 958 ROP PZA PATIO TEJERIA,7,1,0.14285714285714285,7,10,1.4285714285714286
TEPOTZOTLAN,98802,,13,0,0,12,17,1.4166666666666667
"QUERETARO, QRO.",32802,,22,1,0.045454545454545456,24,34,1.4166666666666667
"TULTITLAN,EDO M",35101,TTLN 351 MUE PLAZA TULTITLAN,10,3,0.3,12,17,1.4166666666666667
CUAUHTEMOC D.F.,773002,CTMC 7730 ROP LAZARO CARDENAS,12,1,0.08333333333333333,12,17,1.4166666666666667
"MONTERREY, N.L.",27301,MTRY 273 MUE ESTANZUELA,11,1,0.09090909090909091,12,17,1.4166666666666667
IZTAPALAPA D.F.,31002,,12,2,0.16666666666666666,12,17,1.4166666666666667
GUSTAVO A MADERO DF,798201,,11,2,0.18181818181818182,12,17,1.4166666666666667
VILLAHERMOSA,652402,VLLH 6524 ROP QUINTIN ARAUZ,11,3,0.2727272727272727,12,17,1.4166666666666667
"LORETO, BAJA CALIF S",70102,LRTO 701 ROP LORETO,5,0,0,5,7,1.4
"TEPATITLAN,JAL",300510,TPTN INVENTARIOS ZONA I,4,1,0.25,5,7,1.4
AZCAPOTZALCO DF,16601,AZCP 166 MUE ESPERANZA,10,0,0,10,14,1.4
BENITO JUAREZ QROO,39802,CNCN 398 ROP NICHUPTE,16,2,0.125,15,21,1.4
SAN JOSE DE ITURBIDE,666401,,5,0,0,5,7,1.4
"LA PAZ, BCS",21201,,20,8,0.4,25,35,1.4
AGUASCALIENTES,778101,AGCS 7781 MUE PLAZA ALTARIA,11,0,0,10,14,1.4
"DELICIAS, CHIU.",4802,,15,2,0.13333333333333333,15,21,1.4
SAN JOSE DE ITURBIDE,666401,SNJI 6664 MUE SAN JOSE ITURBID,5,0,0,5,7,1.4
TAPALPA,112702,TALP 1127 ROP MORELOS,6,1,0.16666666666666666,5,7,1.4
BAHIA DE BANDERAS,135901,,23,3,0.13043478260869565,23,32,1.391304347826087
SAN JOSE DE ITURBIDE,94201,,19,3,0.15789473684210525,18,25,1.3888888888888888
"LEON, GTO.",10002,LEON 100 ROP CENTROMAX CC,16,0,0,13,18,1.3846153846153846
"MEXICALI, BCN.",10501,MXLI 105 MUE NVO MEXICALI,13,0,0,13,18,1.3846153846153846
"MAZATLAN, SIN.",1901,,12,1,0.08333333333333333,13,18,1.3846153846153846
SALINAS VICTORIA NL,136201,,13,1,0.07692307692307693,13,18,1.3846153846153846
SANTA LUCIA DEL CAMI,775602,SNLC 7756 ROP JACARANDAS,8,0,0,8,11,1.375
"LA PAZ, BCS",7901,,17,1,0.058823529411764705,16,22,1.375
"XOXOCOTLAN, OAX",108701,,16,1,0.0625,16,22,1.375
S ANDRES CHOLULA PUE,763601,CHLA 7636 MUE PLAZA EXPLANADA,9,2,0.2222222222222222,8,11,1.375
"QUERETARO, QRO.",32802,QRTO 328 ROP PLAZA SENDERO,20,5,0.25,24,33,1.375
TLAJOMULCO DE Z,31201,,16,1,0.0625,16,22,1.375
CHIMALHUACAN EM,107202,,7,1,0.14285714285714285,8,11,1.375
"MAZATLAN, SIN.",120702,MZTN 1207 ROP SENDERO,17,1,0.058823529411764705,16,22,1.375
"HERMOSILLO, SON",34702,HLLO 347 ROP PATIO,26,2,0.07692307692307693,24,33,1.375
S JOSE DEL CABO,29602,,24,5,0.20833333333333334,27,37,1.3703703703703705
TLAJOMULCO DE Z,130002,,12,0,0,11,15,1.3636363636363635
"LOS MOCHIS, SIN",23702,LMCH 237 ROP ARBOLEDAS,13,1,0.07692307692307693,11,15,1.3636363636363635
"CD GUZMAN, JAL",32402,,10,2,0.2,11,15,1.3636363636363635
AMEALCO DE BONFIL,766901,AMEO 7669 MUE CONSTITUYENTES,11,0,0,11,15,1.3636363636363635
"TOLUCA, EDO MEX",765902,TOLC 7659 ROP FM MULTIPLAZA SA,12,0,0,11,15,1.3636363636363635
"IRAPUATO, GTO.",797801,IRPT 7978 MUE ARIA,9,3,0.3333333333333333,11,15,1.3636363636363635
STA CATARINA NL,91501,,15,0,0,14,19,1.3571428571428572
"TEPEAPULCO, HIDALGO",149101,TECO MUE 1491 SAHAGUN,14,2,0.14285714285714285,14,19,1.3571428571428572
"HERMOSILLO, SON",34701,HLLO 347 MUE PATIO,15,1,0.06666666666666667,14,19,1.3571428571428572
CIENEGA DE FLORES,99701,CNGA 997 MUE PLAZOLETA,11,4,0.36363636363636365,14,19,1.3571428571428572
TLAQUEPAQUE,42001,,14,3,0.21428571428571427,14,19,1.3571428571428572
"TULTITLAN,EDO M",25101,TTLN 251 MUE CHILPAN,13,2,0.15384615384615385,14,19,1.3571428571428572
AGUASCALIENTES,32202,,13,0,0,12,16,1.3333333333333333
"SALTILLO, COAH.",3501,,13,1,0.07692307692307693,12,16,1.3333333333333333
ECATEPEC DE MOR,20001,ECTP 200 MUE VALLE,13,0,0,12,16,1.3333333333333333
"GUACHOCHI, CHIH",300596,,3,0,0,3,4,1.3333333333333333
"PUEBLA, PUEBLA.",148502,,10,0,0,9,12,1.3333333333333333
"SALTILLO, COAH.",3501,SALT 35 MUE CARRANZA,13,3,0.23076923076923078,12,16,1.3333333333333333
SAN LUIS POTOSI,773801,SNLP 7738 MUE EL PASEO,16,1,0.0625,15,20,1.3333333333333333
"DELICIAS, CHIU.",4802,DLCS 48 ROP DELICIAS,16,1,0.0625,15,20,1.3333333333333333
"GUADALUPE, N.L.",11701,,12,2,0.16666666666666666,12,16,1.3333333333333333
AGUASCALIENTES,32202,AGCS 322 ROP PLAZA VELARIA,13,3,0.23076923076923078,12,16,1.3333333333333333
"SALTILLO, COAH.",64702,SALT 647 -723 CANADA SLT,5,1,0.2,6,8,1.3333333333333333
MIGUEL HGO D.F.,144801,MHGO 1448 MUE TACUBAYA,10,1,0.1,12,16,1.3333333333333333
IZUCAR DE MAT P,300291,IZCR INVENTARIOS ZONA I,3,0,0,3,4,1.3333333333333333
"TULTITLAN,EDO M",17401,,11,2,0.18181818181818182,12,16,1.3333333333333333
"DURANGO, DGO.",677302,,14,1,0.07142857142857142,3,4,1.3333333333333333
"GUACHOCHI, CHIH",300596,GUHI INVENTARIOS ZONA I,2,0,0,3,4,1.3333333333333333
"SALTILLO, COAH.",64702,,5,0,0,6,8,1.3333333333333333
"COLIMA, COL.",5202,,6,2,0.3333333333333333,6,8,1.3333333333333333
"PLAYA VICENTE, VER",128602,,14,2,0.14285714285714285,12,16,1.3333333333333333
"TORREON, COAH.",5702,TRRN 57 ROP REVOLUCION,16,5,0.3125,19,25,1.3157894736842106
TLAJOMULCO DE Z,31201,TLJM 312 MUE SANTA FE,16,3,0.1875,16,21,1.3125
SAN LUIS POTOSI,4302,SNLP 43 ROP REFORMA,18,1,0.05555555555555555,16,21,1.3125
"LA PAZ, BCS",7901,LPAZ 79 MUE REVOLUCION II,17,2,0.11764705882352941,16,21,1.3125
TLAQUEPAQUE,42001,TLQP 420 MUE CENTRO SUR,14,3,0.21428571428571427,13,17,1.3076923076923077
"MAZATLAN, SIN.",1901,MZTN 19 MUE SERDAN,11,4,0.36363636363636365,13,17,1.3076923076923077
SALINAS VICTORIA NL,136201,SVIC 1362 MUE LOS NOGALES,9,2,0.2222222222222222,13,17,1.3076923076923077
"DURANGO, DGO.",6101,DRGO 61 MUE ALAMEDA,12,2,0.16666666666666666,13,17,1.3076923076923077
SAN LUIS POTOSI,55302,SNLP 553 PLAZA SENDERO,13,3,0.23076923076923078,13,17,1.3076923076923077
AZCAPOTZALCO DF,16601,,11,0,0,10,13,1.3
"SALTILLO, COAH.",31501,,10,0,0,10,13,1.3
"SALTILLO, COAH.",650001,,10,3,0.3,10,13,1.3
"ZAPOPAN, JAL.",13001,,10,1,0.1,10,13,1.3
COATZACOALCOS,91601,#N/A,11,0,0,10,13,1.3
GUADALAJARA JAL,29902,GDLJ 299 ROP TORRES BODET,10,0,0,10,13,1.3
SAN LUIS POTOSI,4302,,21,1,0.047619047619047616,17,22,1.2941176470588236
"PESQUERIA, NL",768802,PERI 7688 ROP COLINAS DEL AERO,6,0,0,7,9,1.2857142857142858
AGUAPRIETA SON,765202,AGPT 7652 ROP AVENIDA 13,7,1,0.14285714285714285,7,9,1.2857142857142858
"ARANDAS, JALISCO",78702,,7,0,0,7,9,1.2857142857142858
AGUAPRIETA SON,765202,,7,0,0,7,9,1.2857142857142858
"TEPEAPULCO, HIDALGO",149101,,14,1,0.07142857142857142,14,18,1.2857142857142858
GUADALAJARA JAL,95101,,6,1,0.16666666666666666,7,9,1.2857142857142858
"ZACAPU, MICHOAC",52802,,7,4,0.5714285714285714,7,9,1.2857142857142858
"TULTITLAN,EDO M",25101,,14,1,0.07142857142857142,14,18,1.2857142857142858
"EMPALME, SONORA",6601,,16,1,0.0625,14,18,1.2857142857142858
"EMPALME, SONORA",6602,EMPL 66 ROP HIDALDO II,14,0,0,14,18,1.2857142857142858
VERACRUZ VER,95802,,7,0,0,7,9,1.2857142857142858
SAN JOSE DE ITURBIDE,94201,SNJI 942 MUE ITURBIDE,18,4,0.2222222222222222,18,23,1.2777777777777777
GUADALAJARA JAL,8202,GDLJ 82 ROP JUAREZ III,13,3,0.23076923076923078,18,23,1.2777777777777777
CUAJIMALPA D.F.,663302,,10,1,0.1,11,14,1.2727272727272727
"IRAPUATO, GTO.",797801,,11,1,0.09090909090909091,11,14,1.2727272727272727
"HUIXQUILUCAN,EDO MEX",779502,,11,2,0.18181818181818182,11,14,1.2727272727272727
CUAUTITLAN IZCA,144401,,11,0,0,11,14,1.2727272727272727
CUAUTITLAN IZCA,144401,CTLZ 1444 MUE PALOMAS,11,1,0.09090909090909091,11,14,1.2727272727272727
"ZAPOPAN, JAL.",39602,,12,0,0,11,14,1.2727272727272727
"CIHUATLAN, JAL",32701,CITL 327 MUE SERDAN,11,2,0.18181818181818182,11,14,1.2727272727272727
APASEO EL GRANDE,100102,,16,2,0.125,15,19,1.2666666666666666
VILLA ALBERTO ALVARA,138701,,11,1,0.09090909090909091,12,15,1.25
TEHUACAN PUEBLA,44801,,24,4,0.16666666666666666,24,30,1.25
"TIJUANA, BCN",773701,,12,1,0.08333333333333333,12,15,1.25
"GOMEZ PAL, DGO.",23602,GPLC 236 ROP PZA HAMBURGO,16,1,0.0625,16,20,1.25
S ANDRES CHOLULA PUE,763601,,10,0,0,8,10,1.25
CHIMALHUACAN EM,107202,CHCN 1072 ROP PLAZA CHIMALHUAC,7,2,0.2857142857142857,8,10,1.25
GUSTAVO A MADERO DF,798201,GAMD 7982 MUE PARQUE TEPEYAC,10,0,0,12,15,1.25
SANTA LUCIA DEL CAMI,775602,,8,0,0,8,10,1.25
"URUAPAN, MICH.",129501,,16,1,0.0625,16,20,1.25
"GUADALUPE, N.L.",11701,GDLP 117 MUE GPE LAS QUINT,11,2,0.18181818181818182,12,15,1.25
"CHIHUAHUA, CHI",36102,,10,3,0.3,12,15,1.25
VILLAHERMOSA,12001,,10,5,0.5,12,15,1.25
"YURECUARO, MICH",674701,,11,4,0.36363636363636365,4,5,1.25
IZTAPALAPA D.F.,31002,IZTP 310 ROP SANTA MARTHA,12,1,0.08333333333333333,12,15,1.25
"ROMITA, GTO",78602,RMTA 786 ROP ALLENDE,6,1,0.16666666666666666,8,10,1.25
"PUEBLA, PUEBLA.",24201,PBLA 242 MUE 10 PONIENTE,20,10,0.5,20,25,1.25
TLALNEPANTLA DE,658001,TLNP 6580 MUE MUNDO E,12,0,0,12,15,1.25
"APODACA, N.L.",128102,,0,0,0,4,5,1.25
GUADALAJARA JAL,665601,,9,2,0.2222222222222222,12,15,1.25
ECATEPEC DE MOR,143202,,21,6,0.2857142857142857,20,25,1.25
CUAUHTEMOC D.F.,773002,,11,0,0,12,15,1.25
"LOS MOCHIS, SIN",23702,,13,1,0.07692307692307693,12,15,1.25
"NOGALES, VER.",127601,,7,1,0.14285714285714285,8,10,1.25
"GUAYMAS, SONORA",674001,,14,2,0.14285714285714285,4,5,1.25
"NOGALES, VER.",127601,NOES 1276 MUE JUAREZ,8,0,0,8,10,1.25
"PUEBLA, PUEBLA.",24201,,23,0,0,20,25,1.25
"APODACA, N.L.",128102,APDC 1281 ROP CITADINA,0,0,0,4,5,1.25
SAN NICOLAS N.L,659902,,11,5,0.45454545454545453,12,15,1.25
"XOXOCOTLAN, OAX",108701,XXCT 1087 MUE XOXOCOTLAN,16,3,0.1875,17,21,1.2352941176470589
SAN MARTIN T. P,653901,,15,3,0.2,17,21,1.2352941176470589
BOCA DEL RIO,794401,,12,1,0.08333333333333333,13,16,1.2307692307692308
"TORREON, COAH.",12802,TRRN 128 ROP SAULO,14,2,0.14285714285714285,13,16,1.2307692307692308
"TEAPA, TABASCO",42802,,15,5,0.3333333333333333,13,16,1.2307692307692308
"CD JUAREZ, CHIU",6801,,11,1,0.09090909090909091,13,16,1.2307692307692308
"PAPALOTLA, TLX",777502,PATL 7775 ROP PUENTE,16,0,0,13,16,1.2307692307692308
"PUEBLA, PUEBLA.",13901,PBLA 139 MUE TORRECILLAS,18,3,0.16666666666666666,18,22,1.2222222222222223
"PUERTO PROGRESO, YUC",106402,,9,2,0.2222222222222222,9,11,1.2222222222222223
HUEJUTLA DE REYES,116602,HJTL 1166 ROP HIDALGO,8,3,0.375,9,11,1.2222222222222223
"PACHUCA,HIDALGO",19402,PCHC 194 ROP PZA DEL VALLE,19,4,0.21052631578947367,18,22,1.2222222222222223
"RAMOS ARIZPE, COAH",49401,RMSA 494 MUE PLAZA BELLA,13,0,0,9,11,1.2222222222222223
MARTINEZ DE TOR,106202,,23,2,0.08695652173913043,23,28,1.2173913043478262
"EMPALME, SONORA",6602,,14,0,0,14,17,1.2142857142857142
"CUAUTLANCINGO, PUE",107801,,15,1,0.06666666666666667,14,17,1.2142857142857142
"CUAUTLANCINGO, PUE",107801,CTLG 1078 MUE AV MEXICO,14,0,0,14,17,1.2142857142857142
S JOSE DEL CABO,29602,SNJC 296 ROP TRANSPENINSU,26,4,0.15384615384615385,28,34,1.2142857142857142
"CD JUAREZ, CHIU",10701,CDJZ 107 MUE LIBRAMIENTO,15,0,0,14,17,1.2142857142857142
"ENSENADA, BCN",672502,,18,1,0.05555555555555555,19,23,1.2105263157894737
OAXACA OAXACA,792101,,5,1,0.2,5,6,1.2
GUADALAJARA JAL,29902,,11,0,0,10,12,1.2
"PUEBLA, PUEBLA.",664602,,15,0,0,15,18,1.2
"TEPATITLAN,JAL",300510,,5,0,0,5,6,1.2
PYA D CARMEN QR,799901,,5,2,0.4,5,6,1.2
LERMA DE VILLADA EDM,757401,LERM 7574 MUE SENDERO TOLUCA,5,0,0,5,6,1.2
CUAUHTEMOC D.F.,657901,CTMC 6579 MUE PATIO BOTURINI,10,1,0.1,10,12,1.2
OAXACA OAXACA,86402,OAXC 864 ROP PLAZA BELLA,17,1,0.058823529411764705,15,18,1.2
SAN LUIS POTOSI,764402,,5,1,0.2,5,6,1.2
OAXACA OAXACA,86402,,17,1,0.058823529411764705,15,18,1.2
LERMA DE VILLADA EDM,757401,,4,0,0,5,6,1.2
"CORTAZAR, GTO",21702,,17,2,0.11764705882352941,15,18,1.2
TEQUISQUIAPAN QRTO,38302,,17,1,0.058823529411764705,16,19,1.1875
SOLEDAD DE G S,123301,SGRN 1233 MUE CITADINA,15,1,0.06666666666666667,16,19,1.1875
"MERIDA, YUCATAN",22901,,16,0,0,16,19,1.1875
"URUAPAN, MICH.",129501,URPN 1295 MUE CARDENAS,16,1,0.0625,16,19,1.1875
"MERIDA, YUCATAN",22901,MRDA 229 MUE 58 CENTRO,16,1,0.0625,16,19,1.1875
SOLEDAD DE G S,123301,,15,0,0,16,19,1.1875
"LA PAZ, BCS",21202,,27,3,0.1111111111111111,27,32,1.1851851851851851
AZCAPOTZALCO DF,134102,,10,3,0.3,11,13,1.1818181818181819
"TOLUCA, EDO MEX",765902,,12,0,0,11,13,1.1818181818181819
SAN NICOLAS N.L,119502,,10,3,0.3,11,13,1.1818181818181819
GUADALAJARA JAL,14402,,12,1,0.08333333333333333,11,13,1.1818181818181819
CUAJIMALPA D.F.,663302,CJMP 6633 ROP CENTRO SANTA FE,11,1,0.09090909090909091,11,13,1.1818181818181819
VILLAHERMOSA,18602,,11,2,0.18181818181818182,11,13,1.1818181818181819
"LINARES, N.L",28602,,11,2,0.18181818181818182,11,13,1.1818181818181819
AMEALCO DE BONFIL,766901,,11,0,0,11,13,1.1818181818181819
"HUIXQUILUCAN,EDO MEX",779502,HXLC 7795 ROP PALO SOLO,11,2,0.18181818181818182,11,13,1.1818181818181819
PONCITLAN,115802,PNTL 1158 ROP DONATO GUERRA,12,0,0,11,13,1.1818181818181819
"LINARES, N.L",28602,LNRS 286 ROP ESTACION,12,0,0,11,13,1.1818181818181819
VERACRUZ VER,650401,VRCZ 6504 MUE FLORESTA,11,0,0,11,13,1.1818181818181819
"SALTILLO, COAH.",41201,,10,1,0.1,11,13,1.1818181818181819
AGUASCALIENTES,778101,,11,0,0,11,13,1.1818181818181819
APETATITLAN DE ANTON,92201,,10,2,0.2,11,13,1.1818181818181819
TLAQUEPAQUE,105202,,12,1,0.08333333333333333,11,13,1.1818181818181819
CUAJIMALPA D.F.,663301,CJMP 6633 MUE CENTRO SANTA FE,11,1,0.09090909090909091,11,13,1.1818181818181819
GUSTAVO A MADERO DF,798202,,12,2,0.16666666666666666,11,13,1.1818181818181819
GUADALAJARA JAL,8201,GDLJ 82 MUE JUAREZ III,17,1,0.058823529411764705,17,20,1.1764705882352942
"TULTITLAN,EDO M",17401,TTLN 174 MUE SAN ANTONIO,10,3,0.3,12,14,1.1666666666666667
"HERMOSILLO, SON",776302,HLLO 7763 ROP CAMINO DE SERI,12,1,0.08333333333333333,12,14,1.1666666666666667
"COLIMA, COL.",5202,CLMA 52 ROP COLIMA,5,1,0.2,6,7,1.1666666666666667
"CD OBREGON, SON",652001,,13,1,0.07692307692307693,12,14,1.1666666666666667
"CD OBREGON, SON",652001,CDOB 1520 MUE SENDERO OBREGON,12,2,0.16666666666666666,12,14,1.1666666666666667
"PUEBLA, PUEBLA.",37302,PBLA 373 ROP BOSQUES,18,0,0,18,21,1.1666666666666667
"SILAO, GUANAJUA",772002,SLAO 7720 ROP PLAZA LA JOYA,14,2,0.14285714285714285,12,14,1.1666666666666667
"MORELIA, MICH.",4201,MORL 42 MUE CARDENAS,16,1,0.0625,18,21,1.1666666666666667
TLALNEPANTLA DE,658001,,12,0,0,12,14,1.1666666666666667
VILLAHERMOSA,59902,,7,0,0,6,7,1.1666666666666667
"MAGDALENA, JAL",130402,,6,0,0,6,7,1.1666666666666667
"SAYULA DE ALEMAN, VE",797002,#N/A,16,2,0.125,18,21,1.1666666666666667
"CD JUAREZ, CHIU",655101,,12,1,0.08333333333333333,12,14,1.1666666666666667
"MAGDALENA, JAL",130402,MGDL 1304 ROP RAMON CORONA,6,2,0.3333333333333333,6,7,1.1666666666666667
"PLAYA VICENTE, VER",128602,PLVT 1286 ROP LERDO,13,1,0.07692307692307693,12,14,1.1666666666666667
VILLAHERMOSA,59902,VLLH 599 -549 CANADA VIH,7,0,0,6,7,1.1666666666666667
GUADALAJARA JAL,8202,,15,0,0,18,21,1.1666666666666667
IZTAPALAPA D.F.,653302,,6,1,0.16666666666666666,6,7,1.1666666666666667
S ANDRES CHOLULA PUE,655802,,18,4,0.2222222222222222,19,22,1.1578947368421053
BOCA DEL RIO,794401,BRIO 7944 MUE PLAZA AMERICAS,13,2,0.15384615384615385,13,15,1.1538461538461537
"MEXICALI, BCN.",770101,,13,1,0.07692307692307693,13,15,1.1538461538461537
TEZIUTLAN,767601,,14,3,0.21428571428571427,13,15,1.1538461538461537
"ZAPOPAN, JAL.",139001,,12,3,0.25,13,15,1.1538461538461537
LOS REYES LAPAZ,17002,,14,1,0.07142857142857142,13,15,1.1538461538461537
"CD JUAREZ, CHIU",6801,CDJZ 68 MUE CD MODERNA,9,3,0.3333333333333333,13,15,1.1538461538461537
LOS REYES LAPAZ,17002,LPYP 170 ROP LOS REYES,14,2,0.14285714285714285,13,15,1.1538461538461537
"SILAO, GUANAJUA",772002,,14,1,0.07142857142857142,13,15,1.1538461538461537
"MAZATLAN, SIN.",1401,,13,1,0.07692307692307693,13,15,1.1538461538461537
BAHIA DE BANDERAS,135902,,21,3,0.14285714285714285,20,23,1.15
"CELAYA, GTO.",51802,,7,0,0,7,8,1.1428571428571428
CONTLA DE JUAN CUAMA,773902,CJCI 7739 ROP CUAMATZI,6,1,0.16666666666666666,7,8,1.1428571428571428
"LA PAZ, BCS",767802,LPAZ 7678 ROP VILLAS DEL ENCAN,7,0,0,7,8,1.1428571428571428
OAXACA OAXACA,780702,,15,1,0.06666666666666667,14,16,1.1428571428571428
"CELAYA, GTO.",51802,CLYA 518 -232 CANADA CEL,7,0,0,7,8,1.1428571428571428
OAXACA OAXACA,780702,OAXC 7807 ROP REFORMA,14,1,0.07142857142857142,14,16,1.1428571428571428
TECATE,20302,TCTE 203 ROP ENCINOS,27,2,0.07407407407407407,28,32,1.1428571428571428
TLAPA DE COMONFORT,662801,#N/A,15,2,0.13333333333333333,7,8,1.1428571428571428
"TIJUANA, BCN",67302,,7,2,0.2857142857142857,7,8,1.1428571428571428
"LEON, GTO.",24601,LEON 246 MUE PZA SATELITE,12,2,0.16666666666666666,14,16,1.1428571428571428
GUADALAJARA JAL,654802,,7,0,0,7,8,1.1428571428571428
GUADALAJARA JAL,95101,GDLJ AREA COMERCIAL,7,1,0.14285714285714285,7,8,1.1428571428571428
"MONTERREY, N.L.",149901,,7,2,0.2857142857142857,7,8,1.1428571428571428
"PAPALOTLA, TLX",777502,,16,0,0,14,16,1.1428571428571428
GUADALAJARA JAL,654802,GDLJ 1548 ROP RIO NILO,6,0,0,7,8,1.1428571428571428
"PUENTE DE IXTLA, MOR",110102,,14,1,0.07142857142857142,15,17,1.1333333333333333
GUSTAVO A MADERO DF,119001,GAMD 1190 MUE ATZACOALCOS,16,0,0,15,17,1.1333333333333333
GUSTAVO A MADERO DF,119001,,16,0,0,15,17,1.1333333333333333
"CELAYA, GTO.",40601,CLYA 406 MUE PARQUE CELAYA,15,0,0,15,17,1.1333333333333333
"CORTAZAR, GTO",21702,CRTZ 217 ROP JUAREZ,18,0,0,15,17,1.1333333333333333
SAN LUIS POTOSI,773801,,16,0,0,15,17,1.1333333333333333
"CD JUAREZ, CHIU",655102,CDJZ 6551 ROP PINOCELLI,14,2,0.14285714285714285,15,17,1.1333333333333333
"TULTITLAN,EDO M",87102,,15,1,0.06666666666666667,15,17,1.1333333333333333
CHIMALHUACAN EM,25501,,13,0,0,15,17,1.1333333333333333
APASEO EL GRANDE,100102,APSG 1001 ROP APASEO,16,1,0.0625,15,17,1.1333333333333333
MARTINEZ DE TOR,106202,MZDT 1062 ROP AVILA CAMACHO,23,3,0.13043478260869565,23,26,1.1304347826086956
"PUEBLA, PUEBLA.",664602,PBLA 6646 ROP PLAZA DORADA,14,0,0,16,18,1.125
"MERIDA, YUCATAN",43201,,17,0,0,16,18,1.125
"IXTAPALUCA, E.M",68302,IXTP 683 PLAZA SENDERO,7,1,0.14285714285714285,8,9,1.125
"IXTAPALUCA, E.M",68302,,7,0,0,8,9,1.125
"IRAPUATO, GTO.",26301,,17,1,0.058823529411764705,16,18,1.125
"GOMEZ PAL, DGO.",23602,,17,1,0.058823529411764705,16,18,1.125
TLAPA DE COMONFORT,662801,,14,1,0.07142857142857142,8,9,1.125
TEQUISQUIAPAN QRTO,38302,TQQP 383 ROP PEDREGAL,16,2,0.125,16,18,1.125
GUADALAJARA JAL,105001,,8,2,0.25,9,10,1.1111111111111112
ECATEPEC DE MOR,47601,,17,4,0.23529411764705882,18,20,1.1111111111111112
"TIJUANA, BCN",773702,,17,4,0.23529411764705882,18,20,1.1111111111111112
"PACHUCA,HIDALGO",19402,,19,0,0,18,20,1.1111111111111112
"TLAXCALA, TLAXC",43801,,19,0,0,19,21,1.105263157894737
"TLAXCALA, TLAXC",43801,TLXL 438 MUE ZITLALPOPOCATL,18,1,0.05555555555555555,19,21,1.105263157894737
"ENSENADA, BCN",672502,#N/A,19,3,0.15789473684210525,20,22,1.1
"QUERETARO, QRO.",134201,QRTO 1342 MUE UPTOWN JURIQUILL,12,0,0,10,11,1.1
TLAQUEPAQUE,100601,,11,2,0.18181818181818182,11,12,1.0909090909090908
TLAQUEPAQUE,654601,,10,1,0.1,11,12,1.0909090909090908
"MONTERREY, N.L.",101302,MTRY 1013 ROP CENTRIKA,10,1,0.1,11,12,1.0909090909090908
TLAQUEPAQUE,105202,TLQP 1052 ROP 8 DE JULIO,12,0,0,11,12,1.0909090909090908
"CIHUATLAN, JAL",32701,,12,0,0,11,12,1.0909090909090908
"DELICIAS, CHIU.",118401,DLCS 1184 MUE EL CHARRO,11,4,0.36363636363636365,11,12,1.0909090909090908
LOS REYES LAPAZ,124602,,10,1,0.1,11,12,1.0909090909090908
"DELICIAS, CHIU.",118401,,11,0,0,11,12,1.0909090909090908
OAXACA OAXACA,149001,OAXC 1490 MUE MADERO,11,1,0.09090909090909091,11,12,1.0909090909090908
STA CATARINA NL,782101,STCA 7821 MUE SENDERO STA CATA,11,1,0.09090909090909091,11,12,1.0909090909090908
STA CATARINA NL,782101,,12,1,0.08333333333333333,11,12,1.0909090909090908
TLAHUAC D.F.,139302,,11,2,0.18181818181818182,11,12,1.0909090909090908
"TIZAYUCA, HIDALGO",73302,,10,3,0.3,11,12,1.0909090909090908
CUAJIMALPA D.F.,663301,,10,1,0.1,11,12,1.0909090909090908
VERACRUZ VER,650401,,11,0,0,11,12,1.0909090909090908
"SALTILLO, COAH.",41201,SALT 412 MUE SENDERO,10,4,0.4,11,12,1.0909090909090908
GUADALAJARA JAL,14402,GDLJ 144 ROP ARBOLEDAS,11,2,0.18181818181818182,11,12,1.0909090909090908
BENITO JUAREZ QROO,763802,,21,2,0.09523809523809523,23,25,1.0869565217391304
"MEXICALI, BCN.",658301,,11,0,0,12,13,1.0833333333333333
"TODOS SANTOS, BCS",769502,,11,1,0.09090909090909091,12,13,1.0833333333333333
IZTAPALAPA D.F.,766002,,11,1,0.09090909090909091,12,13,1.0833333333333333
"TEAPA, TABASCO",42802,TEAP 428 ROP TRUJILLO,13,0,0,12,13,1.0833333333333333
"HERMOSILLO, SON",776302,,12,1,0.08333333333333333,12,13,1.0833333333333333
GUADALAJARA JAL,84601,GDLJ 846 MUE 8 DE JULIO,11,0,0,12,13,1.0833333333333333
"CD GUZMAN, JAL",32402,CDGZ 324 ROP MADERO,12,1,0.08333333333333333,12,13,1.0833333333333333
TEHUACAN PUEBLA,44801,TEHC 448 MUE REFORMA,24,2,0.08333333333333333,24,26,1.0833333333333333
TUXTLA GUTIERRE,766202,TXGT 7662 ROP PLAZA AMBAR TUXT,14,0,0,12,13,1.0833333333333333
BOCA DEL RIO,653601,BRIO 6536 MUE EJERCITO MEXICAN,11,5,0.45454545454545453,12,13,1.0833333333333333
"CD JUAREZ, CHIU",655101,CDJZ 6551 MUE PINOCELLI,10,5,0.5,12,13,1.0833333333333333
"MEXICALI, BCN.",658301,MXLI 1583 MUE VIDAURRI,11,2,0.18181818181818182,12,13,1.0833333333333333
"TIJUANA, BCN",789701,,8,4,0.5,12,13,1.0833333333333333
MIGUEL HGO D.F.,144802,MHGO 1448 ROP TACUBAYA,12,0,0,12,13,1.0833333333333333
CHIMALHUACAN EM,667102,,13,3,0.23076923076923078,12,13,1.0833333333333333
"LEON, GTO.",27801,LEON 278 MUE MARAVILLAS,11,2,0.18181818181818182,12,13,1.0833333333333333
GUADALAJARA JAL,665601,GDLJ 6656 MUE PLAZA ATEMAJAC,9,3,0.3333333333333333,12,13,1.0833333333333333
ECATEPEC DE MOR,20001,,12,2,0.16666666666666666,13,14,1.0769230769230769
VILLA ALBERTO ALVARA,138701,VINO 1387 MUE VIZCAINO,10,3,0.3,13,14,1.0769230769230769
"LA PAZ, BCS",21201,LPAZ 212 MUE FORJADORES,19,11,0.5789473684210527,26,28,1.0769230769230769
"ZAPOPAN, JAL.",139002,ZPPN 1390 ROP PLAZA AGORA,10,3,0.3,13,14,1.0769230769230769
TLAJOMULCO DE Z,134601,TLJM 1346 MUE JUAREZ,13,1,0.07692307692307693,13,14,1.0769230769230769
SAN FCO TOTIMEHUACAN,772501,SNFT 7725 MUE SAN FRANCISCO,13,0,0,13,14,1.0769230769230769
"MAZATLAN, SIN.",8102,,13,1,0.07692307692307693,13,14,1.0769230769230769
"MEXICALI, BCN.",770101,MXLI 7701 MUE SENDERO MEXICALI,13,2,0.15384615384615385,13,14,1.0769230769230769
"LA PAZ, BCS",21202,LPAZ 212 ROP FORJADORES,26,3,0.11538461538461539,27,29,1.0740740740740742
CUAJIMALPA D.F.,651702,,14,3,0.21428571428571427,14,15,1.0714285714285714
COACALCO DE BAR,18901,CCLC 189 MUE COACALCO,13,2,0.15384615384615385,14,15,1.0714285714285714
GUADALAJARA JAL,8602,,15,1,0.06666666666666667,14,15,1.0714285714285714
LOS REYES LAPAZ,142701,,14,1,0.07142857142857142,14,15,1.0714285714285714
"LEON, GTO.",11101,,15,4,0.26666666666666666,14,15,1.0714285714285714
LOS REYES LAPAZ,142701,LPYP 1427 MUE TEPOZAN,14,2,0.14285714285714285,14,15,1.0714285714285714
GUADALAJARA JAL,8602,GDLJ 86 ROP INDEPENDENCIA2,14,1,0.07142857142857142,14,15,1.0714285714285714
COACALCO DE BAR,18901,,13,0,0,14,15,1.0714285714285714
"QUERETARO, QRO.",23301,,15,1,0.06666666666666667,15,16,1.0666666666666667
"PUENTE DE IXTLA, MOR",110102,PTIX 1101 ROP FIGUEROA,15,3,0.2,15,16,1.0666666666666667
"JUCHITAN DE Z, OAXAC",125301,JCHZ 1253 MUE LA RIVIERA,16,2,0.125,15,16,1.0666666666666667
"PUEBLA, PUEBLA.",7102,PBLA 71 ROP BLVD NORTE,15,1,0.06666666666666667,15,16,1.0666666666666667
"CD JUAREZ, CHIU",655102,,14,1,0.07142857142857142,15,16,1.0666666666666667
"MONTERREY, N.L.",11601,,11,2,0.18181818181818182,15,16,1.0666666666666667
VILLAHERMOSA,19102,,17,2,0.11764705882352941,15,16,1.0666666666666667
"QUERETARO, QRO.",23301,QRTO 233 MUE CIMATARIO,15,0,0,15,16,1.0666666666666667
"CELAYA, GTO.",40601,,14,1,0.07142857142857142,15,16,1.0666666666666667
TLALNEPANTLA DE,19202,TLNP 192 ROP JUAREZ,16,1,0.0625,16,17,1.0625
"TULTITLAN,EDO M",87102,TTLN 871 ROP PLAZA JARDINES,16,2,0.125,16,17,1.0625
TLALNEPANTLA DE,19202,,16,2,0.125,16,17,1.0625
"CD JUAREZ, CHIU",6802,CDJZ 68 ROP CD MODERNA,15,1,0.06666666666666667,16,17,1.0625
"MINERAL DE LA R,HGO",785002,,12,1,0.08333333333333333,16,17,1.0625
"NAVOJOA, SON.",11901,NVJA 119 MUE GUERRERO II,15,2,0.13333333333333333,16,17,1.0625
CHIMALHUACAN EM,25501,CHCN 255 MUE GUADALUPE,11,4,0.36363636363636365,16,17,1.0625
"IRAPUATO, GTO.",26301,IRPT 263 MUE JACARANDAS,16,2,0.125,16,17,1.0625
"NAVOJOA, SON.",11901,,16,1,0.0625,16,17,1.0625
SAN MARTIN T. P,653901,SNMT 6539 MUE EL MOLINO,16,3,0.1875,17,18,1.0588235294117647
"COMONFORT, GTO",103601,,17,3,0.17647058823529413,17,18,1.0588235294117647
"TUXPAN,VERACRUZ",45201,TXPN 452 MUE PLAZA CRISTAL,17,1,0.058823529411764705,17,18,1.0588235294117647
"TUXPAN,VERACRUZ",45201,,17,1,0.058823529411764705,17,18,1.0588235294117647
"QUERETARO, QRO.",32801,,18,2,0.1111111111111111,18,19,1.0555555555555556
HUAMANTLA,49301,,43,8,0.18604651162790697,20,21,1.05
"SAYULA DE ALEMAN, VE",797002,,20,0,0,20,21,1.05
BAHIA DE BANDERAS,135902,BDBN 1359 ROP MEZCALES,20,1,0.05,20,21,1.05
"HERMOSILLO, SON",1610,HLLO 16 GTE ELIAS CALLES,1,0,0,1,1,1
LOS REYES LAPAZ,124602,LRYP 1246 ROP TIENDA UDIS,11,3,0.2727272727272727,11,11,1
"PALENQUE, CHIAPAS",673001,,15,2,0.13333333333333333,11,11,1
NEZAHUALCOYOTL,775710,NZTL 7757 GTE CHIMALHUACAN CIN,1,0,0,1,1,1
NICOLAS ROMERO E MEX,108010,NRMR 1080 GTE TOWN CENTER,1,1,1,1,1,1
"CD JUAREZ, CHIU",29210,,1,0,0,1,1,1
"LEON, GTO.",785302,,14,3,0.21428571428571427,13,13,1
"RIO GRANDE, ZACATECA",123710,,1,0,0,1,1,1
"UMAN, YUCATAN",126910,,1,0,0,1,1,1
"HERMOSILLO, SON",21110,,2,0,0,1,1,1
"TEPEACA, PUE",333301,TPCA ZONA,1,1,1,1,1,1
MONTEMORELOS,113402,MNTM 1134 ROP SIMON BOLIVAR,15,4,0.26666666666666666,15,15,1
PEDRO ESCOBEDO,673102,,19,2,0.10526315789473684,16,16,1
"XALAPA,VERACRUZ",108610,,1,0,0,1,1,1
"DURANGO, DGO.",659402,,0,0,0,4,4,1
SANTA ROSALIA,340701,,2,0,0,1,1,1
VERACRUZ VER,17710,VRCZ 177 GTE LOS PINOS,1,0,0,1,1,1
"QUERETARO, QRO.",99101,,11,0,0,11,11,1
IZTACALCO D.F,141510,,1,0,0,1,1,1
"TIJUANA, BCN",67302,TJNA 673 -820 CANADA TIJ,7,1,0.14285714285714285,7,7,1
"TECAMAC, EDO ME",136710,,1,0,0,1,1,1
DEL COYOACAN DF,782002,,15,3,0.2,15,15,1
OAXACA OAXACA,792101,OAXC 7921 MUE OAXACA,5,0,0,5,5,1
HUEHUETOCA,91201,,13,2,0.15384615384615385,15,15,1
"MEXICALI, BCN.",45710,MXLI 457 GTE GALERIAS,1,0,0,1,1,1
"IRAPUATO, GTO.",797810,,1,0,0,1,1,1
SAN LUIS POTOSI,796110,SNLP 7961 GTE SENDERO SAN LUIS,1,0,0,1,1,1
"CD JUAREZ, CHIU",30210,CDJZ GTE 302 PONCIANO ARR,1,1,1,1,1,1
"TECAMAC, EDO ME",314201,TCMC ZONA,0,0,0,1,1,1
"EL DORADO, SIN",18510,ELDR 185 GTE MATAMOROS,1,0,0,1,1,1
"TIJUANA, BCN",9710,TJNA 97 GTE LAS BRISAS,0,1,0,1,1,1
"SALTILLO, COAH.",5110,SALT 51 GTE ALDAMA,1,0,0,1,1,1
OAXACA OAXACA,20210,OAXC 202 GTE UNIVERSIDAD,2,0,0,1,1,1
OAXACA OAXACA,86410,OAXC 864 GTE PLAZA BELLA,0,1,0,1,1,1
"SANTIAGO TUXTLA, VER",118010,SNTX 1180 BAN REVOLUCION,1,0,0,1,1,1
OAXACA OAXACA,38510,OAXC 385 GTE SANTA ROSA,1,0,0,1,1,1
AZCAPOTZALCO DF,99402,,10,2,0.2,12,12,1
"CALPULALPAN, TLX",89810,,1,0,0,1,1,1
TEHUACAN PUEBLA,58902,,4,0,0,6,6,1
"ACAPULCO, GRO",338802,,1,0,0,1,1,1
ECATEPEC DE MOR,48010,ECTP 480 GTE PABELLON,1,0,0,1,1,1
GUADALAJARA JAL,105001,GDLJ 1050 MUE R MICHEL,8,2,0.25,9,9,1
AZCAPOTZALCO DF,99402,AZCP 994 ROP EL ROSARIO,11,2,0.18181818181818182,12,12,1
TUXTLA GUTIERRE,321703,TXGT ZONA III,1,0,0,1,1,1
GUTIERREZ ZAMORA,129002,,13,1,0.07692307692307693,12,12,1
"TULTITLAN,EDO M",672110,,2,0,0,1,1,1
VILLAHERMOSA,18602,VLLH 186 ROP SAN JOAQUIN,11,1,0.09090909090909091,12,12,1
EZEQUIEL MONTES,117310,,1,0,0,1,1,1
"TELOLOAPAN, GRO",336301,TLLP ZONA,2,0,0,1,1,1
SALINAS VICTORIA NL,136210,,0,1,0,1,1,1
"MAZATLAN, SIN.",1410,MZTN 14 GTE AZUETA,1,0,0,1,1,1
TLAJOMULCO DE Z,656810,,1,0,0,1,1,1
TEQUISQUIAPAN QRTO,38310,TQQP 383 GTE PEDREGAL,1,0,0,1,1,1
CUAUTITLAN IZCA,119810,CTLZ 1198 GTE 3 DE MAYO,1,0,0,1,1,1
"PESQUERIA, NL",771501,,13,1,0.07692307692307693,13,13,1
TAMAZUNCHALE,764102,TMZN 7641 ROP LA PARROQUIA,6,1,0.16666666666666666,7,7,1
IZTAPALAPA D.F.,338702,,1,0,0,1,1,1
"CD VICTORIA,TAM",113610,CDVC 1136 GTE HIDALGO,1,0,0,1,1,1
AGUASCALIENTES,32210,AGCS 322 GTE PLAZA VELARIA,1,0,0,1,1,1
VILLA ALBERTO ALVARA,300456,,3,0,0,3,3,1
"DURANGO, DGO.",659402,DRGO 1594 ROP 20 DE NOVIEMBRE,0,0,0,4,4,1
"CARDENAS, SLP",300660,,0,0,0,1,1,1
TEHUANTEPEC,338101,THTP ZONA,1,0,0,1,1,1
"IXTEPEC, OAXACA",334201,IXTE ZONA,2,1,0.5,2,2,1
IZTAPALAPA D.F.,121410,,1,0,0,1,1,1
"SALTILLO, COAH.",127010,,2,0,0,1,1,1
"ZACATECAS, ZAC",9210,ZCTS 92 GTE ZACATECAS,1,0,0,1,1,1
"TECAMAC, EDO ME",785801,TCMC 7858 MUE PASEOS DEL BOSQ,10,1,0.1,12,12,1
"LINARES, N.L",34610,,1,0,0,1,1,1
"CD JUAREZ, CHIU",6802,,16,0,0,16,16,1
"SALAMANCA, GTO",131410,SLMC 1314 GTE POWER TOWN,1,0,0,1,1,1
GENERAL ESCOBED,18810,,0,0,0,1,1,1
CUAUHTEMOC D.F.,140310,,2,0,0,2,2,1
"MONTERREY, N.L.",14810,,1,0,0,1,1,1
"LINARES, N.L",34610,LNRS 346 GTE HIDALGO,1,0,0,1,1,1
IZTAPALAPA D.F.,338702,IZTP ZONA IV,1,0,0,1,1,1
GUSTAVO A MADERO DF,789510,GAMD 7895 GTE PLAZA ATANA,0,0,0,1,1,1
SAN NICOLAS N.L,8701,,37,3,0.08108108108108109,20,20,1
COMITAN D D CHI,780810,,1,0,0,1,1,1
"PESQUERIA, NL",771501,PERI 7715 MUE VALLE STA MARIA,13,3,0.23076923076923078,13,13,1
"MERIDA, YUCATAN",28502,MRDA 285 ROP CONGRESO,12,4,0.3333333333333333,13,13,1
APASEO EL GRANDE,100110,,1,1,1,2,2,1
ECATEPEC DE MOR,45110,,1,0,0,1,1,1
"JUCHITAN DE Z, OAXAC",125301,,17,0,0,15,15,1
"CD VICTORIA,TAM",113610,,1,0,0,1,1,1
"TIJUANA, BCN",89601,TJNA 896 MUE PASEO 2000,16,1,0.0625,18,18,1
TLAQUEPAQUE,654601,TLQP 6546 MUE ALAMO,11,2,0.18181818181818182,11,11,1
"EL SALTO, JAL",348701,,1,0,0,1,1,1
"TEPEACA, PUE",126502,,7,3,0.42857142857142855,7,7,1
CUAUTITLAN RR,48810,CTLN 488 GTE PASEO LA JOYA,1,0,0,1,1,1
VERACRUZ VER,83510,,1,0,0,1,1,1
CUETZALAN DEL PROGRE,116110,CZDP 1161 GTE ALVARADO,1,0,0,1,1,1
APETATITLAN DE ANTON,92201,APAC 922 MUE PATIO TLAXCALA,11,1,0.09090909090909091,12,12,1
BENITO JUAREZ QROO,26802,,14,2,0.14285714285714285,14,14,1
"LA PIEDAD, MICH",661810,,0,0,0,1,1,1
TLAQUEPAQUE,109710,TLQP 1097 GTE LAS PINTAS,1,0,0,1,1,1
"XALAPA,VERACRUZ",300664,,2,1,0.5,3,3,1
GUADALAJARA JAL,95102,GDLJ AREA DE PRODUCCION,7,0,0,6,6,1
"ZAPOPAN, JAL.",61902,,7,1,0.14285714285714285,7,7,1
SAN PEDRO POCHUTLA,768410,SNPO 7684 GTE LOPEZ MATEOS,1,1,1,2,2,1
"TECAMAC, EDO ME",785802,,12,1,0.08333333333333333,12,12,1
SAN PEDRO POCHUTLA,335401,SNPO ZONA,1,0,0,1,1,1
"VALLE HERMOSO, TAM",327801,VLLM ZONA,2,0,0,1,1,1
"IRAPUATO, GTO.",129310,,1,0,0,1,1,1
IZTAPALAPA D.F.,140110,IZTP 1401 GTE TLAHUAC,1,0,0,1,1,1
"ACAPULCO, GRO",338802,ACPO ZONA IV,1,0,0,1,1,1
TLAQUEPAQUE,331404,,2,0,0,1,1,1
"EL SALTO, JAL",85210,,0,1,0,1,1,1
"CORTAZAR, GTO",311001,CRTZ ZONA,2,1,0.5,2,2,1
"CORTAZAR, GTO",21710,CRTZ 217 GTE JUAREZ,0,0,0,1,1,1
"LA PAZ, BCS",7910,,1,1,1,1,1,1
"TEPIC, NAY",324403,TPIC ZONA IV,0,0,0,1,1,1
IZTAPALAPA D.F.,31010,,1,0,0,1,1,1
AGUASCALIENTES,32210,,1,0,0,1,1,1
"PUEBLA, PUEBLA.",7110,PBLA 71 GTE BLVD NORTE,1,0,0,1,1,1
BOCA DEL RIO,771610,,1,0,0,1,1,1
NICOLAS ROMERO E MEX,49810,,2,0,0,2,2,1
GUADALAJARA JAL,95102,,7,0,0,6,6,1
GUADALAJARA JAL,29901,GDLJ 299 MUE TORRES BODET,10,0,0,10,10,1
LOS REYES LAPAZ,25401,,11,1,0.09090909090909091,12,12,1
"EL DORADO, SIN",18510,,1,0,0,1,1,1
AGUAPRIETA SON,313001,,1,1,1,2,2,1
IZTAPALAPA D.F.,653302,IZTP 1533 ROP PATIO LOMAS ESTR,6,1,0.16666666666666666,6,6,1
CULIACAN SIN.,329102,,0,0,0,2,2,1
"MERIDA, YUCATAN",31410,MRDA 314 GTE PLAZA FIESTA,1,0,0,1,1,1
"PLAYA VICENTE, VER",300625,,4,0,0,4,4,1
"LEON, GTO.",682301,#N/A,4,0,0,1,1,1
TUXTLA GUTIERRE,321703,,1,0,0,1,1,1
"TUXPAN, JALISCO",42410,,1,0,0,1,1,1
ZINAPECUARO,114110,ZCRO 1141 GTE CARDENAS,1,0,0,1,1,1
IZTAPALAPA D.F.,300266,,3,0,0,3,3,1
"ZAPOPAN, JAL.",139010,,1,0,0,1,1,1
"ZACAPU, MICHOAC",319701,,1,0,0,1,1,1
"MERIDA, YUCATAN",31410,,1,0,0,1,1,1
GUADALAJARA JAL,41902,GDLJ 419 ROP EL TINTERO,12,1,0.08333333333333333,12,12,1
"MAGDALENA, SON",340501,,1,0,0,1,1,1
"POZA RICA, VER.",87410,,1,0,0,1,1,1
"TECAMAC, EDO ME",314201,,0,0,0,1,1,1
"ORIZABA, VER.",653710,,1,0,0,1,1,1
"COATEPEC, VER",90201,,18,2,0.1111111111111111,18,18,1
CULIACAN SIN.,125210,,0,0,0,1,1,1
"MONTERREY, N.L.",24710,,0,1,0,1,1,1
"CORTAZAR, GTO",311001,,3,0,0,2,2,1
"QUERETARO, QRO.",786601,QRTO 7866 MUE PASEO QUERETARO,10,1,0.1,10,10,1
TEXCOCO EDO MEX,44202,,14,1,0.07142857142857142,13,13,1
"HERMOSILLO, SON",34701,,15,0,0,14,14,1
"SALTILLO, COAH.",301101,,2,0,0,3,3,1
NICOLAS ROMERO E MEX,49810,NRMR 498 GTE 16 DE SEPTIEMBRE,2,0,0,2,2,1
"JUVENTINO ROSAS, GTO",339401,JVER ZONA,1,0,0,1,1,1
"CD VICTORIA,TAM",89310,,1,0,0,1,1,1
V D SANTIAGO GT,25701,,14,1,0.07142857142857142,16,16,1
"QUERETARO, QRO.",99101,QRTO 991 MUE LA VICTORIA,11,0,0,11,11,1
TLALPAN D.F.,767210,TLPN 7672 GTE PABELLON CUEMANC,1,0,0,1,1,1
SAN JUAN D RIO,27902,,18,1,0.05555555555555555,19,19,1
VERACRUZ VER,137910,,1,0,0,1,1,1
"METEPEC,EDO D M",88710,,1,0,0,1,1,1
GUADALAJARA JAL,8410,GDLJ 84 GTE 16 DE SEPTIEMB,1,0,0,1,1,1
"POZA RICA, VER.",28210,,1,0,0,2,2,1
"GUASAVE, SIN.",101810,GSVE 1018 GTE BAMOA,1,0,0,1,1,1
"MADERA, CHIH",763302,,4,1,0.25,5,5,1
"TUXPAN, JALISCO",42410,TXPJ 424 GTE 20 DE NOVIEMBRE,1,0,0,1,1,1
VALLE DE CHALCO,773410,VCHA 7734 GTE INDEPENDENCIA,1,0,0,1,1,1
"MORELIA, MICH.",4201,,15,1,0.06666666666666667,18,18,1
SANTA LUCIA DEL CAMI,681901,#N/A,5,1,0.2,2,2,1
"RAMOS ARIZPE, COAH",330201,RMSA ZONA,1,0,0,1,1,1
"CD JUAREZ, CHIU",6810,CDJZ 68 GTE CD MODERNA,0,0,0,1,1,1
OCOTLAN DE MORELOS,68910,OCDM 689 GTE MATAMOROS,0,0,0,1,1,1
"SALTILLO, COAH.",127010,SALT 1270 GTE MIRASIERRA,1,0,0,1,1,1
"APAXCO, EDO DE MEX",122010,,0,1,0,1,1,1
"FRONTERA, COAH",88902,,14,2,0.14285714285714285,13,13,1
FELIPE CARRILLO PUER,792501,,5,0,0,5,5,1
TEHUACAN PUEBLA,58902,TEHC 589 -527 CANADA TEH,5,1,0.2,6,6,1
TEXCOCO EDO MEX,101701,,11,2,0.18181818181818182,13,13,1
"COSAMALOAPAN, VER",330701,CSMP ZONA,1,0,0,1,1,1
"AYOTLAN, JAL.",785101,AYTL 7851 MUE AYOTLAN,10,0,0,11,11,1
TLALNEPANTLA DE,658002,TLNP 6580 ROP MUNDO E,10,2,0.2,11,11,1
"HERMOSILLO, SON",21110,HLLO 211 GTE PROGRESO,1,0,0,1,1,1
"ASCENSION, CHIH",351001,ASON ZONA,0,1,0,2,2,1
TAPACHULA CHIAP,314601,,1,0,0,1,1,1
SAN ANTONIO DE LA CA,675502,,13,4,0.3076923076923077,4,4,1
"ZAPOPAN, JAL.",782210,,1,0,0,1,1,1
"CD JUAREZ, CHIU",302101,,1,0,0,1,1,1
"IXTEPEC, OAXACA",92610,IXTE 926 GTE MORELOS,1,0,0,1,1,1
"TOLUCA, EDO MEX",44610,TOLC 446 GTE ENRIQUEZ,1,0,0,1,1,1
"AYOTLAN, JAL.",785101,,11,0,0,11,11,1
GUADALAJARA JAL,84601,,12,1,0.08333333333333333,12,12,1
SAN LUIS POTOSI,764402,SNLP 7644 ROP EL DORADO,4,0,0,5,5,1
"CD VICTORIA,TAM",89310,CDVC 893 GTE MORELOS,1,0,0,1,1,1
"JIMENEZ, CHIH",112610,JMNZ 1126 GTE JUAREZ,0,0,0,1,1,1
"QUERETARO, QRO.",32801,QRTO 328 MUE PLAZA SENDERO,16,4,0.25,18,18,1
VILLAHERMOSA,12002,VLLH 120 ROP CARRIZAL,12,0,0,12,12,1
"TOLUCA, EDO MEX",44610,,1,0,0,1,1,1
"MAZATLAN, SIN.",100210,MZTN 1002 GTE LOS MANGOS,1,0,0,1,1,1
NEZAHUALCOYOTL,775710,,1,0,0,1,1,1
"CD MADERO, TAMA",127802,CDMD 1278 ROP MULTIPLAZA CD MA,1,0,0,5,5,1
"PUEBLA, PUEBLA.",37302,,17,1,0.058823529411764705,18,18,1
"LEON, GTO.",24610,LEON 246 GTE PZA SATELITE,1,0,0,1,1,1
TLAJOMULCO DE Z,134602,,12,2,0.16666666666666666,13,13,1
OAXACA OAXACA,36301,OAXC 363 MUE HIDALGO,17,3,0.17647058823529413,19,19,1
"ACAPULCO, GRO",40410,,1,0,0,1,1,1
GUADALAJARA JAL,84610,GDLJ 846 GTE 8 DE JULIO,1,0,0,1,1,1
CUAUTITLAN RR,48810,,1,0,0,1,1,1
"TECUALA, NAY",81010,TCLA 810 GTE HIDALGO,0,1,0,1,1,1
"MANZANILLO, COL",21510,,2,0,0,1,1,1
"IXTAPALUCA, E.M",114910,IXTP 1149 GTE TLALPIZAHUAC,1,0,0,1,1,1
"CAMARGO, CHI",300594,CMGO INVENTARIOS ZONA I,5,0,0,5,5,1
"ZAPOPAN, JAL.",61902,GDLJ 619 MERCADO BOLA,7,1,0.14285714285714285,7,7,1
CD DEL CARMEN,21310,,1,0,0,2,2,1
"HERMOSILLO, SON",1610,,1,0,0,1,1,1
"ENSENADA, BCN",11010,ENSD 110 GTE JUAREZ VI,1,0,0,5,5,1
"ZACATECAS, ZAC",9210,,1,0,0,1,1,1
"FRONTERA, TAB",300259,,2,0,0,2,2,1
"LA PAZ, BCS",86001,LPAZ 860 MUE OLACHEA,14,0,0,12,12,1
IZTAPALAPA D.F.,300266,IZTP INVENTARIOS ZONA II,3,0,0,3,3,1
"BANDERILLA, VER",62210,BDLL 622 GTE LIBERTAD,1,0,0,1,1,1
"LA PIEDAD, MICH",661810,LPDD 6618 GTE LAZARO CARDENAS,0,1,0,1,1,1
TLALNEPANTLA DE,661410,,1,0,0,1,1,1
"OJO CALIENTE, ZACATE",330501,OJCA ZONA,0,0,0,1,1,1
SANTIAGO PINOTEPA NA,339101,,3,1,0.3333333333333333,3,3,1
"VALLE HERMOSO, TAM",327801,,2,0,0,1,1,1
"EMILIANO ZAPATA, MOR",96910,EZPM 969 GTE CONSTITUCION,1,0,0,1,1,1
BOCA DEL RIO,778810,,1,0,0,1,1,1
"TLACOTEPEC, PUE",104702,,7,2,0.2857142857142857,8,8,1
"CHIHUAHUA, CHI",36102,CHUA 361 ROP PORTALES,9,3,0.3333333333333333,12,12,1
"IRAPUATO, GTO.",797810,IRPT 7978 GTE ARIA,1,0,0,1,1,1
NAUCALPAN EDO MEX,105610,,1,0,0,1,1,1
"SALTILLO, COAH.",301101,SALT ZONA,2,0,0,3,3,1
DEL COYOACAN DF,667510,CYCN 6675 GTE COPILCO,1,0,0,1,1,1
"LINARES, N.L",315701,LNRS ZONA,2,0,0,1,1,1
SAN PEDRO POCHUTLA,768410,,1,0,0,2,2,1
"TIZAYUCA, HIDALGO",327501,TZYC ZONA,1,0,0,1,1,1
OJINAGA,300593,OJNG INVENTARIOS ZONA I,4,0,0,5,5,1
"TIZAYUCA, HIDALGO",327501,,1,0,0,1,1,1
"ENSENADA, BCN",11010,,1,0,0,1,1,1
TLAHUAC D.F.,139310,TLHC 1393 GTE LA HABANA,1,0,0,1,1,1
BAHIAS DE HUATULCO,335501,,2,0,0,2,2,1
"XALAPA,VERACRUZ",314703,,1,0,0,1,1,1
"MAZATLAN, SIN.",112310,MZTN 1123 GTE COLOSIO,0,1,0,1,1,1
GUSTAVO A MADERO DF,789510,,0,0,0,1,1,1
"LA PAZ, BCS",86001,,14,0,0,12,12,1
"PASO DEL MACHO, VER",102210,,1,0,0,1,1,1
"TEPEACA, PUE",333301,,1,0,0,1,1,1
"NUEVO LAREDO, T",309702,,1,0,0,1,1,1
"MAZATLAN, SIN.",8102,MZTN 81 ROP AMERICAS,13,1,0.07692307692307693,13,13,1
"IXTEPEC, OAXACA",92610,,1,0,0,1,1,1
"RAMOS ARIZPE, COAH",330201,,1,0,0,1,1,1
"APODACA, N.L.",661010,APDC 6610 GTE PUEBLO NUEVO,1,0,0,1,1,1
"LEON, GTO.",111510,,1,0,0,1,1,1
IZTAPALAPA D.F.,121410,IZTP 1214 GTE ROJO GOMEZ,1,0,0,1,1,1
JIUTEPEC MORELO,31110,JUTP 311 GTE TEJALPA,1,1,1,2,2,1
"SANTIAGO TUXTLA, VER",118010,,1,0,0,1,1,1
CHIAUTLA DE TAPIA,125110,,1,0,0,1,1,1
"MAZATLAN, SIN.",1410,,1,0,0,1,1,1
"MAZATLAN, SIN.",69710,MZTN 697 GTE 13 DE ABRIL,1,0,0,1,1,1
CULIACAN SIN.,125210,CLCN 1252 GTE PLAZA SAN ISIDRO,0,0,0,1,1,1
ATIZAPAN DE ZAR,143910,,1,0,0,1,1,1
CUAUHTEMOC D.F.,140301,CTMC 1403 MUE PERALVILLO,13,2,0.15384615384615385,15,15,1
CHALCO EDO MEX,120210,CHLC 1202 GTE SOLIDARIDAD,1,0,0,1,1,1
TEXCOCO EDO MEX,44310,TXCC 443 GTE PLAZA SAN LORENZO,0,0,0,1,1,1
"OTUMBA, ESTADO DE ME",147010,,1,0,0,1,1,1
"SALTILLO, COAH.",650001,SALT 6500 MUE SENDERO,10,1,0.1,10,10,1
"CD JUAREZ, CHIU",302101,CDJZ ZONA I,1,0,0,1,1,1
TLACOLULA DE MATAMOR,357001,,2,0,0,1,1,1
ZINAPECUARO,114110,,1,0,0,1,1,1
GUADALAJARA JAL,665602,,9,3,0.3333333333333333,14,14,1
TEXCOCO EDO MEX,300669,,0,0,0,1,1,1
OAXACA OAXACA,20201,,17,4,0.23529411764705882,19,19,1
TAPACHULA CHIAP,314601,TPCH ZONA,1,0,0,1,1,1
CD DEL CARMEN,49510,,1,0,0,1,1,1
"VALLARTA, JAL.",356915,PVLL INVENTARIOS ZONA II,1,0,0,1,1,1
TLALNEPANTLA DE,763010,TLNP 7630 GTE AHUEHUETES,1,0,0,1,1,1
PUERTO ESCONDIDO,335301,,1,0,0,1,1,1
"LINARES, N.L",34602,LNRS 346 ROP HIDALGO,10,2,0.2,11,11,1
S PEDRO D L COL,320501,,2,0,0,2,2,1
"JEREZ, ZAC",136410,,1,0,0,1,1,1
SAN LUIS POTOSI,796110,,1,0,0,1,1,1
"PUEBLA, PUEBLA.",679801,,11,2,0.18181818181818182,3,3,1
"TEPIC, NAY",324403,,0,0,0,1,1,1
"APAN, HIDALGO",764010,,1,0,0,1,1,1
ECATEPEC DE MOR,143210,,1,1,1,2,2,1
"CD JUAREZ, CHIU",46710,CDJZ 467 GTE INDEPENDENCIA,1,0,0,1,1,1
"HUICHAPAN, HID",48510,,1,0,0,1,1,1
"CORTAZAR, GTO",21710,,0,0,0,1,1,1
"TLACOTEPEC, PUE",796310,,1,0,0,1,1,1
EZEQUIEL MONTES,117310,EZQM 1173 GTE PLAZA LAS FUENTE,1,0,0,1,1,1
"ASCENSION, CHIH",351001,,0,0,0,2,2,1
CHIAUTLA DE TAPIA,125110,CHTL 1251 GTE 5 DE MAYO,1,0,0,1,1,1
"HUICHAPAN, HID",48510,HCPN 485 GTE ROJO GOMEZ,1,0,0,1,1,1
"EMILIANO ZAPATA, MOR",96910,,1,0,0,1,1,1
"TACAMBARO, MICH",798401,,5,0,0,4,4,1
"LA PAZ, BCS",86010,,1,0,0,1,1,1
CUAUTITLAN IZCA,119810,,1,0,0,1,1,1
"FRONTERA, TAB",300259,FTRA INVENTARIOS ZONA I,2,0,0,2,2,1
ECATEPEC DE MOR,767702,,6,0,0,6,6,1
COMITAN D D CHI,780810,CMTN 7808 GTE PLAZA LAS FLORES,1,0,0,1,1,1
OAXACA OAXACA,38510,,1,0,0,1,1,1
GUADALAJARA JAL,138901,,10,1,0.1,11,11,1
"NUEVO LAREDO, T",309702,NLRD ZONA II,1,0,0,1,1,1
TEXCOCO EDO MEX,101701,TXCC 1017 MUE PATIO TEXCOCO,13,1,0.07692307692307693,13,13,1
BENITO JUAREZ QROO,763802,CNCN 7638 ROP ARCO NORTE,21,2,0.09523809523809523,23,23,1
OAXACA OAXACA,86410,,0,0,0,1,1,1
NAUCALPAN EDO MEX,105610,NCPN 1056 GTE SAN AGUSTIN,1,0,0,1,1,1
DEL COYOACAN DF,142910,CYCN 1429 GTE VILLA COAPA,0,1,0,1,1,1
"HERMOSILLO, SON",3210,HLLO 32 GTE SAHUARO,2,0,0,2,2,1
"LEON, GTO.",27801,,12,0,0,12,12,1
"TULTITLAN,EDO M",672110,#N/A,1,0,0,1,1,1
BOCA DEL RIO,771610,BRIO 7716 GTE URBAN CENTER,1,0,0,1,1,1
GUADALAJARA JAL,84610,,1,1,1,1,1,1
GENERAL ESCOBED,18810,GESC 188 GTE SENDERO NORTE,0,0,0,1,1,1
"HERMOSILLO, SON",776301,,11,1,0.09090909090909091,12,12,1
"MISANTLA, VER",93610,,1,0,0,2,2,1
SAN FCO TOTIMEHUACAN,772510,,1,0,0,1,1,1
GUADALAJARA JAL,8410,,1,0,0,1,1,1
"SALTILLO, COAH.",9501,SALT 95 MUE LOURDES,16,1,0.0625,15,15,1
SAN LUIS POTOSI,679201,,5,1,0.2,1,1,1
"COSAMALOAPAN, VER",330701,,1,0,0,1,1,1
CUAUHTEMOC D.F.,773010,,1,0,0,1,1,1
GUSTAVO A MADERO DF,119010,,1,1,1,1,1,1
"CHIHUAHUA, CHI",36110,CHUA 361 GTE PORTALES,1,0,0,1,1,1
"MAZATLAN, SIN.",69710,,1,0,0,1,1,1
"MORELIA, MICH.",52902,,6,0,0,6,6,1
"MONTERREY, N.L.",149901,MTRY 1499 MUE PATIO LINCOLN,7,0,0,6,6,1
OAXACA OAXACA,36310,,0,0,0,1,1,1
"TECUALA, NAY",81010,,1,0,0,1,1,1
"EL SALTO, JAL",348701,ELST ZONA,1,0,0,1,1,1
"QUERETARO, QRO.",134202,QRTO 1342 ROP UPTOWN JURIQUILL,12,1,0.08333333333333333,11,11,1
"XALAPA,VERACRUZ",314703,XLPA ZONA III,1,0,0,1,1,1
"SALTILLO, COAH.",5110,,1,0,0,1,1,1
MONTEMORELOS,344301,,1,0,0,1,1,1
"CD MADERO, TAMA",35310,CDMD 353 GTE MONTERREY,1,0,0,1,1,1
"MONTERREY, N.L.",11601,MTRY 116 MUE FUNDADORES,13,1,0.07692307692307693,15,15,1
"CHIHUAHUA, CHI",4710,CHUA 47 GTE LA SIERRA,0,1,0,1,1,1
"MONTERREY, N.L.",13401,,10,3,0.3,13,13,1
"SALTILLO, COAH.",3510,SALT 35 GTE CARRANZA,1,0,0,1,1,1
"PACHUCA,HIDALGO",765702,,11,2,0.18181818181818182,11,11,1
"TIJUANA, BCN",9710,,1,0,0,1,1,1
OJINAGA,300593,,4,0,0,5,5,1
CULIACAN SIN.,329102,CLCN ZONA VIII,0,1,0,2,2,1
"LOMA BONITA, OAXACA",88410,,1,0,0,1,1,1
ATIZAPAN DE ZAR,143910,ATZP 1439 GTE ATIZAPAN,1,0,0,1,1,1
"MERIDA, YUCATAN",28502,,13,0,0,13,13,1
"MAZATLAN, SIN.",112310,,1,0,0,1,1,1
"MAGDALENA, SON",340501,MGLA ZONA,1,0,0,1,1,1
"TLAXCALA, TLAXC",325001,,2,0,0,1,1,1
"TIJUANA, BCN",33810,,1,0,0,1,1,1
TEPOTZOTLAN,339801,,1,0,0,1,1,1
"CHIHUAHUA, CHI",4710,,1,0,0,1,1,1
"DELICIAS, CHIU.",4801,,12,3,0.25,12,12,1
"TLACOTEPEC, PUE",796310,#N/A,1,0,0,1,1,1
TECATE,309901,TCTE ZONA,3,0,0,1,1,1
GUSTAVO A MADERO DF,798202,GAMD 7982 ROP PARQUE TEPEYAC,11,1,0.09090909090909091,11,11,1
CD DEL CARMEN,21310,CDCN 213 GTE CARMEN,1,0,0,2,2,1
TLALNEPANTLA DE,763010,,1,0,0,1,1,1
"RAMOS ARIZPE, COAH",356946,,1,0,0,3,3,1
"CD JUAREZ, CHIU",47010,CDJZ 470 GTE SENDERO,0,1,0,1,1,1
BAHIAS DE HUATULCO,335501,BHTC ZONA,2,0,0,2,2,1
MONTEMORELOS,300210,MNTM INVENTARIOS ZONA I,1,0,0,1,1,1
"MONTERREY, N.L.",313701,MTRY ZONA VI,1,0,0,3,3,1
CD DEL CARMEN,49510,CDCN 495 GTE CALLE 41,1,0,0,1,1,1
"TORREON, COAH.",12710,,0,0,0,1,1,1
VILLAHERMOSA,28810,,1,0,0,1,1,1
OCOTLAN DE MORELOS,68910,,0,0,0,1,1,1
TLAJOMULCO DE Z,656810,TLJM 6568 GTE CONCEPCION,0,0,0,1,1,1
"TIJUANA, BCN",33810,TJNA 338 GTE LOMA BONITA,1,0,0,1,1,1
VERACRUZ VER,17701,VRCZ 177 MUE LOS PINOS,14,3,0.21428571428571427,14,14,1
CULIACAN SIN.,125201,,16,1,0.0625,15,15,1
CUAUHTEMOC D.F.,140402,#N/A,23,4,0.17391304347826086,23,23,1
"MORELIA, MICH.",52902,MORL 529 -255 CANADA MOR,6,0,0,6,6,1
TLAQUEPAQUE,109710,,1,0,0,1,1,1
"COSAMALOAPAN, VER",46510,,1,0,0,1,1,1
TLAQUEPAQUE,331404,TLQP ZONA IV,2,0,0,1,1,1
"MAZATLAN, SIN.",100210,,1,0,0,1,1,1
AZCAPOTZALCO DF,134110,,1,1,1,1,1,1
"LEON, GTO.",111510,LEON 1115 GTE SAN JUAN BOSCO,0,0,0,1,1,1
"PACHUCA,HIDALGO",40110,PCHC 401 GTE LAS VILLAS,1,0,0,1,1,1
SAN FCO TOTIMEHUACAN,772510,SNFT 7725 GTE SAN FRANCISCO,1,0,0,1,1,1
"CD JUAREZ, CHIU",46710,,1,0,0,1,1,1
"MAZATLAN, SIN.",1401,MZTN 14 MUE AZUETA,13,1,0.07692307692307693,14,14,1
"PLAYA VICENTE, VER",300625,PLVT INVENTARIOS ZONA I,4,0,0,4,4,1
SAN MARTIN T. P,73002,,9,2,0.2222222222222222,8,8,1
"LEON, GTO.",24610,,1,0,0,1,1,1
CUAUHTEMOC D.F.,773010,CTMC 7730 BAN LAZARO CARDENAS,1,0,0,1,1,1
"LORETO, BAJA CALIF S",351901,LRTO ZONA,1,0,0,1,1,1
FELIPE CARRILLO PUER,792501,FCPT 7925 MOT JUAREZ,5,0,0,5,5,1
"GUAYMAS, SONORA",4601,GYMS 46 MUE VIGIA,18,1,0.05555555555555555,17,17,1
"SALTILLO, COAH.",69302,SALT 693 PLAZA REAL,5,1,0.2,6,6,1
"DURANGO, DGO.",126810,DRGO 1268 GTE COLOSIO,0,1,0,1,1,1
"TECAMAC, EDO ME",785801,,11,0,0,11,11,1
SAN JUAN SABINA,34310,NVAR 343 GTE LOPEZ MATEOS,1,0,0,1,1,1
GUTIERREZ ZAMORA,129010,GTZM 1290 GTE ZAMORA,1,0,0,1,1,1
TEHUACAN PUEBLA,309201,,1,0,0,1,1,1
TLAQUEPAQUE,109702,,12,2,0.16666666666666666,11,11,1
GUADALAJARA JAL,8210,GDLJ 82 GTE JUAREZ III,1,0,0,1,1,1
ATIZAPAN DE ZAR,85810,,1,0,0,1,1,1
"COMONFORT, GTO",339901,CMNF ZONA,1,0,0,1,1,1
"TLAXCOAPAN, HIDALGO",332801,TLXP ZONA,1,0,0,1,1,1
VERACRUZ VER,137910,VRCZ 1379 GTE RIO MEDIO,1,1,1,1,1,1
COACALCO DE BAR,18910,,1,0,0,1,1,1
TLACOLULA DE MATAMOR,357001,TLCM ZONA,2,0,0,1,1,1
TEXCOCO EDO MEX,44202,TXCC 442 ROP LA PUERTA,14,2,0.14285714285714285,12,12,1
NICOLAS ROMERO E MEX,108010,,1,0,0,1,1,1
AMEALCO DE BONFIL,766902,,12,0,0,12,12,1
"MERIDA, YUCATAN",300460,,2,0,0,3,3,1
ATIZAPAN DE ZAR,85810,ATZP 858 GTE CENTRAL,1,0,0,1,1,1
SOLEDAD DE G S,28910,,2,0,0,2,2,1
"COCULA, JALISCO",657810,CCLA 6578 GTE COCULA,1,0,0,1,1,1
"NARANJOS, VER",107310,NRJS 1073 GTE JUSTO SIERRA,1,0,0,1,1,1
"ZACAPU, MICHOAC",319701,ZCPU ZONA,0,1,0,1,1,1
"IRAPUATO, GTO.",321601,,2,0,0,3,3,1
"TACAMBARO, MICH",798401,#N/A,5,0,0,4,4,1
"CUITLAHUAC, VER",345001,CUIT ZONA,1,0,0,1,1,1
"CD GUZMAN, JAL",300519,,1,0,0,1,1,1
"HERMOSILLO, SON",776301,HLLO 7763 MUE CAMINO DE SERI,12,0,0,12,12,1
"IXTEPEC, OAXACA",334201,,3,0,0,2,2,1
"MONTERREY, N.L.",14810,MTRY 148 GTE PLAZA LINCON,1,0,0,1,1,1
"OJO CALIENTE, ZACATE",330501,,0,0,0,1,1,1
GUTIERREZ ZAMORA,129002,GTZM 1290 ROP ZAMORA,13,2,0.15384615384615385,12,12,1
TECATE,20310,,1,1,1,1,1,1
"SALAMANCA, GTO",131410,,1,0,0,1,1,1
AMEALCO DE BONFIL,766902,AMEO 7669 ROP CONSTITUYENTES,12,2,0.16666666666666666,12,12,1
"MONCLOVA, COAH.",16310,MNCV 163 GTE HUEMAC,1,0,0,1,1,1
"CUITLAHUAC, VER",345001,,1,0,0,1,1,1
"MANZANILLO, COL",21510,MZLL 215 GTE MADRID,2,0,0,1,1,1
OAXACA OAXACA,59202,,9,2,0.2222222222222222,10,10,1
ECATEPEC DE MOR,48010,,1,0,0,1,1,1
"COMALCALCO, TAB",32902,,15,4,0.26666666666666666,12,12,1
TEPOTZOTLAN,339801,TPZT ZONA,1,0,0,1,1,1
CUAUTITLAN IZCA,40810,,1,0,0,1,1,1
"TIJUANA, BCN",139501,,15,1,0.06666666666666667,16,16,1
MONTEMORELOS,344301,MNTM ZONA,1,0,0,1,1,1
"MEXICALI, BCN.",45710,,1,0,0,1,1,1
GUADALAJARA JAL,8201,,17,0,0,17,17,1
SANTA ROSALIA,340701,STAR ZONA,1,0,0,1,1,1
"ZAPOPAN, JAL.",139010,ZPPN 1390 GTE PLAZA AGORA,1,0,0,1,1,1
"TOLUCA, EDO MEX",326901,TOLC ZONA IV,1,0,0,1,1,1
"CD GUZMAN, JAL",312802,,0,1,0,1,1,1
"XALAPA,VERACRUZ",137110,,1,0,0,1,1,1
"CD JUAREZ, CHIU",47010,,2,0,0,1,1,1
OAXACA OAXACA,36310,OAXC 363 GTE HIDALGO,0,0,0,1,1,1
"IRAPUATO, GTO.",321601,IRPT ZONA II,2,0,0,3,3,1
VILLAHERMOSA,19110,,2,1,0.5,2,2,1
"MISANTLA, VER",93610,MSNT 936 GTE COMONFORT,1,2,2,2,2,1
"MONTERREY, N.L.",101302,,10,0,0,11,11,1
"CD MENDOZA, VERACRUZ",91302,CDMZ 913 ROP HIDALGO,17,5,0.29411764705882354,18,18,1
"ZAPOPAN, JAL.",782210,ZPPN 7822 GTE LA PERLA,1,0,0,1,1,1
"TIJUANA, BCN",667402,,12,2,0.16666666666666666,12,12,1
"APODACA, N.L.",661010,,1,0,0,1,1,1
"IRAPUATO, GTO.",129310,IRPT 1293 GTE PLAZA SAN ROQUE,1,0,0,1,1,1
"GUASAVE, SIN.",101810,,1,0,0,1,1,1
"CALPULALPAN, TLX",89801,CLPN 898 MUE MOTOLINIA,13,2,0.15384615384615385,14,14,1
"PACHUCA,HIDALGO",40110,,1,0,0,1,1,1
"JIMENEZ, CHIH",112610,,1,0,0,1,1,1
"IXTAPALUCA, E.M",114910,,1,0,0,1,1,1
"TLAXCALA, TLAXC",325001,TLXL ZONA,2,0,0,1,1,1
"FRONTERA, COAH",88902,FNTR 889 ROP FRONTERA,14,1,0.07142857142857142,13,13,1
"VILLAFLORES, CHIAPAS",766802,,6,0,0,5,5,1
DEL COYOACAN DF,142910,,1,0,0,1,1,1
ECATEPEC DE MOR,767702,ECTP 7677 ROP PLAZA ECATEPEC,6,0,0,6,6,1
"PARRAL, CHIHUAH",14910,PRRL 149 GTE 20 DE NOVIEMBRE,1,0,0,2,2,1
IZTAPALAPA D.F.,766002,IZTP 7660 ROP FM PLAZA CENTRAL,12,2,0.16666666666666666,12,12,1
MONTEMORELOS,113402,,14,1,0.07142857142857142,15,15,1
"SALTILLO, COAH.",658902,,11,0,0,10,10,1
"TEPIC, NAY",2510,,1,1,1,2,2,1
LOS REYES LAPAZ,25401,LPYP 254 MUE LA PAZ,12,1,0.08333333333333333,13,13,1
"CD JUAREZ, CHIU",30210,,1,0,0,1,1,1
"ISLA, VERACRUZ",300621,,2,0,0,3,3,1
"VILLAFLORES, CHIAPAS",766802,VLLF 7668 ROP PLAZA FLORES,5,0,0,5,5,1
"GOMEZ PAL, DGO.",302502,GPLC ZONA II,2,0,0,3,3,1
BOCA DEL RIO,778810,BRIO 7788 GTE PLAZA EL DORADO,1,0,0,1,1,1
"REYNOSA, TAM.",96710,RYNS 967 GTE CITADINA,2,0,0,2,2,1
"DURANGO, DGO.",677302,#N/A,14,3,0.21428571428571427,3,3,1
"VALLARTA, JAL.",356915,,1,0,0,1,1,1
"SALTILLO, COAH.",3510,,1,0,0,1,1,1
SAN PEDRO POCHUTLA,335401,,1,0,0,1,1,1
CUAUHTEMOC D.F.,98310,CTMC 983 GTE BUENAVISTA,1,0,0,1,1,1
COACALCO DE BAR,18910,CCLC 189 GTE COACALCO,1,0,0,1,1,1
IZTACALCO D.F,141501,IZTC 1415 MUE PERIFERICO OTE,11,0,0,11,11,1
TLALNEPANTLA DE,658002,,12,0,0,11,11,1
JIUTEPEC MORELO,31110,,2,0,0,2,2,1
"CD JUAREZ, CHIU",6810,,0,0,0,1,1,1
IZUCAR DE MAT P,300291,,3,0,0,3,3,1
TUXTLA GUTIERRE,766202,,14,0,0,13,13,1
"RAMOS ARIZPE, COAH",356946,RMSA INVENTARIOS ZONA I,2,0,0,3,3,1
TEXCOCO EDO MEX,44310,,1,0,0,1,1,1
CHIGNAHUAPAN,124910,CHGP 1249 GTE HIDALGO,0,0,0,1,1,1
RINCON DE ROMOS,343901,RNCN ZONA,2,0,0,1,1,1
"LEON, GTO.",651910,LEON 6519 GTE DELTA,0,0,0,1,1,1
"TORREON, COAH.",12710,TRRN 127 GTE MUZQUIZ,0,0,0,1,1,1
HUAMANTLA,331601,HMTL ZONA,4,0,0,1,1,1
TEZONTEPEC DE ALDAMA,659710,VITE 6597 GTE TEZONTEPEC,0,0,0,1,1,1
TECATE,20302,,27,3,0.1111111111111111,28,28,1
SANTA LUCIA DEL CAMI,681901,,5,0,0,2,2,1
MIGUEL HGO D.F.,144810,,1,0,0,1,1,1
"SALTILLO, COAH.",658902,SALT 1589 ROP PORTALES,11,0,0,10,10,1
MIGUEL HGO D.F.,144810,MHGO 1448 GTE TACUBAYA,0,0,0,1,1,1
"REYNOSA, TAM.",96710,,2,0,0,2,2,1
"MERIDA, YUCATAN",19610,,1,0,0,1,1,1
IZTACALCO D.F,141510,IZTC 1415 GTE PERIFERICO OTE,1,0,0,1,1,1
"ZACATELCO, TLAXCACA",341701,,1,0,0,1,1,1
CHALCO EDO MEX,120210,,1,0,0,1,1,1
"MERIDA, YUCATAN",19610,MRDA 196 GTE PLAZA DORADA,1,0,0,1,1,1
"SAN BUENAVENTURA, CH",760801,,10,3,0.3,11,11,1
"LORETO, BAJA CALIF S",351901,,1,0,0,1,1,1
"GUASAVE, SIN.",810,GSVE 8 GTE CARRASCO,2,0,0,1,1,1
"CD MADERO, TAMA",35310,,1,0,0,1,1,1
TLALPAN D.F.,767210,,1,0,0,1,1,1
SAN JUAN D RIO,27902,SNJR 279 ROP MOCTEZUMA,19,2,0.10526315789473684,19,19,1
COATZACOALCOS,122401,,10,2,0.2,10,10,1
"TODOS SANTOS, BCS",769502,TSOS 7695 ROP TODOS SANTOS,10,1,0.1,12,12,1
CUAUHTEMOC D.F.,131502,,8,1,0.125,7,7,1
"JEREZ, ZAC",136410,JEGS 1364 GTE SUAVE PATRIA,1,0,0,1,1,1
"CD GUZMAN, JAL",300519,CDGZ INVENTARIOS ZONA II,1,0,0,1,1,1
"LA PAZ, BCS",86010,LPAZ 860 GTE OLACHEA,1,1,1,1,1,1
"OTUMBA, ESTADO DE ME",147010,OTBA 1470 GTE MONTAÑO,1,0,0,1,1,1
ECATEPEC DE MOR,45110,ECTP 451 GTE RECURSOS,1,0,0,1,1,1
IZTAPALAPA D.F.,140110,,1,0,0,1,1,1
TEXCOCO EDO MEX,300669,TXCC INVENTARIOS ZONA II,0,0,0,1,1,1
"GUASAVE, SIN.",810,,2,0,0,1,1,1
"CD MADERO, TAMA",127802,,0,0,0,4,4,1
"DURANGO, DGO.",126810,,1,0,0,1,1,1
ACOLMAN,779710,ACLM 7797 GTE REAL DEL VALLE,1,0,0,1,1,1
SAN JUAN SABINA,34310,,0,0,0,1,1,1
"JUVENTINO ROSAS, GTO",339401,,1,0,0,1,1,1
"CHIHUAHUA, CHI",36110,,0,0,0,1,1,1
"ALLENDE, N L",300209,ALLD INVENTARIOS ZONA I,2,0,0,2,2,1
"MONCLOVA, COAH.",16310,,1,0,0,1,1,1
VILLAHERMOSA,28810,VLLH 288 GTE JUAREZ,1,0,0,1,1,1
"SONOYTA, SON",133210,SNYA 1332 GTE LAS AMERICAS,1,0,0,1,1,1
GUADALAJARA JAL,326404,,3,1,0.3333333333333333,5,5,1
S PEDRO D L COL,320501,SNPD ZONA,2,0,0,2,2,1
GUADALUPE VICTORIA,136610,,1,0,0,1,1,1
TLAHUAC D.F.,139310,,1,0,0,1,1,1
"ISLA, VERACRUZ",300621,ISLA INVENTARIOS ZONA I,2,0,0,3,3,1
GUTIERREZ ZAMORA,129010,,0,0,0,1,1,1
CUAUHTEMOC D.F.,98310,,1,0,0,1,1,1
"BANDERILLA, VER",62210,,1,0,0,1,1,1
"APAN, HIDALGO",764010,APAN 7640 GTE ZARAGOZA,1,0,0,1,1,1
"ZAPOPAN, JAL.",139002,,12,0,0,13,13,1
TEHUANTEPEC,338101,,1,0,0,1,1,1
"MONTERREY, N.L.",313701,,1,0,0,3,3,1
CHIGNAHUAPAN,124910,,0,0,0,1,1,1
SOLEDAD DE G S,28910,SGRN 289 GTE LOS PINOS,2,0,0,2,2,1
MIGUEL HGO D.F.,54302,,5,0,0,5,5,1
"PUEBLA, PUEBLA.",7110,,1,0,0,1,1,1
VALLE DE CHALCO,773410,,1,0,0,1,1,1
"PUERTO PROGRESO, YUC",106402,PTPG 1064 ROP PROGRESO,8,3,0.375,9,9,1
"CATEMACO, VERACRUZ",104610,CTMO 1046 GTE VENUSTIANO CARRA,1,1,1,2,2,1
RINCON DE ROMOS,343901,,2,0,0,1,1,1
"MINATITLAN, VER",37802,,27,1,0.037037037037037035,27,26,0.9629629629629629
CUAUHTEMOC D.F.,140402,,23,1,0.043478260869565216,25,24,0.96
"POZA RICA, VER.",28201,PZRC 282 MUE CARDENAS,22,2,0.09090909090909091,24,23,0.9583333333333334
VERACRUZ VER,657001,VRCZ 6570 MUE PLAZA MANGOS,22,2,0.09090909090909091,22,21,0.9545454545454546
VERACRUZ VER,657001,,23,0,0,22,21,0.9545454545454546
VERACRUZ VER,16001,VRCZ 160 MUE HIDALGO,20,3,0.15,21,20,0.9523809523809523
"MONTERREY, N.L.",14801,MTRY 148 MUE PLAZA LINCON,18,3,0.16666666666666666,20,19,0.95
VERACRUZ VER,16001,,20,0,0,20,19,0.95
ECATEPEC DE MOR,143202,ECTP 1432 ROP ARAGON,20,4,0.2,20,19,0.95
COATZACOALCOS,16802,,19,2,0.10526315789473684,19,18,0.9473684210526315
"TULA, HIDALGO",26701,TULA 267 MUE PZA TULA,18,0,0,19,18,0.9473684210526315
S ANDRES CHOLULA PUE,655802,CHLA 6558 ROP 5 SUR,18,2,0.1111111111111111,19,18,0.9473684210526315
"TULANCINGO, HGO",29302,,18,1,0.05555555555555555,19,18,0.9473684210526315
"CD JUAREZ, CHIU",26002,CDJZ 260 ROP TORRES D SUR,17,0,0,19,18,0.9473684210526315
LAZARO CARDENAS,13301,,20,1,0.05,19,18,0.9473684210526315
CABO SAN LUCAS,110702,CSCL 1107 ROP CARIBE,21,2,0.09523809523809523,19,18,0.9473684210526315
"CD JUAREZ, CHIU",26002,,17,2,0.11764705882352941,19,18,0.9473684210526315
BENITO JUAREZ QROO,92101,,17,0,0,18,17,0.9444444444444444
OAXACA OAXACA,36301,,18,0,0,18,17,0.9444444444444444
"TIJUANA, BCN",89601,,17,0,0,18,17,0.9444444444444444
"JUAREZ, NUEVO LEON",45602,JREZ 456 ROP SUN MOL VIP,17,4,0.23529411764705882,18,17,0.9444444444444444
"COATEPEC, VER",90201,COTP 902 MUE JUAN SOTO,18,2,0.1111111111111111,18,17,0.9444444444444444
BENITO JUAREZ QROO,92101,CNCN 921 MUE AMERICAS I,16,3,0.1875,18,17,0.9444444444444444
"TIJUANA, BCN",139501,TJNA 1395 MUE SENDERO 2000,15,2,0.13333333333333333,17,16,0.9411764705882353
"MANZANILLO, COL",21501,MZLL 215 MUE MADRID,19,1,0.05263157894736842,17,16,0.9411764705882353
SOLEDAD DE G S,123302,,17,1,0.058823529411764705,17,16,0.9411764705882353
CHALCO EDO MEX,40902,,18,2,0.1111111111111111,17,16,0.9411764705882353
"GUAYMAS, SONORA",4601,,18,0,0,17,16,0.9411764705882353
"ENSENADA, BCN",672501,,16,0,0,17,16,0.9411764705882353
SOLEDAD DE G S,123302,SGRN 1233 ROP CITADINA,17,2,0.11764705882352941,17,16,0.9411764705882353
"MINERAL DE LA R,HGO",785002,MNRL 7850 ROP LA PROVIDENCIA,12,2,0.16666666666666666,17,16,0.9411764705882353
"PUEBLA, PUEBLA.",42601,PBLA 426 MUE MARGARITAS,18,2,0.1111111111111111,16,15,0.9375
ASUNCION NOCHIXTLAN,104301,ANTN 1043 MUE PORFIRIO DIAZ,15,1,0.06666666666666667,16,15,0.9375
V D SANTIAGO GT,25701,VDSN 257 MUE ARTEAGA,15,2,0.13333333333333333,16,15,0.9375
"SALTILLO, COAH.",41202,,15,3,0.2,16,15,0.9375
"TIJUANA, BCN",662502,,15,5,0.3333333333333333,16,15,0.9375
"LIBRES, PUEBLA",90401,,16,0,0,16,15,0.9375
ASUNCION NOCHIXTLAN,104301,,16,0,0,16,15,0.9375
"LIBRES, PUEBLA",90401,LBRS 904 MUE PLAZA LIBRES,16,0,0,16,15,0.9375
CUAUHTEMOC D.F.,140401,#N/A,18,0,0,16,15,0.9375
"MANZANILLO, COL",663002,,11,1,0.09090909090909091,15,14,0.9333333333333333
CULIACAN SIN.,125201,CLCN 1252 MUE PLAZA SAN ISIDRO,14,3,0.21428571428571427,15,14,0.9333333333333333
TIERRA BLANCA,90002,TBCA 900 ROP JUAREZ,16,2,0.125,15,14,0.9333333333333333
TIERRA BLANCA,90002,,17,1,0.058823529411764705,15,14,0.9333333333333333
SAN NICOLAS N.L,788902,,15,3,0.2,15,14,0.9333333333333333
"MORELIA, MICH.",7001,,14,3,0.21428571428571427,15,14,0.9333333333333333
"GUAYMAS, SONORA",2201,,16,1,0.0625,15,14,0.9333333333333333
"MEXICALI, BCN.",2001,MXLI 20 MUE CACHANILLA 1,12,1,0.08333333333333333,15,14,0.9333333333333333
"SALAMANCA, GTO",101002,,15,0,0,15,14,0.9333333333333333
CUAUHTEMOC D.F.,140301,,13,1,0.07692307692307693,15,14,0.9333333333333333
"ACAMBARO, GTO",23202,,15,4,0.26666666666666666,15,14,0.9333333333333333
"SALAMANCA, GTO",101002,SLMC 1010 ROP CONSTELACION,15,1,0.06666666666666667,15,14,0.9333333333333333
VILLAHERMOSA,19102,VLLH 191 ROP SENDERO,17,0,0,15,14,0.9333333333333333
PEDRO ESCOBEDO,673102,#N/A,19,1,0.05263157894736842,15,14,0.9333333333333333
"OCOTLAN, JAL",87901,OCTL 879 MUE INDEPENDENCIA,14,0,0,15,14,0.9333333333333333
"TECAMAC, EDO ME",47201,TCMC 472 MUE CHAPULTEPEC,15,1,0.06666666666666667,14,13,0.9285714285714286
CHAMPOTON CAMPECHE,113902,,16,1,0.0625,14,13,0.9285714285714286
"LEON, GTO.",11201,LEON 112 MUE OBREGON V,15,4,0.26666666666666666,14,13,0.9285714285714286
OLUTA VER,122502,OLTA 1225 ROP LA FLORIDA,14,2,0.14285714285714285,14,13,0.9285714285714286
CUAJIMALPA D.F.,651702,CJMP 1517 ROP CASTORENA,14,0,0,14,13,0.9285714285714286
AZCAPOTZALCO DF,99401,,12,2,0.16666666666666666,14,13,0.9285714285714286
OLUTA VER,122502,,13,1,0.07692307692307693,14,13,0.9285714285714286
"LEON, GTO.",24601,,13,0,0,14,13,0.9285714285714286
"TORREON, COAH.",12802,,14,0,0,14,13,0.9285714285714286
MEDELLIN,110302,MDEN 1103 ROP EL TEJAR,14,1,0.07142857142857142,14,13,0.9285714285714286
TLALNEPANTLA DE,110001,TLNP 1100 MUE RIO DE LOS REME,12,1,0.08333333333333333,14,13,0.9285714285714286
"MEXICALI, BCN.",2001,,12,0,0,14,13,0.9285714285714286
"NOGALES, SONORA",775902,NGLS 7759 ROP SAN ANTONIO II,14,1,0.07142857142857142,14,13,0.9285714285714286
OAXACA OAXACA,780701,,16,3,0.1875,14,13,0.9285714285714286
STA CATARINA NL,8801,,12,2,0.16666666666666666,14,13,0.9285714285714286
STA CATARINA NL,8801,STCA 88 MUE SCT LA FAMA,14,0,0,14,13,0.9285714285714286
VILLAGRAN,80101,,13,2,0.15384615384615385,14,13,0.9285714285714286
"LEON, GTO.",11201,,15,0,0,14,13,0.9285714285714286
COACALCO DE BAR,661201,,14,1,0.07142857142857142,14,13,0.9285714285714286
BENITO JUAREZ QROO,26802,CNCN 268 ROP TULUM,15,2,0.13333333333333333,14,13,0.9285714285714286
"MINERAL DE LA R,HGO",785001,MNRL 7850 MUE LA PROVIDENCIA,12,0,0,14,13,0.9285714285714286
"TEPEJI D RIO D O,HGO",44502,TPJI 445 ROP REVOLUCION,15,1,0.06666666666666667,14,13,0.9285714285714286
TAPACHULA CHIAP,797601,,12,1,0.08333333333333333,14,13,0.9285714285714286
"MINATITLAN, VER",37802,MNTN 378 ROP INSURGENTES CHEDA,28,6,0.21428571428571427,27,25,0.9259259259259259
AGUASCALIENTES,3802,,14,2,0.14285714285714285,13,12,0.9230769230769231
TEZIUTLAN,767601,TZTL 7676 MUE PLAZA EDEN,14,4,0.2857142857142857,13,12,0.9230769230769231
CHALCO EDO MEX,120201,,13,2,0.15384615384615385,13,12,0.9230769230769231
CHALCO EDO MEX,36401,,13,3,0.23076923076923078,13,12,0.9230769230769231
TEXCOCO EDO MEX,44301,TXCC 443 MUE PLAZA SAN LORENZO,13,1,0.07692307692307693,13,12,0.9230769230769231
SAN FCO TOTIMEHUACAN,772501,,13,0,0,13,12,0.9230769230769231
"PUREPERO, MICH",782701,,11,0,0,13,12,0.9230769230769231
CULIACAN SIN.,1301,,12,2,0.16666666666666666,13,12,0.9230769230769231
TLAJOMULCO DE Z,134602,TLJM 1346 ROP JUAREZ,11,4,0.36363636363636365,13,12,0.9230769230769231
TLAJOMULCO DE Z,134601,,13,0,0,13,12,0.9230769230769231
VERACRUZ VER,43901,VRCZ 439 MUE ALLENDE,10,1,0.1,13,12,0.9230769230769231
AGUASCALIENTES,3802,AGCS 38 ROP PATRIA,14,0,0,13,12,0.9230769230769231
"CHIHUAHUA, CHI",6201,,12,2,0.16666666666666666,13,12,0.9230769230769231
"APAN, HIDALGO",764001,,14,2,0.14285714285714285,13,12,0.9230769230769231
"TEPEAPULCO, HIDALGO",149102,,14,1,0.07142857142857142,13,12,0.9230769230769231
"LEON, GTO.",651901,LEON 6519 MUE DELTA,12,3,0.25,13,12,0.9230769230769231
"ZAPOPAN, JAL.",139001,ZPPN 1390 MUE PLAZA AGORA,13,0,0,13,12,0.9230769230769231
"LEON, GTO.",37202,LEON 372 ROP RIO MAYO,14,0,0,13,12,0.9230769230769231
TLALNEPANTLA DE,110001,,13,0,0,13,12,0.9230769230769231
TEXCOCO EDO MEX,44301,,13,1,0.07692307692307693,13,12,0.9230769230769231
S JOSE DEL CABO,29601,SNJC 296 MUE TRANSPENINSU,22,0,0,25,23,0.92
BOCA DEL RIO,778801,BRIO 7788 MUE PLAZA EL DORADO,13,0,0,12,11,0.9166666666666666
AGUASCALIENTES,4902,,11,2,0.18181818181818182,12,11,0.9166666666666666
TLAJOMULCO DE Z,656802,,11,1,0.09090909090909091,12,11,0.9166666666666666
"SALAMANCA, GTO",131402,,12,1,0.08333333333333333,12,11,0.9166666666666666
A. OBREGON D.F.,120001,,11,0,0,12,11,0.9166666666666666
CHIMALHUACAN EM,108802,CHCN 1088 ROP PUERTO,12,0,0,12,11,0.9166666666666666
"POZA RICA, VER.",28201,,23,1,0.043478260869565216,24,22,0.9166666666666666
S JOSE DEL CABO,14502,,11,3,0.2727272727272727,12,11,0.9166666666666666
"MONTERREY, N.L.",11402,,17,3,0.17647058823529413,12,11,0.9166666666666666
"TOLUCA, EDO MEX",44602,,12,3,0.25,12,11,0.9166666666666666
CARMEN N.L.,672001,,12,3,0.25,12,11,0.9166666666666666
VILLAHERMOSA,12001,VLLH 120 MUE CARRIZAL,12,1,0.08333333333333333,12,11,0.9166666666666666
"TULTITLAN,EDO M",672402,,14,1,0.07142857142857142,12,11,0.9166666666666666
"SALAMANCA, GTO",131402,SLMC 1314 ROP POWER TOWN,12,1,0.08333333333333333,12,11,0.9166666666666666
VERACRUZ VER,17702,VRCZ 177 ROP LOS PINOS,13,0,0,12,11,0.9166666666666666
"MERIDA, YUCATAN",774902,,12,2,0.16666666666666666,12,11,0.9166666666666666
GUADALAJARA JAL,782402,,12,1,0.08333333333333333,12,11,0.9166666666666666
GUADALAJARA JAL,41902,,12,0,0,12,11,0.9166666666666666
GENERAL ESCOBED,795002,GESC 7950 ROP SENDERO ESCOBEDO,14,0,0,12,11,0.9166666666666666
"TIJUANA, BCN",43702,,13,1,0.07692307692307693,12,11,0.9166666666666666
TEXCOCO EDO MEX,101702,TXCC 1017 ROP PATIO TEXCOCO,12,2,0.16666666666666666,12,11,0.9166666666666666
"MAZATLAN, SIN.",112301,,11,2,0.18181818181818182,12,11,0.9166666666666666
A. OBREGON D.F.,120001,ALOB 1200 MUE VASCO DE QUIROGA,11,3,0.2727272727272727,12,11,0.9166666666666666
CHIMALHUACAN EM,108802,,12,0,0,12,11,0.9166666666666666
S JOSE DEL CABO,29601,,20,1,0.05,24,22,0.9166666666666666
VERACRUZ VER,650402,,9,2,0.2222222222222222,12,11,0.9166666666666666
VILLAHERMOSA,12002,,12,0,0,12,11,0.9166666666666666
GENERAL ESCOBED,795002,,17,0,0,12,11,0.9166666666666666
BOCA DEL RIO,653601,,12,0,0,12,11,0.9166666666666666
"APAN, HIDALGO",764001,APAN 7640 MUE ZARAGOZA,12,1,0.08333333333333333,12,11,0.9166666666666666
"CD JUAREZ, CHIU",15001,CDJZ 150 MUE AEROPUERTO,11,0,0,12,11,0.9166666666666666
NAUCALPAN EDO MEX,141401,,13,1,0.07692307692307693,12,11,0.9166666666666666
GENERAL ESCOBED,18802,,11,3,0.2727272727272727,12,11,0.9166666666666666
ZUMPANGO EDO MEXICO,88102,,12,3,0.25,12,11,0.9166666666666666
TLAJOMULCO DE Z,656802,TLJM 6568 ROP CONCEPCION,12,1,0.08333333333333333,12,11,0.9166666666666666
TEXCOCO EDO MEX,101702,,12,0,0,12,11,0.9166666666666666
"MONTERREY, N.L.",49602,,12,1,0.08333333333333333,12,11,0.9166666666666666
"CD JUAREZ, CHIU",15001,,11,0,0,12,11,0.9166666666666666
CHIMALHUACAN EM,770802,CHCN 7708 ROP CHIMALHUACAN,11,2,0.18181818181818182,11,10,0.9090909090909091
"PUEBLA, PUEBLA.",116901,,12,0,0,11,10,0.9090909090909091
TLAQUEPAQUE,100601,TLQP 1006 MUE CRUZ DEL SUR,11,3,0.2727272727272727,11,10,0.9090909090909091
CHIMALHUACAN EM,667102,#N/A,13,2,0.15384615384615385,11,10,0.9090909090909091
"LERDO, DURANGO",44401,LRDO 444 MUE VILLA VIVERO,11,1,0.09090909090909091,11,10,0.9090909090909091
OAXACA OAXACA,149001,,11,0,0,11,10,0.9090909090909091
LOS REYES LAPAZ,124601,LRYP 1246 MUE TIENDA UDIS,10,0,0,11,10,0.9090909090909091
TLAJOMULCO DE Z,31701,,10,0,0,11,10,0.9090909090909091
TLAHUAC D.F.,139302,TLHC 1393 ROP LA HABANA,10,1,0.1,11,10,0.9090909090909091
"PUEBLA, PUEBLA.",116901,PBLA II 1169 MUE UDIS REFORMA,12,2,0.16666666666666666,11,10,0.9090909090909091
AZCAPOTZALCO DF,134102,AZCP 1341 ROP PLAZA VIA VALLEJ,11,2,0.18181818181818182,11,10,0.9090909090909091
"PUEBLA, PUEBLA.",116902,PBLA II 1169 ROP UDIS REFORMA,11,2,0.18181818181818182,11,10,0.9090909090909091
"UMAN, YUCATAN",126901,UMAN 1269 MUE HENEQUEN,12,1,0.08333333333333333,11,10,0.9090909090909091
GUADALAJARA JAL,115901,,11,2,0.18181818181818182,11,10,0.9090909090909091
"TULTITLAN,EDO M",672402,#N/A,15,0,0,11,10,0.9090909090909091
SAN NICOLAS N.L,119502,SNNG 1195 ROP LAS PUENTES,9,1,0.1111111111111111,11,10,0.9090909090909091
TLAQUEPAQUE,109702,TLQP 1097 ROP LAS PINTAS,13,4,0.3076923076923077,11,10,0.9090909090909091
"LERDO, DURANGO",44401,,11,0,0,11,10,0.9090909090909091
TLAJOMULCO DE Z,31701,TLJM 317 MUE LAS PLAZAS,10,1,0.1,11,10,0.9090909090909091
"PACHUCA,HIDALGO",765702,PCHC 7657 ROP EXPLANADA,9,4,0.4444444444444444,11,10,0.9090909090909091
SAN MARTIN T. P,10901,SNMT 109 MUE 16 DE SEPT II,19,4,0.21052631578947367,21,19,0.9047619047619048
CUAUTITLAN IZCA,119801,,9,0,0,10,9,0.9
CUAUTITLAN IZCA,119801,CTLZ 1198 MUE 3 DE MAYO,9,1,0.1111111111111111,10,9,0.9
"CUERNAVACA, MOR",652202,,9,3,0.3333333333333333,10,9,0.9
OAXACA OAXACA,59202,OAXC 592 -535 CANADA OAX,10,0,0,10,9,0.9
SAN JUAN DLL JA,31302,SNJL 313 ROP GUERRERO,12,0,0,10,9,0.9
"QUERETARO, QRO.",786601,,11,0,0,10,9,0.9
"PALENQUE, CHIAPAS",673001,#N/A,15,4,0.26666666666666666,10,9,0.9
VILLA HIDALGO,790001,#N/A,10,2,0.2,10,9,0.9
HUAMANTLA,89502,HMTL 895 ROP JUAREZ SUR,10,0,0,10,9,0.9
GUADALAJARA JAL,29901,,11,0,0,10,9,0.9
"TULANCINGO, HGO",29302,TNGO 293 ROP 21 DE MARZO,20,1,0.05,20,18,0.9
"ZAPOPAN, JAL.",13002,ZPPN 130 ROP ZAP COPERNICO,9,2,0.2222222222222222,10,9,0.9
"TIZAYUCA, HIDALGO",40201,,18,4,0.2222222222222222,19,17,0.8947368421052632
OAXACA OAXACA,20201,OAXC 202 MUE UNIVERSIDAD,18,1,0.05555555555555555,19,17,0.8947368421052632
"MEXICALI, BCN.",2002,,17,2,0.11764705882352941,19,17,0.8947368421052632
SAN NICOLAS N.L,8701,SNNG 87 MUE SNG STO DOMING,35,12,0.34285714285714286,19,17,0.8947368421052632
"JUAREZ, NUEVO LEON",45602,,19,1,0.05263157894736842,19,17,0.8947368421052632
"MEXICALI, BCN.",2002,MXLI 20 ROP CACHANILLA 1,18,1,0.05555555555555555,19,17,0.8947368421052632
"ENSENADA, BCN",672501,#N/A,17,0,0,18,16,0.8888888888888888
ECATEPEC DE MOR,47601,ECTP 476 MUE SENDERO,18,0,0,18,16,0.8888888888888888
"TIJUANA, BCN",773702,TJNA 7737 ROP MEXICO LINDO,18,1,0.05555555555555555,18,16,0.8888888888888888
CUAUHTEMOC D.F.,140401,,18,1,0.05555555555555555,18,16,0.8888888888888888
"CD MENDOZA, VERACRUZ",91302,,18,0,0,18,16,0.8888888888888888
"IRAPUATO, GTO.",26302,,18,2,0.1111111111111111,18,16,0.8888888888888888
"GUANAJUATO, GTO",47301,GJTO 473 MUE ALHONDIGA,18,0,0,17,15,0.8823529411764706
"MISANTLA, VER",93601,,17,1,0.058823529411764705,17,15,0.8823529411764706
"OCOSINGO, CHIAPAS",100802,,16,5,0.3125,17,15,0.8823529411764706
"GUANAJUATO, GTO",47301,,18,0,0,17,15,0.8823529411764706
GENERAL ESCOBED,11502,GESC 115 ROP COMPOSTELA,17,1,0.058823529411764705,17,15,0.8823529411764706
"COMONFORT, GTO",103601,CMNF 1036 MUE COMONFORT,16,2,0.125,17,15,0.8823529411764706
ALAMO TEMAPACHE,97201,,16,1,0.0625,17,15,0.8823529411764706
"MANZANILLO, COL",663002,MZLL 6630 ROP SANTIAGO,11,2,0.18181818181818182,16,14,0.875
AMECAMECA EDO M,66902,,7,1,0.14285714285714285,8,7,0.875
"MEXICALI, BCN.",799202,MXLI 7992 ROP UDIS PEDREGAL,8,1,0.125,8,7,0.875
"SALAMANCA, GTO",52102,,8,2,0.25,8,7,0.875
CULIACAN SIN.,95002,,7,2,0.2857142857142857,8,7,0.875
OAXACA OAXACA,761202,,9,1,0.1111111111111111,8,7,0.875
CD DEL CARMEN,58402,,6,1,0.16666666666666666,8,7,0.875
"SALTILLO, COAH.",9501,,17,1,0.058823529411764705,16,14,0.875
"MERIDA, YUCATAN",75402,MRDA 754 MACROPLAZA,7,0,0,8,7,0.875
VERACRUZ VER,61402,,8,0,0,8,7,0.875
GENERAL ESCOBED,11501,GESC 115 MUE COMPOSTELA,13,1,0.07692307692307693,16,14,0.875
VILLA CORREGIDORA,41401,,15,4,0.26666666666666666,16,14,0.875
"SOLEDAD DE DOBLADO,",798902,,11,1,0.09090909090909091,16,14,0.875
LERMA DE VILLADA EDM,79502,,7,1,0.14285714285714285,8,7,0.875
"MEXICALI, BCN.",25801,,15,1,0.06666666666666667,16,14,0.875
"MEXICALI, BCN.",25801,MXLI 258 MUE JUVENTUD 2000,16,2,0.125,16,14,0.875
SAN MARTIN T. P,73002,SNMT 730 ALTAMIRANO,9,0,0,8,7,0.875
VERACRUZ VER,61402,VRCZ 614 -568 CANADA VER,8,0,0,8,7,0.875
HUEHUETOCA,91201,HHTA 912 MUE HUEHUETOCA,14,4,0.2857142857142857,15,13,0.8666666666666667
GUADALAJARA JAL,665602,GDLJ 6656 ROP PLAZA ATEMAJAC,11,0,0,15,13,0.8666666666666667
"OCOTLAN, JAL",87901,,15,1,0.06666666666666667,15,13,0.8666666666666667
"CD MADERO, TAMA",100901,,15,0,0,15,13,0.8666666666666667
APASEO EL GRANDE,100101,APSG 1001 MUE APASEO,15,0,0,15,13,0.8666666666666667
"TOLUCA, EDO MEX",99901,,13,2,0.15384615384615385,15,13,0.8666666666666667
"CD MADERO, TAMA",100901,CDMD 1009 MUE MADERO,15,0,0,15,13,0.8666666666666667
"MAGDALENA, SON",111801,MGLA 1118 MUE MAGDALENA,14,1,0.07142857142857142,15,13,0.8666666666666667
"GUAYMAS, SONORA",2201,GYMS 22 MUE SERDAN,15,3,0.2,15,13,0.8666666666666667
"MAZATLAN, SIN.",1402,MZTN 14 ROP AZUETA,13,0,0,15,13,0.8666666666666667
"MAZATLAN, SIN.",1402,,13,0,0,15,13,0.8666666666666667
ECATEPEC DE MOR,20002,,15,1,0.06666666666666667,15,13,0.8666666666666667
"PUEBLA, PUEBLA.",7102,,14,0,0,15,13,0.8666666666666667
"CD JUAREZ, CHIU",10701,,15,0,0,15,13,0.8666666666666667
"MAGDALENA, SON",111801,,14,0,0,15,13,0.8666666666666667
APASEO EL GRANDE,100101,,15,0,0,15,13,0.8666666666666667
VILLAGRAN,80101,VILL 801 MUE MORELOS,13,0,0,14,12,0.8571428571428571
"MERIDA, YUCATAN",75402,,6,1,0.16666666666666666,7,6,0.8571428571428571
CUAUHTEMOC D.F.,131502,CTMC 1315 ROP PZA CTRO CULTURA,7,0,0,7,6,0.8571428571428571
COACALCO DE BAR,661201,CCLC 6612 MUE COACALCO,14,0,0,14,12,0.8571428571428571
"PACHUCA,HIDALGO",57402,PCHC 574 -435 CANADA PACH,7,0,0,7,6,0.8571428571428571
ECATEPEC DE MOR,98102,,13,3,0.23076923076923078,14,12,0.8571428571428571
"CADEREYTA, N.L.",127102,CDTA 1271 ROP JUAREZ,7,0,0,7,6,0.8571428571428571
"LEON, GTO.",11101,LEON 111 MUE PZA PRINCIPAL,16,2,0.125,14,12,0.8571428571428571
GUSTAVO A MADERO DF,53302,,6,0,0,7,6,0.8571428571428571
"CARDENAS, TAB",27501,,15,2,0.13333333333333333,14,12,0.8571428571428571
OJUELOS DE JALISCO,125702,ODJA 1257 ROP HIDALGO,7,1,0.14285714285714285,7,6,0.8571428571428571
"XOCHIMILCO, D.F",56702,,7,3,0.42857142857142855,7,6,0.8571428571428571
"CD JUAREZ, CHIU",29202,CDJZ 292 ROP RIO GDE MALL,14,0,0,14,12,0.8571428571428571
"MEXICALI, BCN.",26601,MXLI 266 MUE PLAZA D SOL,13,0,0,14,12,0.8571428571428571
TAMAZUNCHALE,764102,,6,0,0,7,6,0.8571428571428571
"COATEPEC, VER",133402,,6,1,0.16666666666666666,7,6,0.8571428571428571
GUSTAVO A MADERO DF,53302,GAMD 533 ROP PROGRESO,6,1,0.16666666666666666,7,6,0.8571428571428571
MEDELLIN,110302,,14,0,0,14,12,0.8571428571428571
"CARDEL, VER",653202,,7,1,0.14285714285714285,7,6,0.8571428571428571
TAPACHULA CHIAP,797601,TPCH 7976 MUE GRAN PATIO TAPAC,12,0,0,14,12,0.8571428571428571
CHAMPOTON CAMPECHE,113902,CHTN 1139 ROP LOS MANGUITOS,16,0,0,14,12,0.8571428571428571
LAGOS DE MORENO,57802,LMRN 578 5 DE MAYO,7,0,0,7,6,0.8571428571428571
CD CUAUHTEMOC,8001,CDCC 80 MUE ALLENDE,13,4,0.3076923076923077,14,12,0.8571428571428571
"LA PAZ, BCS",86002,,14,1,0.07142857142857142,14,12,0.8571428571428571
"MEXICALI, BCN.",25802,,18,2,0.1111111111111111,21,18,0.8571428571428571
"TECAMAC, EDO ME",26101,,14,2,0.14285714285714285,14,12,0.8571428571428571
"CALPULALPAN, TLX",89801,,14,0,0,14,12,0.8571428571428571
SAN MARTIN T. P,10901,,21,0,0,21,18,0.8571428571428571
"PUREPERO, MICH",782701,PRPO 7827 MUE HIDALGO,11,1,0.09090909090909091,14,12,0.8571428571428571
"CARDENAS, TAB",27501,CRDS 275 MUE MOLINA,15,0,0,14,12,0.8571428571428571
"ZACAPU, MICHOAC",52802,ZCPU 528 -254 CANADA ZCU,8,1,0.125,7,6,0.8571428571428571
"NOGALES, SONORA",775902,,14,0,0,14,12,0.8571428571428571
"CD JUAREZ, CHIU",62502,,7,0,0,7,6,0.8571428571428571
"CD JUAREZ, CHIU",62502,CDJZ 625 -614 CANADA CJS,7,0,0,7,6,0.8571428571428571
"PUEBLA, PUEBLA.",128702,,15,1,0.06666666666666667,14,12,0.8571428571428571
"LA PAZ, BCS",86002,LPAZ 860 ROP OLACHEA,13,1,0.07692307692307693,14,12,0.8571428571428571
SAN FELIPE,105402,,15,1,0.06666666666666667,14,12,0.8571428571428571
"TECAMAC, EDO ME",26101,TCMC 261 MUE LOS HEROES,13,1,0.07692307692307693,14,12,0.8571428571428571
"ORIZABA, VER.",13702,ORZB 137 ROP MADERO,25,7,0.28,27,23,0.8518518518518519
"ORIZABA, VER.",13702,,25,0,0,27,23,0.8518518518518519
"HERMOSILLO, SON",104202,HLLO 1042 ROP QUIROGA,18,0,0,20,17,0.85
"MEXICALI, BCN.",45702,MXLI 457 ROP GALERIAS,19,3,0.15789473684210525,20,17,0.85
COATZACOALCOS,16802,CTZC 168 ROP HIDALGO,19,1,0.05263157894736842,20,17,0.85
LAZARO CARDENAS,13301,LCRS 133 MUE CARDENAS,19,0,0,20,17,0.85
"MONTERREY, N.L.",14801,,18,2,0.1111111111111111,20,17,0.85
"LEON, GTO.",78002,,14,4,0.2857142857142857,13,11,0.8461538461538461
"FRONTERA, COAH",88901,FNTR 889 MUE FRONTERA,12,1,0.08333333333333333,13,11,0.8461538461538461
TLALNEPANTLA DE,661401,TLNP 6614 MUE FASHION MALL TLA,12,1,0.08333333333333333,13,11,0.8461538461538461
"MERIDA, YUCATAN",19602,,12,3,0.25,13,11,0.8461538461538461
"LEON, GTO.",785302,LEON 7853 ROP ALTACIA LEON,12,2,0.16666666666666666,13,11,0.8461538461538461
RAFAEL LARA GRANADOS,778602,RALA 7786 ROP 24 DE MARZO,12,1,0.08333333333333333,13,11,0.8461538461538461
GUADALAJARA JAL,782402,GDLJ 7824 ROP GRAN TERRAZA OBL,12,1,0.08333333333333333,13,11,0.8461538461538461
"LEON, GTO.",37202,,14,0,0,13,11,0.8461538461538461
"TECAMAC, EDO ME",136701,,12,0,0,13,11,0.8461538461538461
VERACRUZ VER,43901,,11,0,0,13,11,0.8461538461538461
"COSCOMATEPEC, VER",108401,CSCM 1084 MUE NICOLAS BRAVO,13,1,0.07692307692307693,13,11,0.8461538461538461
"APODACA, N.L.",661002,APDC 6610 ROP PUEBLO NUEVO,12,0,0,13,11,0.8461538461538461
"CHIHUAHUA, CHI",6201,CHUA 62 MUE TECNOLOGICO,11,1,0.09090909090909091,13,11,0.8461538461538461
"TECAMAC, EDO ME",136701,TCMC 1367 MUE LAS HUERTAS,12,1,0.08333333333333333,13,11,0.8461538461538461
CHALCO EDO MEX,120201,CHLC 1202 MUE SOLIDARIDAD,13,1,0.07692307692307693,13,11,0.8461538461538461
"MONTERREY, N.L.",13401,MTRY 134 MUE LAS TORRES,13,0,0,13,11,0.8461538461538461
"CUAUTLANCINGO, PUE",107802,CTLG 1078 ROP AV MEXICO,12,2,0.16666666666666666,13,11,0.8461538461538461
CULIACAN SIN.,1301,CLCN 13 MUE ANDRADE,11,1,0.09090909090909091,13,11,0.8461538461538461
"TECAMAC, EDO ME",785802,TCMC 7858 ROP PASEOS DEL BOSQ,12,3,0.25,13,11,0.8461538461538461
CIENEGA DE FLORES,99702,,13,2,0.15384615384615385,13,11,0.8461538461538461
SAN JUAN D RIO,27901,SNJR 279 MUE MOCTEZUMA,24,2,0.08333333333333333,26,22,0.8461538461538461
"TEPEAPULCO, HIDALGO",149102,TECO ROP 1491 SAHAGUN,13,2,0.15384615384615385,13,11,0.8461538461538461
"TIANGUISTENCO,EDOMEX",91101,,17,3,0.17647058823529413,19,16,0.8421052631578947
CABO SAN LUCAS,110702,,21,0,0,19,16,0.8421052631578947
MIGUEL HGO D.F.,54302,MHGO 543 -307 CANADA AV J,6,0,0,6,5,0.8333333333333334
"CHIHUAHUA, CHI",4701,CHUA 47 MUE LA SIERRA,11,2,0.18181818181818182,12,10,0.8333333333333334
"CD JUAREZ, CHIU",655601,CDJZ 6556 MUE CARLOS AMAYA,12,1,0.08333333333333333,12,10,0.8333333333333334
"QUERETARO, QRO.",793902,,10,1,0.1,12,10,0.8333333333333334
NAUCALPAN EDO MEX,141401,NCPN 1414 MUE GRAN TERRAZA,13,0,0,12,10,0.8333333333333334
IZTAPALAPA D.F.,90702,,13,1,0.07692307692307693,12,10,0.8333333333333334
"CHIHUAHUA, CHI",4701,,12,0,0,12,10,0.8333333333333334
NAUCALPAN EDO MEX,20501,NCPN C DIGITAL CUATRO CAMINOS,6,0,0,6,5,0.8333333333333334
"LINARES, N.L",34601,,11,1,0.09090909090909091,12,10,0.8333333333333334
"CD JUAREZ, CHIU",101,CDJZ 1 MUE UGARTE,16,1,0.0625,18,15,0.8333333333333334
"NAVOJOA, SON.",71802,NVJA 718 ALLENDE,4,3,0.75,6,5,0.8333333333333334
VERACRUZ VER,650402,VRCZ 6504 ROP FLORESTA,11,1,0.09090909090909091,12,10,0.8333333333333334
"NOGALES, SONORA",130602,,6,0,0,6,5,0.8333333333333334
VILLAHERMOSA,18601,VLLH 186 MUE SAN JOAQUIN,12,1,0.08333333333333333,12,10,0.8333333333333334
"TECAMAC, EDO ME",136702,TCMC 1367 ROP LAS HUERTAS,12,2,0.16666666666666666,12,10,0.8333333333333334
"CUERNAVACA, MOR",141602,,12,1,0.08333333333333333,12,10,0.8333333333333334
NAUCALPAN EDO MEX,20501,,6,0,0,6,5,0.8333333333333334
SAN NICOLAS N.L,69102,,7,0,0,6,5,0.8333333333333334
"NOGALES, SONORA",2601,,12,1,0.08333333333333333,12,10,0.8333333333333334
"PUEBLA, PUEBLA.",7201,PBLA 72 MUE 11 NORTE,11,0,0,12,10,0.8333333333333334
"NAVOJOA, SON.",71802,,6,0,0,6,5,0.8333333333333334
AGUASCALIENTES,51502,AGCS 515 -202 CANADA AGS,6,0,0,6,5,0.8333333333333334
ACATLAN DE PEREZ FIG,116701,ACPE 1167 MUE ZAPATA 2,12,1,0.08333333333333333,12,10,0.8333333333333334
"PUEBLA, PUEBLA.",7201,,11,0,0,12,10,0.8333333333333334
"TRES VALLES, VER",88302,TRSV 883 ROP OBREGON,13,1,0.07692307692307693,12,10,0.8333333333333334
"MAZATLAN, SIN.",8101,MZTN 81 MUE AMERICAS,12,1,0.08333333333333333,12,10,0.8333333333333334
IZTAPALAPA D.F.,90702,IZTP 907 ROP PLAZA CENTRAL,10,2,0.2,12,10,0.8333333333333334
"TIZAPAN EL ALTO, JAL",654902,,6,0,0,6,5,0.8333333333333334
"PUEBLA, PUEBLA.",13901,,17,2,0.11764705882352941,18,15,0.8333333333333334
"SALTILLO, COAH.",127001,,9,0,0,12,10,0.8333333333333334
TAPALPA,112702,,6,0,0,6,5,0.8333333333333334
"TIZAPAN EL ALTO, JAL",654902,TITO 6549 ROP SERDAN,6,1,0.16666666666666666,6,5,0.8333333333333334
GUADALAJARA JAL,8601,GDLJ 86 MUE INDEPENDENCIA2,11,1,0.09090909090909091,12,10,0.8333333333333334
"CARDENAS, TAB",27502,CRDS 275 ROP MOLINA,14,2,0.14285714285714285,12,10,0.8333333333333334
SAN LUIS POTOSI,117602,,12,1,0.08333333333333333,12,10,0.8333333333333334
"SALTILLO, COAH.",69302,,6,0,0,6,5,0.8333333333333334
SAN LUIS POTOSI,117601,,12,1,0.08333333333333333,12,10,0.8333333333333334
GUADALAJARA JAL,138901,GDLJ 1389 MUE JUAN PABLO II,11,2,0.18181818181818182,12,10,0.8333333333333334
A. OBREGON D.F.,768902,ALOB 7689 ROP PLAZA TENARIA,11,2,0.18181818181818182,12,10,0.8333333333333334
NAUCALPAN EDO MEX,15201,,17,0,0,18,15,0.8333333333333334
STA CATARINA NL,133702,STCA 1337 ROP PLAZA DIAZ ORDAZ,6,0,0,6,5,0.8333333333333334
SAN NICOLAS N.L,659902,SNNG 1599 ROP PASEO LA FE,14,0,0,12,10,0.8333333333333334
"DELICIAS, CHIU.",4801,DLCS 48 MUE DELICIAS,10,3,0.3,12,10,0.8333333333333334
SAN NICOLAS N.L,69102,SNNG 691 UNIVERSIDAD,6,1,0.16666666666666666,6,5,0.8333333333333334
"MONTERREY, N.L.",49602,MTRY 496 ROP MITRAS,12,0,0,12,10,0.8333333333333334
"PUEBLA, PUEBLA.",7302,PBLA 73 ROP 8 PONIENTE,10,2,0.2,12,10,0.8333333333333334
"MAZATLAN, SIN.",8101,,12,1,0.08333333333333333,12,10,0.8333333333333334
TLALNEPANTLA DE,106602,,5,1,0.2,6,5,0.8333333333333334
"TIJUANA, BCN",667402,TJNA 6674 ROP MACRO PLAZA INSU,13,0,0,12,10,0.8333333333333334
VILLAHERMOSA,18601,,13,0,0,12,10,0.8333333333333334
VERACRUZ VER,109801,VRCZ 1098 MUE PONTI,11,3,0.2727272727272727,12,10,0.8333333333333334
"GOMEZ PAL, DGO.",777302,,11,1,0.09090909090909091,12,10,0.8333333333333334
EZEQUIEL MONTES,117302,,13,1,0.07692307692307693,12,10,0.8333333333333334
"QUERETARO, QRO.",761702,QRTO 7617 ROP CITADINA CORREGI,6,0,0,6,5,0.8333333333333334
"TIJUANA, BCN",43702,TJNA 437 ROP PLAZA EL REFUGIO,13,1,0.07692307692307693,12,10,0.8333333333333334
"NOGALES, SONORA",130602,NGLS 1306 ROP LA MESA,5,1,0.2,6,5,0.8333333333333334
"IRAPUATO, GTO.",26302,IRPT 263 ROP JACARANDAS,17,4,0.23529411764705882,18,15,0.8333333333333334
"CD JUAREZ, CHIU",101,,16,1,0.0625,18,15,0.8333333333333334
NAUCALPAN EDO MEX,15201,NCPN 152 MUE SAN BARTOLO,18,0,0,18,15,0.8333333333333334
SAN LUIS POTOSI,117601,SNLP 1176 MUE PLAZA MUÑOZ,12,1,0.08333333333333333,12,10,0.8333333333333334
AGUASCALIENTES,51502,,6,0,0,6,5,0.8333333333333334
"MONTERREY, N.L.",101301,,10,2,0.2,12,10,0.8333333333333334
"CD JUAREZ, CHIU",655601,,12,1,0.08333333333333333,12,10,0.8333333333333334
HUAMANTLA,49301,HMTL 493 MUE MORELOS,18,0,0,18,15,0.8333333333333334
A. OBREGON D.F.,768902,,12,0,0,12,10,0.8333333333333334
A. OBREGON D.F.,74102,ALOB 741 ROP OLIVAR DEL CONDE,6,0,0,6,5,0.8333333333333334
CUAUHTEMOC D.F.,84001,,12,2,0.16666666666666666,12,10,0.8333333333333334
CHIAUTLA DE TAPIA,125102,,11,1,0.09090909090909091,12,10,0.8333333333333334
HUEJUTLA DE REYES,93002,,25,4,0.16,23,19,0.8260869565217391
"HERMOSILLO, SON",21101,,17,1,0.058823529411764705,17,14,0.8235294117647058
"MEXICALI, BCN.",761002,,13,1,0.07692307692307693,17,14,0.8235294117647058
CHALCO EDO MEX,40902,CHLC 409 ROP ENSEÑANZA TECNICA,18,1,0.05555555555555555,17,14,0.8235294117647058
"PUEBLA, PUEBLA.",42601,,19,0,0,17,14,0.8235294117647058
"PARRAL, CHIHUAH",14902,,16,4,0.25,17,14,0.8235294117647058
"SOLEDAD DE DOBLADO,",798902,SDBL 7989 ROP SOLEDAD DE DOBL,12,2,0.16666666666666666,17,14,0.8235294117647058
"MISANTLA, VER",93601,MSNT 936 MUE COMONFORT,17,2,0.11764705882352941,17,14,0.8235294117647058
"HERMOSILLO, SON",21101,HLLO 211 MUE PROGRESO,17,0,0,17,14,0.8235294117647058
ALAMO TEMAPACHE,97201,ALMT 972 MUE MADERO,16,1,0.0625,17,14,0.8235294117647058
VERACRUZ VER,16002,,24,4,0.16666666666666666,28,23,0.8214285714285714
"UMAN, YUCATAN",126901,,12,0,0,11,9,0.8181818181818182
LOS REYES LAPAZ,124601,,11,0,0,11,9,0.8181818181818182
"GUADALUPE, N.L.",13802,,12,0,0,11,9,0.8181818181818182
BOCA DEL RIO,778802,BRIO 7788 ROP PLAZA EL DORADO,10,1,0.1,11,9,0.8181818181818182
CIENEGA DE FLORES,134002,,11,2,0.18181818181818182,11,9,0.8181818181818182
"ZAPOPAN, JAL.",88802,ZPPN 888 ROP MERCADO DEL MAR,11,0,0,11,9,0.8181818181818182
SAN JUAN D RIO,145501,SNJR 1455 MUE PLAZA GALERIAS,10,1,0.1,11,9,0.8181818181818182
VILLA HIDALGO,790001,,12,0,0,11,9,0.8181818181818182
"PUEBLA, PUEBLA.",116902,,11,0,0,11,9,0.8181818181818182
"QUERETARO, QRO.",134202,,11,0,0,11,9,0.8181818181818182
"GUADALUPE, N.L.",13802,GDLP 138 ROP ACAPULCO,11,0,0,11,9,0.8181818181818182
BOCA DEL RIO,778802,,10,0,0,11,9,0.8181818181818182
"ZAPOPAN, JAL.",88802,,12,0,0,11,9,0.8181818181818182
"QUERETARO, QRO.",134201,,12,0,0,11,9,0.8181818181818182
GUADALAJARA JAL,115901,GDLJ 1159 MUE TETLAN,10,1,0.1,11,9,0.8181818181818182
"TIZAYUCA, HIDALGO",73302,TZYC 733 PLAZA BONITA,10,1,0.1,11,9,0.8181818181818182
"DOLORES HIDALGO,GTO",38402,DHGO 384 ROP MICHOACAN,18,2,0.1111111111111111,16,13,0.8125
GENERAL ESCOBED,11501,,15,0,0,16,13,0.8125
NAUCALPAN EDO MEX,771702,,16,0,0,16,13,0.8125
"TUXPAN,VERACRUZ",45202,TXPN 452 ROP PLAZA CRISTAL,15,3,0.2,16,13,0.8125
TEHUACAN PUEBLA,774801,TEHC 7748 MUE LOPEZ MATEOS,17,1,0.058823529411764705,16,13,0.8125
NAUCALPAN EDO MEX,771702,NCPN 7717 ROP PARQUE TOREO,16,0,0,16,13,0.8125
SANTA LUCIA DEL CAMI,117501,,14,2,0.14285714285714285,16,13,0.8125
"IXTAPALUCA, E.M",89401,IXTP 894 MUE PATIO AYOTLA,15,2,0.13333333333333333,16,13,0.8125
"SALTILLO, COAH.",41202,SALT 412 ROP SENDERO,14,1,0.07142857142857142,16,13,0.8125
"HUATABAMPO, SON",6702,HTBP 67 ROP GUERRERO II,14,2,0.14285714285714285,16,13,0.8125
"PUENTE DE IXTLA, MOR",110101,PTIX 1101 MUE FIGUEROA,16,0,0,16,13,0.8125
"LEON, GTO.",10001,LEON 100 MUE CENTROMAX CC,17,0,0,16,13,0.8125
"TUXPAN,VERACRUZ",45202,,16,0,0,16,13,0.8125
"LEON, GTO.",10001,,17,0,0,16,13,0.8125
"GUADALUPE, N.L.",10301,GDLP 103 MUE GPE STA MARIA,20,0,0,21,17,0.8095238095238095
"GUADALUPE, N.L.",10301,,21,3,0.14285714285714285,21,17,0.8095238095238095
"TULTITLAN,EDO M",672102,,19,1,0.05263157894736842,21,17,0.8095238095238095
"HERMOSILLO, SON",3202,HLLO 32 ROP SAHUARO,27,4,0.14814814814814814,26,21,0.8076923076923077
"HERMOSILLO, SON",3202,,26,1,0.038461538461538464,26,21,0.8076923076923077
"TIJUANA, BCN",89602,,24,2,0.08333333333333333,26,21,0.8076923076923077
"APODACA, N.L.",8902,,12,3,0.25,15,12,0.8
PYA D CARMEN QR,799901,PLYC 7999 MUE JUAREZ,5,1,0.2,5,4,0.8
"TULTITLAN,EDO M",672102,#N/A,20,1,0.05,20,16,0.8
"APASEO EL ALTO, GTO",799701,APEA 7997 MUE APAL,5,1,0.2,5,4,0.8
HUAMANTLA,89502,,10,0,0,10,8,0.8
"LORETO, ZAC",666001,LOTO 6660 MUE LORETO,5,0,0,5,4,0.8
ECATEPEC DE MOR,20002,ECTP 200 ROP VALLE,14,1,0.07142857142857142,15,12,0.8
"HERMOSILLO, SON",3201,HLLO 32 MUE SAHUARO,16,1,0.0625,15,12,0.8
TLALNEPANTLA DE,143602,,11,1,0.09090909090909091,10,8,0.8
"TEPIC, NAY",48302,,10,1,0.1,10,8,0.8
VENUSTIANO C.DF,49101,,3,1,0.3333333333333333,5,4,0.8
AGUASCALIENTES,124102,,15,2,0.13333333333333333,15,12,0.8
"GUADALUPE, N.L.",348005,,6,1,0.16666666666666666,5,4,0.8
"VALLADOLID, YUCATAN",670801,,5,0,0,5,4,0.8
"QUERETARO, QRO.",786602,QRTO 7866 ROP PASEO QUERETARO,11,0,0,10,8,0.8
OAXACA OAXACA,306604,,4,1,0.25,5,4,0.8
TEHUACAN PUEBLA,787401,TEHC 7874 MUE TEHUACAN,5,0,0,5,4,0.8
"PUEBLA, PUEBLA.",34801,PBLA 348 MUE BALCONES DEL SUR,15,0,0,15,12,0.8
"MADERA, CHIH",763302,CIMA 7633 ROP COPPEL TERCERA,5,0,0,5,4,0.8
BAHIAS DE HUATULCO,300629,BHTC INVENTARIOS ZONA I,5,0,0,5,4,0.8
TLAQUEPAQUE,100602,,10,1,0.1,10,8,0.8
"TEPIC, NAY",48302,TPIC 483 COLOSIO,9,2,0.2222222222222222,10,8,0.8
"VALLADOLID, YUCATAN",670801,VLLD 6708 MUE VALLADOLID,5,0,0,5,4,0.8
"MANZANILLO, COL",663001,,8,1,0.125,10,8,0.8
"GUADALUPE, N.L.",30502,,8,1,0.125,10,8,0.8
"ZAPOPAN, JAL.",13002,,9,0,0,10,8,0.8
"APODACA, N.L.",8902,APDC 89 ROP APD FRESNOS,14,0,0,15,12,0.8
"PUEBLA, PUEBLA.",34802,,14,0,0,15,12,0.8
"GUADALUPE, N.L.",348005,GDLP ZONA V MTRY II,5,0,0,5,4,0.8
SAN NICOLAS N.L,788902,SNNG 7889 ROP P FIESTA ANAHUAC,13,3,0.23076923076923078,15,12,0.8
TUXTLA GUTIERRE,33602,TXGT 336 ROP PRIMERA PONIENTE,22,3,0.13636363636363635,20,16,0.8
TEHUACAN PUEBLA,787401,,5,0,0,5,4,0.8
"MERIDA, YUCATAN",776602,,13,1,0.07692307692307693,15,12,0.8
CULIACAN SIN.,764602,CLCN 7646 ROP SENDERO CULIACAN,17,4,0.23529411764705882,20,16,0.8
"QUERETARO, QRO.",786602,,11,0,0,10,8,0.8
"PUEBLA, PUEBLA.",39901,,19,3,0.15789473684210525,20,16,0.8
"GUASAVE, SIN.",18301,GSVE 183 MUE LAS FUENTES,15,0,0,15,12,0.8
"CAMARGO, CHI",300594,,5,0,0,5,4,0.8
CUAUTITLAN IZCA,18701,CTLZ 187 MUE SAN MIGUEL,11,1,0.09090909090909091,10,8,0.8
"MONTERREY, N.L.",65502,,1,0,0,5,4,0.8
"TACAMBARO, MICH",48101,TBRO 481 MUE LIBRAMIENTO,13,3,0.23076923076923078,15,12,0.8
"TACAMBARO, MICH",48101,,15,0,0,15,12,0.8
JALPA DE MENDEZ TAB,777601,,14,4,0.2857142857142857,15,12,0.8
"TULA, HIDALGO",26702,TULA 267 ROP PZA TULA,15,2,0.13333333333333333,15,12,0.8
SAN JUAN DLL JA,31302,,12,0,0,10,8,0.8
"TOLUCA, EDO MEX",99901,TOLC 999 MUE OJUELOS,13,2,0.15384615384615385,15,12,0.8
"MEXICALI, BCN.",45702,,18,1,0.05555555555555555,20,16,0.8
PYA D CARMEN QR,29101,,24,1,0.041666666666666664,24,19,0.7916666666666666
PYA D CARMEN QR,29101,PLYC 291 MUE LAS AMERICAS,24,3,0.125,24,19,0.7916666666666666
"GOMEZ PAL, DGO.",3302,,24,2,0.08333333333333333,24,19,0.7916666666666666
"MORELIA, MICH.",4202,MORL 42 ROP CARDENAS,20,0,0,19,15,0.7894736842105263
"PUEBLA, PUEBLA.",39902,PBLA 399 ROP DEL PARQUE,16,3,0.1875,19,15,0.7894736842105263
"PUEBLA, PUEBLA.",39902,,17,1,0.058823529411764705,19,15,0.7894736842105263
"TULA, HIDALGO",26701,,18,0,0,19,15,0.7894736842105263
OAXACA OAXACA,780701,OAXC 7807 MUE REFORMA,16,2,0.125,14,11,0.7857142857142857
NUEVO CASAS GRANDES,776202,NCGS 7762 ROP PLAZA NOGALES,14,0,0,14,11,0.7857142857142857
ECATEPEC DE MOR,48001,ECTP 480 MUE PABELLON,14,0,0,14,11,0.7857142857142857
IZTAPALAPA D.F.,121401,,13,0,0,14,11,0.7857142857142857
ECATEPEC DE MOR,48001,,14,2,0.14285714285714285,14,11,0.7857142857142857
"TOLUCA, EDO MEX",99902,,13,2,0.15384615384615385,14,11,0.7857142857142857
AZCAPOTZALCO DF,99401,AZCP 994 MUE EL ROSARIO,14,1,0.07142857142857142,14,11,0.7857142857142857
"PUEBLA, PUEBLA.",128702,PBLA 1287 ROP 11SUR(GUADALUPE),14,2,0.14285714285714285,14,11,0.7857142857142857
"XOXOCOTLAN, OAX",108702,XXCT 1087 ROP XOXOCOTLAN,14,1,0.07142857142857142,14,11,0.7857142857142857
"CHIHUAHUA, CHI",3701,CHUA 37 MUE NIÑOS HEROES,13,2,0.15384615384615385,14,11,0.7857142857142857
IZTAPALAPA D.F.,121401,IZTP 1214 MUE ROJO GOMEZ,14,1,0.07142857142857142,14,11,0.7857142857142857
NUEVO CASAS GRANDES,776202,,14,1,0.07142857142857142,14,11,0.7857142857142857
"TORREON, COAH.",5701,,12,1,0.08333333333333333,14,11,0.7857142857142857
CUAUHTEMOC D.F.,140302,,14,3,0.21428571428571427,14,11,0.7857142857142857
VERACRUZ VER,17701,,14,1,0.07142857142857142,14,11,0.7857142857142857
"PASO DEL MACHO, VER",102202,PADM 1022 ROP SANCHEZ LOYO,13,3,0.23076923076923078,14,11,0.7857142857142857
SAN FELIPE,105402,SNFP 1054 ROP MADERO,16,0,0,14,11,0.7857142857142857
"MINERAL DE LA R,HGO",785001,,12,0,0,14,11,0.7857142857142857
"TORREON, COAH.",5701,TRRN 57 MUE REVOLUCION,13,1,0.07692307692307693,14,11,0.7857142857142857
"XOXOCOTLAN, OAX",108702,,14,0,0,14,11,0.7857142857142857
JOSE AZUETA GRO,32301,ZIHT MUE MORELOS,22,4,0.18181818181818182,23,18,0.782608695652174
"JILOTEPEC, EDO MEX",48401,,16,1,0.0625,18,14,0.7777777777777778
"MEXICALI, BCN.",761002,MXLI 7610 ROP SAN PEDRO,14,0,0,18,14,0.7777777777777778
TLAHUAC D.F.,139301,TLHC 1393 MUE LA HABANA,8,3,0.375,9,7,0.7777777777777778
"LA PAZ, BCS",7902,,17,5,0.29411764705882354,18,14,0.7777777777777778
"IRAPUATO, GTO.",8501,,17,2,0.11764705882352941,18,14,0.7777777777777778
CARMEN N.L.,672002,#N/A,16,2,0.125,18,14,0.7777777777777778
"URUAPAN, MICH.",794702,,8,0,0,9,7,0.7777777777777778
IZUCAR DE MAT P,22302,,18,2,0.1111111111111111,18,14,0.7777777777777778
"URUAPAN, MICH.",794702,URPN 7947 ROP LA PINERA,8,0,0,9,7,0.7777777777777778
VERACRUZ VER,769801,,10,2,0.2,9,7,0.7777777777777778
"PAPANTLA, VERACRUZ",49702,,23,0,0,22,17,0.7727272727272727
PYA D CARMEN QR,29102,PLYC 291 ROP LAS AMERICAS,21,1,0.047619047619047616,22,17,0.7727272727272727
"PAPANTLA, VERACRUZ",49702,PPTL 497 ROP 16 DE SEPTIEMBRE,23,1,0.043478260869565216,22,17,0.7727272727272727
"TARIMORO, GUANAJUATO",668101,,12,2,0.16666666666666666,13,10,0.7692307692307693
CUAUTITLAN IZCA,15101,,12,1,0.08333333333333333,13,10,0.7692307692307693
LAGOS DE MORENO,4102,LMRN 41 ROP CAPUCHINAS,15,0,0,13,10,0.7692307692307693
TLALNEPANTLA DE,661401,,13,0,0,13,10,0.7692307692307693
"TECAMAC, EDO ME",26102,TCMC 261 ROP LOS HEROES,13,0,0,13,10,0.7692307692307693
"HERMOSILLO, SON",21402,HLLO 214 ROP LAZARO CARDEN,13,1,0.07692307692307693,13,10,0.7692307692307693
"ISLA, VERACRUZ",100701,,13,1,0.07692307692307693,13,10,0.7692307692307693
"IXTAPALUCA, E.M",148901,,13,0,0,13,10,0.7692307692307693
"PUEBLA, PUEBLA.",7101,PBLA 71 MUE BLVD NORTE,11,0,0,13,10,0.7692307692307693
"HERMOSILLO, SON",21402,,12,0,0,13,10,0.7692307692307693
"ZAMORA, MICH.",5302,,13,1,0.07692307692307693,13,10,0.7692307692307693
"APODACA, N.L.",661002,,12,0,0,13,10,0.7692307692307693
CHIMALHUACAN EM,108801,CHCN 1088 MUE PUERTO,14,0,0,13,10,0.7692307692307693
TLAQUEPAQUE,109701,,13,1,0.07692307692307693,13,10,0.7692307692307693
GUTIERREZ ZAMORA,129001,,13,1,0.07692307692307693,13,10,0.7692307692307693
"IXTAPALUCA, E.M",148901,IXTP 1489 MUE SAN BUENA AVENTU,12,1,0.08333333333333333,13,10,0.7692307692307693
ATIZAPAN DE ZAR,85802,,15,1,0.06666666666666667,13,10,0.7692307692307693
CHALCO EDO MEX,36401,CHLC 364 MUE RIVA PALACIO,14,5,0.35714285714285715,13,10,0.7692307692307693
"SALTILLO, COAH.",127001,SALT 1270 MUE MIRASIERRA,10,1,0.1,13,10,0.7692307692307693
"MERIDA, YUCATAN",28501,,13,1,0.07692307692307693,13,10,0.7692307692307693
"LEON, GTO.",651901,,12,1,0.08333333333333333,13,10,0.7692307692307693
MEDELLIN,110301,MDEN 1103 MUE EL TEJAR,13,3,0.23076923076923078,13,10,0.7692307692307693
"TIJUANA, BCN",789701,TJNA 7897 MUE PLAZA RIO,11,1,0.09090909090909091,13,10,0.7692307692307693
"MERIDA, YUCATAN",28501,MRDA 285 MUE CONGRESO,12,1,0.08333333333333333,13,10,0.7692307692307693
"FRONTERA, COAH",88901,,12,0,0,13,10,0.7692307692307693
"ZAPOPAN, JAL.",20901,ZPPN 209 MUE EL BATAN,10,2,0.2,13,10,0.7692307692307693
ATIZAPAN DE ZAR,85802,ATZP 858 ROP CENTRAL,13,0,0,13,10,0.7692307692307693
RAFAEL LARA GRANADOS,778602,,13,0,0,13,10,0.7692307692307693
CABO SAN LUCAS,799802,,12,1,0.08333333333333333,13,10,0.7692307692307693
DEL COYOACAN DF,145102,CYCN 1451 ROP TLALPAN AZTECA,14,1,0.07142857142857142,17,13,0.7647058823529411
IXMIQUILPAN HDG,29002,,18,1,0.05555555555555555,17,13,0.7647058823529411
NEZAHUALCOYOTL,29701,NZTL 297 MUE PLAZA NEZA,16,1,0.0625,17,13,0.7647058823529411
"MATAMOROS, TAM.",41301,,16,1,0.0625,17,13,0.7647058823529411
GENERAL ESCOBED,11502,,17,0,0,17,13,0.7647058823529411
TUXTLA GUTIERRE,33602,,22,0,0,21,16,0.7619047619047619
S ANDRES CHOLULA PUE,655801,CHLA 6558 MUE 5 SUR,21,5,0.23809523809523808,21,16,0.7619047619047619
S ANDRES CHOLULA PUE,655801,,21,1,0.047619047619047616,21,16,0.7619047619047619
"APODACA, N.L.",46802,APDC 468 ROP SENDERO,21,1,0.047619047619047616,21,16,0.7619047619047619
IZTAPALAPA D.F.,45502,,27,2,0.07407407407407407,29,22,0.7586206896551724
ALAMO TEMAPACHE,97102,ALMT 971 ROP ALAMO,8,0,0,8,6,0.75
"LEON, GTO.",785901,,10,1,0.1,12,9,0.75
DEL COYOACAN DF,145102,,15,0,0,16,12,0.75
"PACHUCA,HIDALGO",81601,PCHC 816 MUE CARRANZA,12,0,0,12,9,0.75
"CAMPECHE, CAMPE",654302,,13,0,0,12,9,0.75
DEL COYOACAN DF,667501,,11,0,0,12,9,0.75
"CD JUAREZ, CHIU",30202,CDJZ ROP 302 PONCIANO ARR,12,2,0.16666666666666666,12,9,0.75
"TECAMAC, EDO ME",149602,,8,0,0,8,6,0.75
ACOLMAN,768601,ACLM 7686 MUE ACOLMAN,11,1,0.09090909090909091,12,9,0.75
VILLA ALBERTO ALVARA,300456,VINO INVENTARIOS ZONA I,3,0,0,4,3,0.75
"CELAYA, GTO.",16202,,11,2,0.18181818181818182,12,9,0.75
BAHIA DE BANDERAS,126202,BDBN 1262 ROP SN JOSE DL VALLE,7,0,0,8,6,0.75
"CAMPECHE, CAMPE",654302,CMPE 6543 ROP SELEM,13,0,0,12,9,0.75
AZCAPOTZALCO DF,16602,AZCP 166 ROP ESPERANZA,12,0,0,12,9,0.75
SAN LUIS POTOSI,117602,SNLP 1176 ROP PLAZA MUÑOZ,11,0,0,12,9,0.75
SAN PABLO DEL MONTE,110801,,14,3,0.21428571428571427,16,12,0.75
"LA PAZ, BCS",137302,,0,0,0,4,3,0.75
AGUASCALIENTES,4902,AGCS 49 ROP SAN MARCOS,12,1,0.08333333333333333,12,9,0.75
BENITO JUAREZ QROO,112201,,14,3,0.21428571428571427,16,12,0.75
RAFAEL LARA GRANADOS,778601,RALA 7786 MUE 24 DE MARZO,13,0,0,12,9,0.75
"CD JUAREZ, CHIU",30202,,13,0,0,12,9,0.75
"PUENTE DE IXTLA, MOR",110101,,16,0,0,16,12,0.75
SAN MARTIN T. P,25601,SNMT 256 MUE PZA CRISTAL,15,0,0,16,12,0.75
"PUEBLA, PUEBLA.",663402,,12,0,0,16,12,0.75
CHIAUTLA DE TAPIA,125102,CHTL 1251 ROP 5 DE MAYO,12,1,0.08333333333333333,12,9,0.75
SAN NICOLAS N.L,37001,,11,3,0.2727272727272727,12,9,0.75
"QUERETARO, QRO.",793902,QRTO 7939 ROP PORTAL QUERETARO,11,0,0,12,9,0.75
VILLAHERMOSA,28801,,11,1,0.09090909090909091,12,9,0.75
"PUEBLA, PUEBLA.",679802,,12,1,0.08333333333333333,4,3,0.75
VERACRUZ VER,109801,,11,0,0,12,9,0.75
"PUEBLA, PUEBLA.",663402,PBLA 6634 ROP LOS HEROES,12,1,0.08333333333333333,16,12,0.75
"PUEBLA, PUEBLA.",34802,PBLA 348 ROP BALCONES DEL SUR,14,1,0.07142857142857142,16,12,0.75
"MERIDA, YUCATAN",300460,MRDA INVENTARIOS ZONA II,2,0,0,4,3,0.75
"ZAPOPAN, JAL.",20901,,10,0,0,12,9,0.75
SANTA LUCIA DEL CAMI,117501,SNLC MUE 1175 SANTA LUCIA,15,2,0.13333333333333333,16,12,0.75
"MEXICALI, BCN.",799202,,8,0,0,8,6,0.75
TLAQUEPAQUE,105201,,12,0,0,12,9,0.75
OCOTLAN DE MORELOS,68901,,15,1,0.06666666666666667,16,12,0.75
"GUADALUPE, N.L.",13502,,11,1,0.09090909090909091,12,9,0.75
"PUEBLA, PUEBLA.",13902,,19,3,0.15789473684210525,20,15,0.75
"ENSENADA, BCN",26501,,15,2,0.13333333333333333,16,12,0.75
IZTAPALAPA D.F.,90701,IZTP 907 MUE PLAZA CENTRAL,10,2,0.2,12,9,0.75
"GOMEZ PAL, DGO.",777302,GPLC 7773 ROP FILADELFIA,12,2,0.16666666666666666,12,9,0.75
OAXACA OAXACA,761202,OAXC 7612 ROP CENTRAL,9,1,0.1111111111111111,8,6,0.75
DEL COYOACAN DF,782002,CYCN 7820 ROP GRAN SUR,15,1,0.06666666666666667,16,12,0.75
DEL COYOACAN DF,667501,CYCN 6675 MUE COPILCO,11,0,0,12,9,0.75
"TECAMAC, EDO ME",149602,TCMC 1496 ROP 16 DE SEPTIEMBRE,8,2,0.25,8,6,0.75
"COLIMA, COL.",6501,,15,2,0.13333333333333333,16,12,0.75
"LINARES, N.L",34601,LNRS 346 MUE HIDALGO,11,1,0.09090909090909091,12,9,0.75
"GOMEZ PAL, DGO.",3302,GPLC 33 ROP VICTORIA,24,1,0.041666666666666664,24,18,0.75
"YAUTEPEC, MORELOS",75902,YTPC 759 FABREGAS,7,1,0.14285714285714285,8,6,0.75
RAFAEL LARA GRANADOS,778601,,13,0,0,12,9,0.75
SAN MARTIN T. P,25601,,15,0,0,16,12,0.75
OAXACA OAXACA,36302,,17,1,0.058823529411764705,16,12,0.75
"ZAPOPAN, JAL.",98002,,7,1,0.14285714285714285,8,6,0.75
VILLAHERMOSA,28801,VLLH 288 MUE JUAREZ,12,0,0,12,9,0.75
"MAZATLAN, SIN.",100201,MZTN 1002 MUE LOS MANGOS,10,2,0.2,12,9,0.75
GENERAL ESCOBED,795001,GESC 7950 MUE SENDERO ESCOBEDO,12,1,0.08333333333333333,12,9,0.75
GUADALAJARA JAL,8601,,12,0,0,12,9,0.75
STA CATARINA NL,27401,STCA 274 MUE COLOSIO,11,1,0.09090909090909091,12,9,0.75
"TORREON, COAH.",114402,,8,1,0.125,8,6,0.75
CHALCO EDO MEX,143702,CHLC 1437 ROP VICENTE GUERRERO,12,1,0.08333333333333333,12,9,0.75
PABELLON DE ARTEAGA,133602,,7,1,0.14285714285714285,8,6,0.75
BAHIA DE BANDERAS,126202,,8,0,0,8,6,0.75
ALAMO TEMAPACHE,97102,,8,0,0,8,6,0.75
CD DEL CARMEN,58402,CDCN 584 -505 CANADA CCA,6,0,0,8,6,0.75
"NOGALES, SONORA",2601,NGLS 26 MUE OBREGON III,12,1,0.08333333333333333,12,9,0.75
"ACATZINGO, PUEBLA",300228,ACTZ INVENTARIOS ZONA I,4,1,0.25,4,3,0.75
"CUERNAVACA, MOR",141602,CNVC 1416 ROP PLAN DE AYALA,12,0,0,12,9,0.75
TEHUACAN PUEBLA,774801,,17,0,0,16,12,0.75
"ALTOTONGA, VER",95702,,14,1,0.07142857142857142,12,9,0.75
"MERIDA, YUCATAN",774902,MRDA 7749 ROP SAMBULA,11,1,0.09090909090909091,12,9,0.75
"YAUTEPEC, MORELOS",75902,,6,1,0.16666666666666666,8,6,0.75
"TLACOTEPEC, PUE",104702,TLCT 1047 ROP JUAREZ,7,2,0.2857142857142857,8,6,0.75
TLAPA DE COMONFORT,662802,,15,2,0.13333333333333333,8,6,0.75
IZTAPALAPA D.F.,90701,,11,0,0,12,9,0.75
"CD OBREGON, SON",1202,CDOB 12 ROP 5 DE FEBRERO,11,1,0.09090909090909091,12,9,0.75
CHIMALHUACAN EM,35801,,16,1,0.0625,16,12,0.75
STA CATARINA NL,27401,,11,0,0,12,9,0.75
CHALCO EDO MEX,143702,,12,0,0,12,9,0.75
NAUCALPAN EDO MEX,141402,,11,1,0.09090909090909091,12,9,0.75
"XALAPA,VERACRUZ",108601,XLPA 1086 MUE ATENAS,12,1,0.08333333333333333,12,9,0.75
"MEXICALI, BCN.",770102,MXLI 7701 ROP SENDERO MEXICALI,16,1,0.0625,16,12,0.75
"TLAXCALA, TLAXC",655302,,13,1,0.07692307692307693,12,9,0.75
"ACATZINGO, PUEBLA",300228,,4,0,0,4,3,0.75
"TORREON, COAH.",114401,,7,1,0.14285714285714285,8,6,0.75
ACATLAN DE PEREZ FIG,116701,,12,0,0,12,9,0.75
TLAQUEPAQUE,105201,TLQP 1052 MUE 8 DE JULIO,12,0,0,12,9,0.75
ECATEPEC DE MOR,45101,,12,1,0.08333333333333333,12,9,0.75
"PARAISO, TAB",95901,PRSO 959 MUE MELCHOR OCAMPO,18,0,0,20,15,0.75
ECATEPEC DE MOR,659002,ECTP 6590 ROP PASEO VENTURA,12,1,0.08333333333333333,12,9,0.75
MIGUEL HGO D.F.,144802,,9,1,0.1111111111111111,12,9,0.75
EZEQUIEL MONTES,117302,EZQM 1173 ROP PLAZA LAS FUENTE,11,2,0.18181818181818182,12,9,0.75
AGUASCALIENTES,39701,,14,2,0.14285714285714285,16,12,0.75
ECATEPEC DE MOR,659002,,12,0,0,12,9,0.75
"TULTITLAN,EDO M",315901,,3,0,0,4,3,0.75
"MORELIA, MICH.",7001,MORL 70 MUE MADERO III,16,1,0.0625,16,12,0.75
AZCAPOTZALCO DF,16602,,13,0,0,12,9,0.75
"LA PAZ, BCS",137302,LPAZ 1373 ROP PALMARES,0,0,0,4,3,0.75
"TOLUCA, EDO MEX",44602,TOLC 446 ROP ENRIQUEZ,12,0,0,12,9,0.75
"PACHUCA,HIDALGO",81601,,12,0,0,12,9,0.75
"LOS MOCHIS, SIN",39301,,16,2,0.125,16,12,0.75
"REYNOSA, TAM.",12101,RYNS 121 MUE MORELOS,21,4,0.19047619047619047,23,17,0.7391304347826086
JOSE AZUETA GRO,32301,,23,0,0,23,17,0.7391304347826086
DEL COYOACAN DF,145101,CYCN 1451 MUE TLALPAN AZTECA,18,1,0.05555555555555555,19,14,0.7368421052631579
"CD GUZMAN, JAL",24401,,19,1,0.05263157894736842,19,14,0.7368421052631579
"MORELIA, MICH.",4202,,20,0,0,19,14,0.7368421052631579
"TIZAYUCA, HIDALGO",40201,TZYC 402 MUE JUAREZ,19,5,0.2631578947368421,19,14,0.7368421052631579
DEL COYOACAN DF,782001,,19,2,0.10526315789473684,19,14,0.7368421052631579
DEL COYOACAN DF,145101,,18,1,0.05555555555555555,19,14,0.7368421052631579
"TIANGUISTENCO,EDOMEX",91101,SNTG 911 MUE NICOLAS BRAVO,18,0,0,19,14,0.7368421052631579
"MERIDA, YUCATAN",19601,,14,1,0.07142857142857142,15,11,0.7333333333333333
SAN LUIS POTOSI,796102,SNLP 7961 ROP SENDERO SAN LUIS,15,1,0.06666666666666667,15,11,0.7333333333333333
VILLA HIDALGO,790002,#N/A,18,1,0.05555555555555555,15,11,0.7333333333333333
AGUASCALIENTES,124102,AGCS 1241 ROP PLAZA ADANA,15,0,0,15,11,0.7333333333333333
"HERMOSILLO, SON",3201,,14,1,0.07142857142857142,15,11,0.7333333333333333
"TEPEJI D RIO D O,HGO",44502,,15,0,0,15,11,0.7333333333333333
"TECAMAC, EDO ME",47201,,15,0,0,15,11,0.7333333333333333
"TECAMAC, EDO ME",765502,TCMC 7655 ROP POWER CENTER,15,2,0.13333333333333333,15,11,0.7333333333333333
SAN LUIS POTOSI,796102,,15,0,0,15,11,0.7333333333333333
ZUMPANGO EDO MEXICO,88101,,16,2,0.125,15,11,0.7333333333333333
"CORTAZAR, GTO",21701,,14,1,0.07142857142857142,15,11,0.7333333333333333
"NUEVO LAREDO, T",22201,,15,0,0,15,11,0.7333333333333333
"NUEVO LAREDO, T",22201,NLRD 222 MUE ALAMEDA,15,0,0,15,11,0.7333333333333333
"MERIDA, YUCATAN",776602,MRDA 7766 ROP LA ISLA MERIDA,13,3,0.23076923076923078,15,11,0.7333333333333333
TEXCOCO EDO MEX,44201,,15,1,0.06666666666666667,15,11,0.7333333333333333
"LOS MOCHIS, SIN",139102,LMCH 1391 ROP SENDERO,15,2,0.13333333333333333,15,11,0.7333333333333333
"NARANJOS, VER",107302,,16,1,0.0625,15,11,0.7333333333333333
GUSTAVO A MADERO DF,119002,,15,3,0.2,15,11,0.7333333333333333
IZTACALCO D.F,90502,,12,2,0.16666666666666666,15,11,0.7333333333333333
"PUEBLA, PUEBLA.",34801,,15,0,0,15,11,0.7333333333333333
"TECAMAC, EDO ME",765502,,15,0,0,15,11,0.7333333333333333
"TIJUANA, BCN",89602,TJNA 896 ROP PASEO 2000,23,2,0.08695652173913043,26,19,0.7307692307692307
CIENEGA DE FLORES,134001,,10,2,0.2,11,8,0.7272727272727273
"COCULA, JALISCO",657801,CCLA 6578 MUE COCULA,11,0,0,11,8,0.7272727272727273
STA CATARINA NL,782102,,11,0,0,11,8,0.7272727272727273
PYA D CARMEN QR,120502,PLYC 1205 ROP JUAREZ,10,0,0,11,8,0.7272727272727273
"QUERETARO, QRO.",9402,,10,0,0,11,8,0.7272727272727273
COATZACOALCOS,122401,CTZC 1224 MUE SENDERO,8,2,0.25,11,8,0.7272727272727273
PYA D CARMEN QR,29102,,22,0,0,22,16,0.7272727272727273
TLAQUEPAQUE,654602,,11,1,0.09090909090909091,11,8,0.7272727272727273
"JAMAY, JALISCO",778701,,11,1,0.09090909090909091,11,8,0.7272727272727273
"QUERETARO, QRO.",9402,QRTO 94 ROP QUINTANA CC,10,3,0.3,11,8,0.7272727272727273
CIENEGA DE FLORES,134001,CNGA 1340 MUE INDEPENDENCIA,13,0,0,11,8,0.7272727272727273
STA CATARINA NL,782102,STCA 7821 MUE SENDERO STA CATA,11,2,0.18181818181818182,11,8,0.7272727272727273
"LINARES, N.L",34602,,12,1,0.08333333333333333,11,8,0.7272727272727273
"MONTERREY, N.L.",11402,MTRY 114 ROP AZTLAN,11,0,0,11,8,0.7272727272727273
"LERDO DE TEJADA, VER",83901,,11,1,0.09090909090909091,11,8,0.7272727272727273
"MEXICALI, BCN.",25802,MXLI 258 ROP JUVENTUD 2000,19,4,0.21052631578947367,22,16,0.7272727272727273
COATZACOALCOS,122402,CTZC 1224 ROP SENDERO,12,0,0,11,8,0.7272727272727273
NAUCALPAN EDO MEX,769602,,11,1,0.09090909090909091,11,8,0.7272727272727273
"MANZANILLO, COL",663001,MZLL 6630 MUE SANTIAGO,9,1,0.1111111111111111,11,8,0.7272727272727273
SAN LUIS POTOSI,772901,,12,1,0.08333333333333333,11,8,0.7272727272727273
CARMEN N.L.,672002,,17,0,0,18,13,0.7222222222222222
"MAZATLAN, SIN.",1902,MZTN 19 ROP SERDAN,17,0,0,18,13,0.7222222222222222
"ZACATELCO, TLAXCACA",80501,,16,1,0.0625,18,13,0.7222222222222222
SAN MARTIN T. P,10902,,18,3,0.16666666666666666,18,13,0.7222222222222222
TAPACHULA CHIAP,30901,TPCH 309 MUE CALLE 3,22,1,0.045454545454545456,25,18,0.72
"PACHUCA,HIDALGO",57402,,7,0,0,7,5,0.7142857142857143
"PASO DEL MACHO, VER",102202,,14,1,0.07142857142857142,14,10,0.7142857142857143
"ZAMORA, MICH.",5302,ZMRA 53 ROP ANA,13,1,0.07692307692307693,14,10,0.7142857142857143
"PROGRESO DE OBR, HGO",40301,PROG 403 MUE PROGRESO,14,1,0.07142857142857142,14,10,0.7142857142857143
"LA PAZ, BCS",782602,,15,1,0.06666666666666667,14,10,0.7142857142857143
"TULTITLAN,EDO M",672101,#N/A,15,1,0.06666666666666667,14,10,0.7142857142857143
TEPOTZOTLAN,71902,TPZT 719 ROPA PLAZA VIRREINAL,7,1,0.14285714285714285,7,5,0.7142857142857143
"ZITACUARO, MICH",116402,,7,0,0,7,5,0.7142857142857143
ATIZAPAN DE ZAR,85801,ATZP 858 MUE CENTRAL,13,0,0,14,10,0.7142857142857143
"CARDEL, VER",653202,CADL 6532 ROP FERRER,7,1,0.14285714285714285,7,5,0.7142857142857143
"CHIHUAHUA, CHI",3701,,14,0,0,14,10,0.7142857142857143
JALPA DE MENDEZ TAB,777602,,15,2,0.13333333333333333,14,10,0.7142857142857143
"ORIZABA, VER.",659502,,7,0,0,7,5,0.7142857142857143
"COATEPEC, VER",133402,COTP 1334 ROP CUAUHTEMOC,6,3,0.5,7,5,0.7142857142857143
"XALAPA,VERACRUZ",60602,,7,0,0,7,5,0.7142857142857143
"IRAPUATO, GTO.",69902,IRPT 699 LEANDRO VALLE,7,1,0.14285714285714285,7,5,0.7142857142857143
"XALAPA,VERACRUZ",60602,XLPA 606 -557 CANADA JAL,7,0,0,7,5,0.7142857142857143
"URUAPAN, MICH.",789301,,13,1,0.07692307692307693,14,10,0.7142857142857143
"AJALPAN, PUE",774102,AJLP 7741 ROP AVILA CAMACHO,14,1,0.07142857142857142,14,10,0.7142857142857143
NEZAHUALCOYOTL,29710,NZTL 297 GTE PLAZA NEZA,2,0,0,7,5,0.7142857142857143
OJUELOS DE JALISCO,125702,,7,0,0,7,5,0.7142857142857143
"CAMARGO, CHI",767302,,6,3,0.5,7,5,0.7142857142857143
TEPOTZOTLAN,71902,,6,0,0,7,5,0.7142857142857143
MEDELLIN,110301,,14,0,0,14,10,0.7142857142857143
TLAHUAC D.F.,93801,TLHC 938 MUE SAN ISIDRO,14,0,0,14,10,0.7142857142857143
"ORIZABA, VER.",659502,ORZB 6595 ROP ORIENTE 6,7,1,0.14285714285714285,7,5,0.7142857142857143
CD CUAUHTEMOC,8001,,14,0,0,14,10,0.7142857142857143
"ORIZABA, VER.",86702,,14,0,0,14,10,0.7142857142857143
SANTA MARIA DEL RIO,125802,,6,1,0.16666666666666666,7,5,0.7142857142857143
"SALTILLO, COAH.",3502,,14,1,0.07142857142857142,14,10,0.7142857142857143
"QUERETARO, QRO.",134302,,14,1,0.07142857142857142,14,10,0.7142857142857143
"REYNOSA, TAM.",75602,RYNS 756 RIBEREÑA,7,0,0,7,5,0.7142857142857143
"PARRAL, CHIHUAH",36002,PRRL 360 ROP NIÑOS HEROES,14,2,0.14285714285714285,14,10,0.7142857142857143
"LEON, GTO.",71102,LEON 711 BELIZARIO DOMINGUEZ,7,0,0,7,5,0.7142857142857143
"MAZATLAN, SIN.",120701,MZTN 1207 MUE SENDERO,14,2,0.14285714285714285,14,10,0.7142857142857143
"NUEVO LAREDO, T",123902,,9,0,0,7,5,0.7142857142857143
TUXTLA GUTIERRE,36201,TXGT 362 MUE NOVENA SUR ORIENT,20,0,0,21,15,0.7142857142857143
"AJALPAN, PUE",774102,,14,0,0,14,10,0.7142857142857143
"QUERETARO, QRO.",134302,QRTO 1343 ROP PEÑAFLOR,14,2,0.14285714285714285,14,10,0.7142857142857143
"SALTILLO, COAH.",9502,SALT 95 ROP LOURDES,14,2,0.14285714285714285,14,10,0.7142857142857143
NANCHITAL DE LAZARO,300580,NCHT INVENTARIOS ZONA I,7,0,0,7,5,0.7142857142857143
"MEXICALI, BCN.",26601,,13,0,0,14,10,0.7142857142857143
"CD VALLES, SLP",65702,,7,1,0.14285714285714285,7,5,0.7142857142857143
"TIJUANA, BCN",70802,TJNA 708 VILLAFONTANA,7,0,0,7,5,0.7142857142857143
MATAMOROS COAH,34402,,13,2,0.15384615384615385,14,10,0.7142857142857143
IZTAPALAPA D.F.,24902,,13,1,0.07692307692307693,14,10,0.7142857142857143
"CADEREYTA, N.L.",127102,,7,0,0,7,5,0.7142857142857143
"PARRAL, CHIHUAH",36002,,14,0,0,14,10,0.7142857142857143
"LERDO DE TEJADA, VER",112102,LRDT 1121 ROP ENRIQUEZ,7,1,0.14285714285714285,7,5,0.7142857142857143
"REYNOSA, TAM.",12102,,19,1,0.05263157894736842,21,15,0.7142857142857143
"NUEVO LAREDO, T",12302,,13,2,0.15384615384615385,14,10,0.7142857142857143
"URUAPAN, MICH.",789301,URPN 7893 MUE GAL METROPOLITAN,12,0,0,14,10,0.7142857142857143
"SALTILLO, COAH.",9502,,15,0,0,14,10,0.7142857142857143
"ZITACUARO, MICH",116402,ZTCR 1164 ROP LERDO,7,0,0,7,5,0.7142857142857143
"ORIZABA, VER.",86702,ORZB 867 ROP 31 ORIENTE,14,0,0,14,10,0.7142857142857143
TLAPACOYAN,104801,,20,0,0,21,15,0.7142857142857143
"CD JUAREZ, CHIU",29202,,14,0,0,14,10,0.7142857142857143
COATZACOALCOS,16801,,18,2,0.1111111111111111,21,15,0.7142857142857143
LAGOS DE MORENO,57802,,7,0,0,7,5,0.7142857142857143
"LA PAZ, BCS",782602,LPAZ 7826 ROP ALAMEDA,15,1,0.06666666666666667,14,10,0.7142857142857143
"TOLUCA, EDO MEX",99902,TOLC 999 ROP OJUELOS,13,1,0.07692307692307693,14,10,0.7142857142857143
TLAPACOYAN,104801,TLPC 1048 MUE HIDALGO,19,3,0.15789473684210525,21,15,0.7142857142857143
"NUEVO LAREDO, T",123902,NLRD 1239 ROP PASEO REFORMA,8,1,0.125,7,5,0.7142857142857143
GUTIERREZ ZAMORA,129001,GTZM 1290 MUE ZAMORA,12,1,0.08333333333333333,14,10,0.7142857142857143
"MINATITLAN, VER",14302,MNTN 143 ROP HIDALGO,26,1,0.038461538461538464,24,17,0.7083333333333334
VALLE DE CHALCO,92702,,17,3,0.17647058823529413,17,12,0.7058823529411765
CUAUTITLAN RR,19901,CTLN 199 MUE SIMON BOLIVAR,17,1,0.058823529411764705,17,12,0.7058823529411765
"IXTAPALUCA, E.M",89401,,20,0,0,17,12,0.7058823529411765
SAN MARTIN T. P,653902,SNMT 6539 ROP EL MOLINO,16,2,0.125,17,12,0.7058823529411765
TEHUACAN PUEBLA,12502,TEHC 125 ROP 3 SUR,16,2,0.125,17,12,0.7058823529411765
OCOTLAN DE MORELOS,68901,OCDM 689 MUE MATAMOROS,13,3,0.23076923076923078,17,12,0.7058823529411765
"MATAMOROS, TAM.",41301,MTMS 413 MUE CONSTITUYENTES,16,0,0,17,12,0.7058823529411765
"ALTOTONGA, VER",95701,,16,1,0.0625,17,12,0.7058823529411765
"MAZATLAN, SIN.",1902,,16,0,0,17,12,0.7058823529411765
"FRESNILLO, ZAC.",3601,,17,1,0.058823529411764705,17,12,0.7058823529411765
SAN MARTIN T. P,653902,,16,0,0,17,12,0.7058823529411765
IXMIQUILPAN HDG,29002,IXMQ 290 ROP DEL ROSAL,18,0,0,17,12,0.7058823529411765
"SALTILLO, COAH.",658901,,10,0,0,10,7,0.7
TLAQUEPAQUE,100602,TLQP 1006 ROP CRUZ DEL SUR,10,1,0.1,10,7,0.7
"NOGALES, SONORA",28102,,20,2,0.1,20,14,0.7
PYA D CARMEN QR,120502,,10,0,0,10,7,0.7
"PUEBLA, PUEBLA.",39901,PBLA 399 MUE DEL PARQUE,19,2,0.10526315789473684,20,14,0.7
TLALNEPANTLA DE,143602,TLNP 1436 ROP GUSTAVO BAZ,11,0,0,10,7,0.7
"JUAREZ, NUEVO LEON",300609,JREZ INVENTARIOS ZONA I,10,0,0,10,7,0.7
"ZAPOPAN, JAL.",782201,,11,1,0.09090909090909091,10,7,0.7
"GUADALUPE, N.L.",30502,GDLP 305 ROP LINDAVISTA,9,0,0,10,7,0.7
"MAZATLAN, SIN.",100202,MZTN 1002 ROP LOS MANGOS,12,1,0.08333333333333333,10,7,0.7
"SALTILLO, COAH.",658901,SALT 1589 MUE PORTALES,10,1,0.1,10,7,0.7
AZCAPOTZALCO DF,143101,,11,1,0.09090909090909091,10,7,0.7
"POZA RICA, VER.",118101,PZRC 1181 MUE 27 DE SEPTIEMBRE,13,0,0,13,9,0.6923076923076923
"AHUALULCO DE ME, JAL",120801,AHLC 1208 MUE JAVIER MINA,13,0,0,13,9,0.6923076923076923
"HERMOSILLO, SON",1601,HLLO 16 MUE ELIAS CALLES,14,1,0.07142857142857142,13,9,0.6923076923076923
SAN ANDRES TUXTLA,40001,SNAT 400 MUE 5 DE FEBRERO,12,1,0.08333333333333333,13,9,0.6923076923076923
"POZA RICA, VER.",118101,,13,0,0,13,9,0.6923076923076923
"PUEBLA, PUEBLA.",7101,,12,0,0,13,9,0.6923076923076923
TUXTLA GUTIERRE,41602,,13,0,0,13,9,0.6923076923076923
VENUSTIANO CARRANZA,792701,,11,0,0,13,9,0.6923076923076923
"ZAPOPAN, JAL.",133801,ZPPN 1338 MUE MESA COLORADA,11,3,0.2727272727272727,13,9,0.6923076923076923
"HERMOSILLO, SON",104201,,13,0,0,13,9,0.6923076923076923
SAN JUAN D RIO,27901,,26,0,0,26,18,0.6923076923076923
"PUEBLA, PUEBLA.",7301,PBLA 73 MUE 8 PONIENTE,12,0,0,13,9,0.6923076923076923
"CHAHUITES, OAXACA",776501,CHHE 7765 MUE LOS MANGOS,13,1,0.07692307692307693,13,9,0.6923076923076923
SAN ANDRES TUXTLA,40001,,11,1,0.09090909090909091,13,9,0.6923076923076923
"ISLA, VERACRUZ",100701,ISLA 1007 MUE RAUL SANDOVAL II,12,3,0.25,13,9,0.6923076923076923
"COSCOMATEPEC, VER",108401,,13,0,0,13,9,0.6923076923076923
CUAUTEPEC DE HINOJOS,119401,,13,1,0.07692307692307693,13,9,0.6923076923076923
"EL SALTO, JAL",766402,,15,1,0.06666666666666667,13,9,0.6923076923076923
"CUAUTLANCINGO, PUE",107802,,13,0,0,13,9,0.6923076923076923
"CADEREYTA, N.L.",27602,CDTA 276 ROP LAS PALMAS,12,1,0.08333333333333333,13,9,0.6923076923076923
MOTUL,36702,,13,2,0.15384615384615385,13,9,0.6923076923076923
"EL SALTO, JAL",766402,ELST 7664 ROP EL SALTO (LOS SA,13,2,0.15384615384615385,13,9,0.6923076923076923
"ZAPOPAN, JAL.",133801,,12,0,0,13,9,0.6923076923076923
"TIJUANA, BCN",662501,,12,2,0.16666666666666666,13,9,0.6923076923076923
"CHAHUITES, OAXACA",776501,,12,1,0.08333333333333333,13,9,0.6923076923076923
"CD MADERO, TAMA",35302,CDMD 353 ROP MONTERREY,13,0,0,13,9,0.6923076923076923
"TIJUANA, BCN",667301,TJNA 6673 MUE MACLOVIO ROJAS,11,1,0.09090909090909091,13,9,0.6923076923076923
"PUEBLA, PUEBLA.",7301,,12,0,0,13,9,0.6923076923076923
"MAZATLAN, SIN.",112301,MZTN 1123 MUE COLOSIO,12,1,0.08333333333333333,13,9,0.6923076923076923
"GARCIA, NUEVO LEON",130901,GRCI 1309 MUE LINCOLN,11,1,0.09090909090909091,13,9,0.6923076923076923
CIENEGA DE FLORES,99702,CNGA 997 ROP PLAZOLETA,14,1,0.07142857142857142,13,9,0.6923076923076923
TLAJOMULCO DE Z,656801,TLJM 6568 MUE CONCEPCION,12,1,0.08333333333333333,13,9,0.6923076923076923
TUXTLA GUTIERRE,41602,TXGT 416 ROP PLAZA DEL SOL,13,1,0.07692307692307693,13,9,0.6923076923076923
CHIMALHUACAN EM,133302,,15,0,0,13,9,0.6923076923076923
"TECAMAC, EDO ME",26102,,13,0,0,13,9,0.6923076923076923
CHIMALHUACAN EM,133302,CHCN 1333 ROP LOS PATOS,15,1,0.06666666666666667,13,9,0.6923076923076923
LOS REYES LAPAZ,142702,,14,1,0.07142857142857142,13,9,0.6923076923076923
CHIMALHUACAN EM,108801,,14,0,0,13,9,0.6923076923076923
"CD MADERO, TAMA",35302,,12,0,0,13,9,0.6923076923076923
TULTEPEC,94302,,13,1,0.07692307692307693,13,9,0.6923076923076923
TLAQUEPAQUE,109701,TLQP 1097 MUE LAS PINTAS,13,0,0,13,9,0.6923076923076923
TEOLOYUCAN EDME,81301,,12,2,0.16666666666666666,13,9,0.6923076923076923
"PARRAL, CHIHUAH",14901,,13,1,0.07692307692307693,13,9,0.6923076923076923
"HERMOSILLO, SON",104201,HLLO 1042 MUE QUIROGA,11,2,0.18181818181818182,13,9,0.6923076923076923
"HERMOSILLO, SON",1801,HLLO 18 MUE GUERRERO,13,1,0.07692307692307693,13,9,0.6923076923076923
CUAUTITLAN IZCA,15101,CTLZ 151 MUE PLAZA IZCALLI,13,0,0,13,9,0.6923076923076923
"TLAXCALA, TLAXC",655301,TLXL 6553 MUE BANDERA,13,0,0,13,9,0.6923076923076923
"TIJUANA, BCN",667301,,11,0,0,13,9,0.6923076923076923
"MUZQUIZ, COAH",762501,MUIZ 7625 MUE ZARAGOZA,12,0,0,13,9,0.6923076923076923
"XONACATLAN, EDO DE M",790702,,14,2,0.14285714285714285,13,9,0.6923076923076923
"CADEREYTA, N.L.",27602,,13,1,0.07692307692307693,13,9,0.6923076923076923
SAN LUIS POTOSI,796101,SNLP 7961 MUE SENDERO SAN LUIS,12,0,0,13,9,0.6923076923076923
CABO SAN LUCAS,799802,CSLC7998 ROP FM LOS CABOS,13,0,0,13,9,0.6923076923076923
ECATEPEC DE MOR,45101,ECTP 451 MUE RECURSOS,12,1,0.08333333333333333,13,9,0.6923076923076923
CUAUTITLAN RR,48801,,12,2,0.16666666666666666,13,9,0.6923076923076923
CUAUTEPEC DE HINOJOS,119401,CTPH 1194 MUE JUAREZ,13,0,0,13,9,0.6923076923076923
IZTAPALAPA D.F.,45502,IZTP 455 ROP ERMITA IZTAPALAPA,29,1,0.034482758620689655,29,20,0.6896551724137931
SAN LUIS POTOSI,651201,SNLP 6512 MUE EL SAUCITO,15,1,0.06666666666666667,16,11,0.6875
TEXCOCO EDO MEX,44201,TXCC 442 MUE LA PUERTA,15,0,0,16,11,0.6875
"HUAUCHINANGO,PUEBLA",43301,,16,0,0,16,11,0.6875
"VALLADOLID, YUCATAN",46302,,16,0,0,16,11,0.6875
SALINA CRUZ OAX,130301,,15,2,0.13333333333333333,16,11,0.6875
"HUATABAMPO, SON",6702,,15,0,0,16,11,0.6875
VILLA HIDALGO,790002,,20,0,0,16,11,0.6875
"PUEBLA, PUEBLA.",15501,PBLA 155 MUE 18 DE NOVIEMB,16,1,0.0625,16,11,0.6875
TEXCOCO EDO MEX,784802,TXCC 7848 ROP LEANDRO VALLE,15,0,0,16,11,0.6875
OAXACA OAXACA,36302,OAXC 363 ROP HIDALGO,17,0,0,16,11,0.6875
"LA PIEDAD, MICH",661802,,12,0,0,16,11,0.6875
"VALLADOLID, YUCATAN",46302,VLLD 463 ROP CALLE 40,16,1,0.0625,16,11,0.6875
"JUAREZ, NUEVO LEON",33102,JREZ 331 ROP SENDERO,14,1,0.07142857142857142,16,11,0.6875
"MEXICALI, BCN.",770102,,15,0,0,16,11,0.6875
"JUAREZ, NUEVO LEON",33102,,17,0,0,16,11,0.6875
"SALTILLO, COAH.",793402,,13,0,0,16,11,0.6875
GENERAL ESCOBED,11802,,16,1,0.0625,16,11,0.6875
"MORELIA, MICH.",7002,,16,2,0.125,16,11,0.6875
"SALTILLO, COAH.",793402,SALT 7934 ROP VICTORIA,13,1,0.07692307692307693,16,11,0.6875
ACOLMAN,779701,,13,1,0.07692307692307693,16,11,0.6875
"ENSENADA, BCN",26501,ENSD 265 MUE PALMERAS,16,2,0.125,16,11,0.6875
ALAMO TEMAPACHE,97202,,16,1,0.0625,16,11,0.6875
TUXTLA GUTIERRE,41601,,14,2,0.14285714285714285,16,11,0.6875
TEXCOCO EDO MEX,784802,,15,0,0,16,11,0.6875
"TECAMACHALCO,PU",76302,,15,3,0.2,16,11,0.6875
"PUEBLA, PUEBLA.",15501,,16,1,0.0625,16,11,0.6875
"HUAUCHINANGO,PUEBLA",43301,HCHG 433 MUE HIDALGO,16,1,0.0625,16,11,0.6875
HUEJUTLA DE REYES,93001,,35,4,0.11428571428571428,35,24,0.6857142857142857
HUEJUTLA DE REYES,93001,HJTL 930 MUE CANTORES,36,6,0.16666666666666666,35,24,0.6857142857142857
"COLIMA, COL.",20601,CLMA 206 MUE TECNOLOGICO,18,0,0,19,13,0.6842105263157895
"TLAXCALA, TLAXC",43802,TLXL 438 ROP XITLALPOPOCATL,17,0,0,19,13,0.6842105263157895
"JILOTEPEC, EDO MEX",48401,JLME 484 MUE MOLINA,18,1,0.05555555555555555,19,13,0.6842105263157895
OAXACA OAXACA,86401,,19,2,0.10526315789473684,19,13,0.6842105263157895
"CD GUZMAN, JAL",24401,CDGZ 244 MUE REFORMA,19,2,0.10526315789473684,19,13,0.6842105263157895
PUERTO ESCONDIDO,94702,PTOE ROP AVENIDA OAXACA,23,0,0,22,15,0.6818181818181818
"CELAYA, GTO.",6001,,21,3,0.14285714285714285,25,17,0.68
TAPACHULA CHIAP,30901,,23,0,0,25,17,0.68
S FCO D RINCON,356974,,3,0,0,3,2,0.6666666666666666
LOS REYES LAPAZ,142702,LPYP 1427 ROP TEPOZAN,14,0,0,12,8,0.6666666666666666
"LEON, GTO.",24602,,12,1,0.08333333333333333,12,8,0.6666666666666666
CHICOLOAPAN EM,300666,,3,0,0,3,2,0.6666666666666666
"LEON, GTO.",651902,,11,2,0.18181818181818182,12,8,0.6666666666666666
"TENOSIQUE, TAB",650902,,14,1,0.07142857142857142,12,8,0.6666666666666666
ZUMPANGO EDO MEXICO,88102,ZPGO 881 ROP PLAZA ZUMPANGO,12,0,0,12,8,0.6666666666666666
"TECAMAC, EDO ME",34902,TCMC 349 ROP 5 DE MAYO,12,0,0,12,8,0.6666666666666666
ACOLMAN,779702,ACLM 7797 ROP REAL DEL VALLE,12,0,0,21,14,0.6666666666666666
"PUEBLA, PUEBLA.",42602,,15,2,0.13333333333333333,15,10,0.6666666666666666
"DURANGO, DGO.",677301,,14,0,0,3,2,0.6666666666666666
ECATEPEC DE MOR,82701,ECTP 827 TECNOLOGICO,11,1,0.09090909090909091,12,8,0.6666666666666666
ECATEPEC DE MOR,121902,ECTP 1219 ROP MEXIPUERTO,6,0,0,6,4,0.6666666666666666
ECATEPEC DE MOR,763702,ECTP 7637 MUE CHICONAUTLA,12,0,0,12,8,0.6666666666666666
SAN MARTIN HIDALGO,113702,SNMH 1137 ROP JUAREZ,6,0,0,6,4,0.6666666666666666
ECATEPEC DE MOR,144901,ECTP 1449 MUE CERRO GORDO,12,0,0,12,8,0.6666666666666666
COACALCO DE BAR,143002,CCLC 1430 ROP LAS FLORES,11,2,0.18181818181818182,12,8,0.6666666666666666
TLALPAN D.F.,767202,,12,2,0.16666666666666666,12,8,0.6666666666666666
EZEQUIEL MONTES,300423,,2,0,0,3,2,0.6666666666666666
"CORDOBA, VER.",114501,,12,0,0,12,8,0.6666666666666666
"PIEDRAS NEGRAS, COAH",64502,,6,0,0,6,4,0.6666666666666666
COATZACOALCOS,60102,CTZC 601 -552 CANADA COA,15,2,0.13333333333333333,15,10,0.6666666666666666
"TEQUILA, JALISCO",356927,TQLA INVENTARIOS ZONA I,3,0,0,3,2,0.6666666666666666
"TRES VALLES, VER",88301,,19,2,0.10526315789473684,18,12,0.6666666666666666
"CD JUAREZ, CHIU",5401,CDJZ 54 MUE LOPEZ MATEOS,14,0,0,15,10,0.6666666666666666
SAN LUIS POTOSI,772902,SNLP 7729 ROP RICARDO B ANAYA,11,2,0.18181818181818182,12,8,0.6666666666666666
"ACAMBARO, GTO",23202,ACBO 232 ROP HIDALGO,15,0,0,15,10,0.6666666666666666
IZTACALCO D.F,141501,,11,0,0,12,8,0.6666666666666666
"GUANAJUATO, GTO",52002,GJTO 520 -234 CANADA GTO,8,0,0,9,6,0.6666666666666666
SAN LUIS POTOSI,325902,SNLP ZONA III,3,0,0,3,2,0.6666666666666666
"TRES VALLES, VER",88302,,13,0,0,12,8,0.6666666666666666
HUEJUTLA DE REYES,336201,,3,0,0,3,2,0.6666666666666666
CUAUHTEMOC D.F.,773001,CTMC 7730 MUE LAZARO CARDENAS,11,2,0.18181818181818182,12,8,0.6666666666666666
"SALAMANCA, GTO",131401,SLMC 1314 MUE POWER TOWN,12,0,0,12,8,0.6666666666666666
MONTEMORELOS,760402,,6,0,0,6,4,0.6666666666666666
BOCA DEL RIO,778801,,13,0,0,12,8,0.6666666666666666
"LA PAZ, BCS",307501,,1,1,1,3,2,0.6666666666666666
VERACRUZ VER,326203,,3,1,0.3333333333333333,3,2,0.6666666666666666
JALPA DE MENDEZ TAB,777601,JAMX 7776 MUE JALPA,14,1,0.07142857142857142,15,10,0.6666666666666666
MARTINEZ DE TOR,70002,,7,1,0.14285714285714285,6,4,0.6666666666666666
"TICUL, YUCATAN",300477,,3,1,0.3333333333333333,3,2,0.6666666666666666
ACAJETE,118902,ACJT 1189 ROP ACAJETE,15,1,0.06666666666666667,15,10,0.6666666666666666
"TOLUCA, EDO MEX",87201,TOLC 872 MUE PLAZA SANTIN,18,0,0,21,14,0.6666666666666666
"ZACATELCO, TLAXCACA",80501,ZTLO 805 MUE ITURBIDE,16,1,0.0625,18,12,0.6666666666666666
"CELAYA, GTO.",356964,CLYA INVENTARIOS ZONA I,3,0,0,3,2,0.6666666666666666
COACALCO DE BAR,143002,,12,1,0.08333333333333333,12,8,0.6666666666666666
"TLAXCALA, TLAXC",655302,TLXL 6553 ROP BANDERA,13,2,0.15384615384615385,12,8,0.6666666666666666
"XALAPA,VERACRUZ",300664,XLPA INVENTARIOS ZONA II,3,0,0,3,2,0.6666666666666666
"CUERNAVACA, MOR",141601,,12,0,0,12,8,0.6666666666666666
"IRAPUATO, GTO.",8501,IRPT 85 MUE CORONA,18,0,0,18,12,0.6666666666666666
GUADALAJARA JAL,326404,GDLJ ZONA VIII,6,0,0,6,4,0.6666666666666666
"QUERETARO, QRO.",326701,QRTO ZONA II,3,0,0,3,2,0.6666666666666666
CHIAUTLA DE TAPIA,300404,CHTL INVENTARIOS ZONA I,3,0,0,3,2,0.6666666666666666
SANTIAGO PINOTEPA NA,339101,SNTP ZONA,3,2,0.6666666666666666,3,2,0.6666666666666666
ACOLMAN,768602,,12,1,0.08333333333333333,12,8,0.6666666666666666
S FCO D RINCON,356974,SNFR INVENTARIOS ZONA I,2,0,0,3,2,0.6666666666666666
"HERMOSILLO, SON",312101,HLLO ZONA II,2,1,0.5,3,2,0.6666666666666666
"HERMOSILLO, SON",327203,HLLO ZONA V,3,1,0.3333333333333333,3,2,0.6666666666666666
"NOGALES, SONORA",775901,,11,1,0.09090909090909091,12,8,0.6666666666666666
TEHUACAN PUEBLA,774802,TEHC 7748 ROP LOPEZ MATEOS,12,2,0.16666666666666666,15,10,0.6666666666666666
"HERMOSILLO, SON",64002,,5,2,0.4,6,4,0.6666666666666666
"PUEBLA, PUEBLA.",322101,PBLA ZONA III,3,0,0,3,2,0.6666666666666666
"SALTILLO, COAH.",650002,,14,0,0,15,10,0.6666666666666666
"ACAMBAY, EDTO DE MEX",794202,,10,3,0.3,15,10,0.6666666666666666
"CD OBREGON, SON",1202,,12,1,0.08333333333333333,12,8,0.6666666666666666
TLALNEPANTLA DE,106602,TLNP 1066 ROP SAN ANDRES,6,0,0,6,4,0.6666666666666666
SAN LUIS RIO CO,310501,,4,0,0,3,2,0.6666666666666666
"CANANEA, SON",96001,,14,0,0,15,10,0.6666666666666666
"SAN BUENAVENTURA, CH",760801,SBUA 7608 MUE BUENAVENTURA,11,1,0.09090909090909091,12,8,0.6666666666666666
SAN ANDRES TUXTLA,325102,,3,0,0,3,2,0.6666666666666666
"PUEBLA, PUEBLA.",38601,PBLA 386 MUE CHAPULCO,12,0,0,12,8,0.6666666666666666
TLAQUEPAQUE,777201,,12,1,0.08333333333333333,12,8,0.6666666666666666
VILLA CORREGIDORA,102002,VCRG 1020 ROP EL PUEBLITO,6,0,0,6,4,0.6666666666666666
ACOLMAN,768601,,12,0,0,12,8,0.6666666666666666
"CORTAZAR, GTO",21701,CRTZ 217 MUE JUAREZ,13,1,0.07692307692307693,15,10,0.6666666666666666
ECATEPEC DE MOR,82701,,12,1,0.08333333333333333,12,8,0.6666666666666666
"APODACA, N.L.",46802,,22,0,0,21,14,0.6666666666666666
VILLAHERMOSA,28802,VLLH 288 ROP JUAREZ,14,1,0.07142857142857142,12,8,0.6666666666666666
OAXACA OAXACA,306602,OAXC ZONA II,3,1,0.3333333333333333,3,2,0.6666666666666666
SAN LUIS POTOSI,325902,,3,0,0,3,2,0.6666666666666666
OAXACA OAXACA,86401,OAXC 864 MUE PLAZA BELLA,19,0,0,18,12,0.6666666666666666
PONCITLAN,300529,,3,0,0,3,2,0.6666666666666666
"MANZANILLO, COL",21501,,19,0,0,18,12,0.6666666666666666
"TIJUANA, BCN",789702,,10,3,0.3,15,10,0.6666666666666666
MONTEMORELOS,760402,MNTM 7604 ROP ZARAGOZA,5,0,0,6,4,0.6666666666666666
"GUANAJUATO, GTO",52002,,8,0,0,9,6,0.6666666666666666
STA CATARINA NL,91502,,15,1,0.06666666666666667,15,10,0.6666666666666666
"EL SALTO, JAL",85201,,15,0,0,15,10,0.6666666666666666
"LOS MOCHIS, SIN",139102,,16,0,0,15,10,0.6666666666666666
"TOLUCA, EDO MEX",108202,,5,1,0.2,6,4,0.6666666666666666
"PURUANDIRO, MICH",121802,,12,1,0.08333333333333333,12,8,0.6666666666666666
SAN LUIS POTOSI,668001,,8,2,0.25,12,8,0.6666666666666666
OAXACA OAXACA,306602,,3,0,0,3,2,0.6666666666666666
OJINAGA,119701,OJNG 1197 MUE OJINAGA,11,1,0.09090909090909091,12,8,0.6666666666666666
AMECAMECA EDO M,300293,AMCM INVENTARIOS ZONA I,3,0,0,3,2,0.6666666666666666
AMECAMECA EDO M,66902,AMCM 669 HIDALGO,7,0,0,9,6,0.6666666666666666
"GUASAVE, SIN.",18301,,15,0,0,15,10,0.6666666666666666
"GUADALUPE, N.L.",300598,GDLP INVENTARIOS ZONA I,3,0,0,3,2,0.6666666666666666
"LINARES, N.L",28601,,13,1,0.07692307692307693,12,8,0.6666666666666666
"GUADALUPE, N.L.",348002,GDLP ZONA II MTRY II,4,1,0.25,3,2,0.6666666666666666
"GUADALUPE, N.L.",13502,GDLP 135 ROP GPE GUADALUPE,12,2,0.16666666666666666,12,8,0.6666666666666666
"CAMARGO, CHI",115102,,15,1,0.06666666666666667,15,10,0.6666666666666666
CUAJIMALPA D.F.,116302,,6,0,0,6,4,0.6666666666666666
CHETUMAL QROO,311201,,2,0,0,3,2,0.6666666666666666
"MAZATLAN, SIN.",23802,MZTN 238 ROP PZA SANTA ROS,19,1,0.05263157894736842,18,12,0.6666666666666666
"TEQUILA, JALISCO",356927,,3,0,0,3,2,0.6666666666666666
"ENSENADA, BCN",7701,,15,2,0.13333333333333333,15,10,0.6666666666666666
"HERMOSILLO, SON",312101,,3,0,0,3,2,0.6666666666666666
OCOYOACAC EDO MEXICO,72502,,7,0,0,9,6,0.6666666666666666
"HERMOSILLO, SON",327203,,2,0,0,3,2,0.6666666666666666
CARMEN N.L.,672001,#N/A,12,0,0,12,8,0.6666666666666666
PONCITLAN,300529,PNTL INVENTARIOS ZONA I,2,1,0.5,3,2,0.6666666666666666
SAN MARTIN HIDALGO,113702,,6,0,0,6,4,0.6666666666666666
IZUCAR DE MAT P,22302,IZCR 223 ROP SERDAN,17,1,0.058823529411764705,18,12,0.6666666666666666
GUSTAVO A MADERO DF,775401,GAMD 7754 MUE PUERTA ARAGON,13,1,0.07692307692307693,12,8,0.6666666666666666
"TULTITLAN,EDO M",672101,,16,0,0,15,10,0.6666666666666666
GENERAL ESCOBED,18802,GESC 188 ROP SENDERO NORTE,12,2,0.16666666666666666,12,8,0.6666666666666666
GUADALAJARA JAL,46201,,8,1,0.125,9,6,0.6666666666666666
"NUEVO LAREDO, T",309701,NLRD ZONA,5,1,0.2,6,4,0.6666666666666666
NAUCALPAN EDO MEX,141402,NCPN 1414 ROP GRAN TERRAZA,11,3,0.2727272727272727,12,8,0.6666666666666666
AGUASCALIENTES,52502,,6,1,0.16666666666666666,6,4,0.6666666666666666
STA CATARINA NL,91502,STCA 915 ROP LA PUERTA,15,0,0,15,10,0.6666666666666666
"COMPOSTELA, NAY",654502,,5,1,0.2,6,4,0.6666666666666666
"TULTITLAN,EDO M",672401,,12,1,0.08333333333333333,12,8,0.6666666666666666
GUSTAVO A MADERO DF,145001,GAMD 1450 MUE CIEN METROS,12,0,0,12,8,0.6666666666666666
"MONTERREY, N.L.",65502,MTRY 655 -752 CANADA MTY,1,2,2,6,4,0.6666666666666666
VILLA CORREGIDORA,102002,,6,0,0,6,4,0.6666666666666666
"MONTERREY, N.L.",652101,MTRY 1521 MUE SAN JOSE,13,1,0.07692307692307693,12,8,0.6666666666666666
"CUERNAVACA, MOR",141601,CNVC 1416 MUE PLAN DE AYALA,12,0,0,12,8,0.6666666666666666
SALINAS VICTORIA NL,136202,,13,2,0.15384615384615385,12,8,0.6666666666666666
"PUEBLA, PUEBLA.",7302,,12,0,0,12,8,0.6666666666666666
"SALTILLO, COAH.",650002,SALT 6500 ROP SENDERO,14,2,0.14285714285714285,15,10,0.6666666666666666
"CANANEA, SON",96001,CNEA 960 MUE JUAREZ,13,2,0.15384615384615385,15,10,0.6666666666666666
"GUADALUPE, N.L.",300598,,3,0,0,3,2,0.6666666666666666
AMECAMECA EDO M,300293,,3,0,0,3,2,0.6666666666666666
"ROSARITO, BCN",22501,RSTO 225 MUE VILLAFLOREST,14,0,0,15,10,0.6666666666666666
"ENSENADA, BCN",302602,ENSD ZONA II,5,0,0,6,4,0.6666666666666666
"PIEDRAS NEGRAS, COAH",64502,PNGS 645 -718 CANADA PNE,6,2,0.3333333333333333,6,4,0.6666666666666666
CHALCO EDO MEX,783302,,6,0,0,6,4,0.6666666666666666
"MARAVATIO, MICH",300551,,8,0,0,9,6,0.6666666666666666
"MERIDA, YUCATAN",31401,,13,0,0,12,8,0.6666666666666666
CHICOLOAPAN EM,300666,SNVC INVENTARIOS ZONA I,3,0,0,3,2,0.6666666666666666
STA CATARINA NL,149302,,7,1,0.14285714285714285,6,4,0.6666666666666666
"JUCHITAN DE Z, OAXAC",45002,,18,2,0.1111111111111111,15,10,0.6666666666666666
COMITAN D D CHI,88202,CMTN 882 ROP PLAZA LAS FLORES,8,0,0,9,6,0.6666666666666666
CUAUHTEMOC D.F.,773001,,12,0,0,12,8,0.6666666666666666
"TIJUANA, BCN",41702,TJNA 417 ROP SANTA ANITA,12,0,0,12,8,0.6666666666666666
"NUEVO LAREDO, T",309701,,5,0,0,6,4,0.6666666666666666
"COMALCALCO, TAB",32902,CMLC 329 ROP LOPEZ MATEOS,16,0,0,12,8,0.6666666666666666
"TULA, HIDALGO",26702,,16,0,0,15,10,0.6666666666666666
SAN LUIS RIO CO,310501,SNRC ZONA,3,0,0,3,2,0.6666666666666666
TEXCOCO EDO MEX,44302,,11,1,0.09090909090909091,12,8,0.6666666666666666
SAN ANDRES TUXTLA,325102,SNAT ZONA II,3,0,0,3,2,0.6666666666666666
"IZAMAL, YUC",761502,IZAL 7615 ROP ZAMNA,12,0,0,12,8,0.6666666666666666
"TANTOYUCA, VER",324901,,3,0,0,3,2,0.6666666666666666
SAN JOSE DE ITURBIDE,94202,,19,2,0.10526315789473684,18,12,0.6666666666666666
OJINAGA,119701,,12,0,0,12,8,0.6666666666666666
"TANTOYUCA, VER",324901,TTYC ZONA,3,1,0.3333333333333333,3,2,0.6666666666666666
CHETUMAL QROO,311201,CHTM ZONA,2,2,1,3,2,0.6666666666666666
"TIJUANA, BCN",41702,,12,0,0,12,8,0.6666666666666666
GENERAL ESCOBED,795001,,13,0,0,12,8,0.6666666666666666
SOLEDAD DE G S,28901,SGRN 289 MUE LOS PINOS,15,0,0,15,10,0.6666666666666666
EZEQUIEL MONTES,300423,EZQM INVENTARIOS ZONA I,2,1,0.5,3,2,0.6666666666666666
"TULANCINGO, HGO",316402,,3,0,0,6,4,0.6666666666666666
"DURANGO, DGO.",677301,#N/A,14,1,0.07142857142857142,3,2,0.6666666666666666
"RINCONADA, VER",656902,,8,2,0.25,9,6,0.6666666666666666
"CHIHUAHUA, CHI",18202,,12,1,0.08333333333333333,12,8,0.6666666666666666
"CD JUAREZ, CHIU",5401,,15,1,0.06666666666666667,15,10,0.6666666666666666
"EL SALTO, JAL",85201,ELST 852 MUE PLAZA EL SALTO,14,2,0.14285714285714285,15,10,0.6666666666666666
GUADALAJARA JAL,356916,GDLJ INVENTAROS ZONA I,3,0,0,3,2,0.6666666666666666
"QUERETARO, QRO.",761702,,6,0,0,6,4,0.6666666666666666
TUXTLA GUTIERRE,36202,,18,2,0.1111111111111111,18,12,0.6666666666666666
"GOMEZ PAL, DGO.",302502,,3,0,0,3,2,0.6666666666666666
BENITO JUAREZ QROO,112202,CNCN 1122 ROP LAK IN,14,3,0.21428571428571427,15,10,0.6666666666666666
TUXTLA GUTIERRE,36201,,20,1,0.05,21,14,0.6666666666666666
"MERIDA, YUCATAN",31401,MRDA 314 MUE PLAZA FIESTA,13,1,0.07692307692307693,12,8,0.6666666666666666
STA CATARINA NL,133702,,8,0,0,6,4,0.6666666666666666
"MERIDA, YUCATAN",19601,MRDA 196 MUE PLAZA DORADA,15,2,0.13333333333333333,15,10,0.6666666666666666
CUAUHTEMOC D.F.,84001,CTMC 840 MUE LAGUNILLA,11,1,0.09090909090909091,12,8,0.6666666666666666
COACALCO DE BAR,18902,,11,1,0.09090909090909091,12,8,0.6666666666666666
"CHIHUAHUA, CHI",300201,,3,1,0.3333333333333333,3,2,0.6666666666666666
TLAJOMULCO DE Z,106902,TLJM 1069 ROP UNION 4,6,0,0,6,4,0.6666666666666666
GUSTAVO A MADERO DF,775401,,13,0,0,12,8,0.6666666666666666
"GUADALUPE, N.L.",348002,,5,0,0,3,2,0.6666666666666666
S JOSE DEL CABO,14502,SNJC 145 ROP MANUEL DOBLAD,11,1,0.09090909090909091,12,8,0.6666666666666666
LERMA DE VILLADA EDM,79502,LERM 795 REOLIN,7,1,0.14285714285714285,9,6,0.6666666666666666
"LEON, GTO.",785901,LEON 7859 MUE TORRES LANDA,9,2,0.2222222222222222,12,8,0.6666666666666666
OCOYOACAC EDO MEXICO,72502,OCOY 725 GUADALUPE VICTORIA,7,0,0,9,6,0.6666666666666666
GUSTAVO A MADERO DF,145001,,12,0,0,12,8,0.6666666666666666
"ALTOTONGA, VER",95702,ALTT 957 ROP ALLENDE,13,1,0.07692307692307693,12,8,0.6666666666666666
"OCOSINGO, CHIAPAS",300257,,2,1,0.5,3,2,0.6666666666666666
"URUAPAN, MICH.",6902,URPN 69 ROP CUPATITZIO,15,2,0.13333333333333333,18,12,0.6666666666666666
"MARAVATIO, MICH",300551,MRVT INVENTARIOS ZONA I,8,0,0,9,6,0.6666666666666666
TLAHUAC D.F.,139301,,8,0,0,9,6,0.6666666666666666
A. OBREGON D.F.,74102,,6,0,0,6,4,0.6666666666666666
HUEJUTLA DE REYES,336201,HJTL ZONA,3,0,0,3,2,0.6666666666666666
ECATEPEC DE MOR,83301,ECTP 833 MUE ALLENDE,14,0,0,12,8,0.6666666666666666
"NARANJOS, VER",107302,NRJS 1073 ROP JUSTO SIERRA,16,1,0.0625,15,10,0.6666666666666666
AMEALCO DE BONFIL,300424,AMEO INVENTARIOS ZONA I,3,0,0,3,2,0.6666666666666666
"MONTERREY, N.L.",652101,,12,1,0.08333333333333333,12,8,0.6666666666666666
AZCAPOTZALCO DF,304501,AZCP ZONA,3,0,0,3,2,0.6666666666666666
VERACRUZ VER,16002,VRCZ 160 ROP HIDALGO,27,2,0.07407407407407407,29,19,0.6551724137931034
"JOJUTLA, MORELOS",93102,,23,1,0.043478260869565216,23,15,0.6521739130434783
"JOJUTLA, MORELOS",93102,JJTL 931 ROP BUGAMBILIAS,23,1,0.043478260869565216,23,15,0.6521739130434783
"REYNOSA, TAM.",12101,,21,0,0,23,15,0.6521739130434783
HUEJUTLA DE REYES,93002,HJTL 930 ROP CANTORES,26,3,0.11538461538461539,23,15,0.6521739130434783
VERACRUZ VER,657002,,17,0,0,20,13,0.65
"HERMOSILLO, SON",104202,,18,0,0,20,13,0.65
"CHIHUAHUA, CHI",6202,CHUA 62 ROP TECNOLOGICO,19,0,0,20,13,0.65
ZUMPANGO EDO MEXICO,38901,ZPGO 389 MUE GUSTAVO BAZ,20,2,0.1,20,13,0.65
"PARAISO, TAB",95901,,18,2,0.1111111111111111,20,13,0.65
"NOGALES, SONORA",28102,NGLS 281 ROP COLOSIO,20,1,0.05,20,13,0.65
"LA PIEDAD, MICH",661802,LPDD 6618 ROP LAZARO CARDENAS,12,0,0,17,11,0.6470588235294118
"COLIMA, COL.",6501,CLMA 65 MUE MADERO II,15,1,0.06666666666666667,17,11,0.6470588235294118
"FRESNILLO, ZAC.",3601,FLLO 36 MUE MADERO,18,0,0,17,11,0.6470588235294118
CHIMALHUACAN EM,35801,CHCN 358 MUE PEÑON,16,0,0,17,11,0.6470588235294118
"ALTOTONGA, VER",95701,ALTT 957 MUE ALLENDE,17,1,0.058823529411764705,17,11,0.6470588235294118
"TEZONAPA, VER",100401,TZNP 1004 MUE HIDALGO,15,1,0.06666666666666667,17,11,0.6470588235294118
"VALLARTA, JAL.",27101,PVLL 271 MUE FCO VILLA,16,0,0,17,11,0.6470588235294118
"DOLORES HIDALGO,GTO",38402,,18,0,0,17,11,0.6470588235294118
"GUAYMAS, SONORA",4602,GYMS 46 ROP VIGIA,18,2,0.1111111111111111,17,11,0.6470588235294118
"VALLARTA, JAL.",27101,,16,1,0.0625,17,11,0.6470588235294118
TEHUACAN PUEBLA,12502,,17,0,0,17,11,0.6470588235294118
"PASO DEL MACHO, VER",102201,PADM 1022 MUE SANCHEZ LOYO,15,0,0,17,11,0.6470588235294118
CUAUTITLAN RR,19901,,17,0,0,17,11,0.6470588235294118
BENITO JUAREZ QROO,39801,CNCN 398 MUE NICHUPTE,14,1,0.07142857142857142,17,11,0.6470588235294118
"CARDENAS, TAB",30801,,34,2,0.058823529411764705,31,20,0.6451612903225806
"PROGRESO DE OBR, HGO",40301,,14,0,0,14,9,0.6428571428571429
"LEON, GTO.",102401,,14,0,0,14,9,0.6428571428571429
"OTUMBA, ESTADO DE ME",147002,,14,2,0.14285714285714285,14,9,0.6428571428571429
"GUANAJUATO, GTO",47302,,15,1,0.06666666666666667,14,9,0.6428571428571429
CUAUHTEMOC D.F.,140302,CTMC 1403 ROP PERALVILLO,15,1,0.06666666666666667,14,9,0.6428571428571429
"CD JUAREZ, CHIU",46701,CDJZ 467 MUE INDEPENDENCIA,14,2,0.14285714285714285,14,9,0.6428571428571429
ECATEPEC DE MOR,98102,ECTP 981 ROP SAN ANDRES,14,3,0.21428571428571427,14,9,0.6428571428571429
"TALA, JAL",117901,TALA 1179 MUE PEDRO MORENO,14,0,0,14,9,0.6428571428571429
"TUXPAN, JALISCO",42402,TXPJ 424 ROP 20 DE NOVIEMBRE,14,1,0.07142857142857142,14,9,0.6428571428571429
"QUERETARO, QRO.",23302,,13,2,0.15384615384615385,14,9,0.6428571428571429
"TOLUCA, EDO MEX",87202,,14,0,0,14,9,0.6428571428571429
"GUADALUPE, N.L.",42502,,14,1,0.07142857142857142,14,9,0.6428571428571429
"TUXPAN, JALISCO",42402,,14,1,0.07142857142857142,14,9,0.6428571428571429
IZTAPALAPA D.F.,24902,IZTP 249 ROP TEPALCATES,13,1,0.07692307692307693,14,9,0.6428571428571429
PUTLA VILLA DE GUERR,92002,,15,2,0.13333333333333333,14,9,0.6428571428571429
"GUASAVE, SIN.",84401,,13,1,0.07692307692307693,14,9,0.6428571428571429
NUEVO CASAS GRANDES,776201,NCGS 7762 MUE PLAZA NOGALES,14,1,0.07142857142857142,14,9,0.6428571428571429
"MEXICALI, BCN.",658302,,14,1,0.07142857142857142,14,9,0.6428571428571429
"REYNOSA, TAM.",85701,RYNS 857 MUE PERIFERICO,26,0,0,28,18,0.6428571428571429
"TALA, JAL",117901,,14,0,0,14,9,0.6428571428571429
"TORREON, COAH.",12801,,14,1,0.07142857142857142,14,9,0.6428571428571429
"NUEVO LAREDO, T",12302,NLRD 123 ROP TECNOLOGICO,13,3,0.23076923076923078,14,9,0.6428571428571429
"MATIAS ROMERO, OAX",107902,,15,2,0.13333333333333333,14,9,0.6428571428571429
"SALTILLO, COAH.",3502,SALT 35 ROP CARRANZA,12,1,0.08333333333333333,14,9,0.6428571428571429
"LEON, GTO.",37201,,12,2,0.16666666666666666,14,9,0.6428571428571429
"PUEBLA, PUEBLA.",664601,,13,2,0.15384615384615385,14,9,0.6428571428571429
MATAMOROS COAH,34402,MTMR 344 ROP BOULEVARD,14,1,0.07142857142857142,14,9,0.6428571428571429
TEHUACAN PUEBLA,774802,,12,1,0.08333333333333333,14,9,0.6428571428571429
"CD JUAREZ, CHIU",47001,,12,2,0.16666666666666666,14,9,0.6428571428571429
"TOLUCA, EDO MEX",87202,TOLC 872 COPPEL PLAZA SANTIN,13,0,0,14,9,0.6428571428571429
VENUSTIANO CARRANZA,792701,VECA 7927 MUE LAZARO CARDENAS,11,1,0.09090909090909091,14,9,0.6428571428571429
"CD JUAREZ, CHIU",786301,CDJZ 7863 MUE SENDERO LAS TORR,12,2,0.16666666666666666,14,9,0.6428571428571429
"MEXICALI, BCN.",761001,MXLI 7610 MUE SAN PEDRO,13,1,0.07692307692307693,14,9,0.6428571428571429
"MERIDA, YUCATAN",43202,,22,3,0.13636363636363635,25,16,0.64
"PACHUCA,HIDALGO",765701,,10,0,0,11,7,0.6363636363636364
"LEON, GTO.",18002,,12,0,0,11,7,0.6363636363636364
"TECAMAC, EDO ME",653102,TCMC 6531 ROP SIERRA HERMOSA,11,0,0,11,7,0.6363636363636364
"TULTITLAN,EDO M",672401,#N/A,14,0,0,11,7,0.6363636363636364
"PACHUCA,HIDALGO",765701,PCHC 7657 MUE EXPLANADA,9,1,0.1111111111111111,11,7,0.6363636363636364
CUAUTITLAN IZCA,119802,CTLZ 1198 ROP 3 DE MAYO,12,0,0,11,7,0.6363636363636364
"LEON, GTO.",18002,LEON 180 ROP OBELISCO,12,0,0,11,7,0.6363636363636364
NEZAHUALCOYOTL,775701,NZTL 7757 MUE CHIMALHUACAN CIN,10,0,0,11,7,0.6363636363636364
GUADALAJARA JAL,138902,GDLJ 1389 ROP JUAN PABLO II,10,1,0.1,11,7,0.6363636363636364
SAN JUAN D RIO,145501,,11,0,0,11,7,0.6363636363636364
VENUSTIANO C.DF,138102,VCZA 1381 ROP SONORA,12,0,0,11,7,0.6363636363636364
"MONTERREY, N.L.",652102,,11,3,0.2727272727272727,11,7,0.6363636363636364
PUERTO ESCONDIDO,94702,,23,1,0.043478260869565216,22,14,0.6363636363636364
B. JUAREZ D.F.,140001,BJRZ 1400 MUE SAN ANTONIO,11,1,0.09090909090909091,11,7,0.6363636363636364
"ALLENDE, N L",109901,ALLD 1099 MUE SAN JAVIER,10,0,0,11,7,0.6363636363636364
TLAQUEPAQUE,654602,TLQP 6546 ROP ALAMO,10,1,0.1,11,7,0.6363636363636364
"MONCLOVA, COAH.",785601,,10,0,0,11,7,0.6363636363636364
TLAJOMULCO DE Z,84701,TLJM 847 MUE MARQUEZ,11,1,0.09090909090909091,11,7,0.6363636363636364
"REYNOSA, TAM.",12102,RYNS 121 ROP MORELOS,20,3,0.15,22,14,0.6363636363636364
"PACHUCA,HIDALGO",143802,,11,0,0,11,7,0.6363636363636364
"COCULA, JALISCO",657801,,11,0,0,11,7,0.6363636363636364
"CD JUAREZ, CHIU",29201,CDJZ 292 MUE RIO GDE MALL,11,1,0.09090909090909091,11,7,0.6363636363636364
NAUCALPAN EDO MEX,769602,NCPN 7696 ROP PZA SN MATEO NOP,12,1,0.08333333333333333,11,7,0.6363636363636364
GUSTAVO A MADERO DF,83001,GAMD 830 MUE TECPAN DE GALEANA,12,0,0,11,7,0.6363636363636364
VILLAHERMOSA,27702,VLLH 277 ROP TAMULTE,13,1,0.07692307692307693,11,7,0.6363636363636364
SAN LUIS POTOSI,772901,SNLP 7729 MUE RICARDO B ANAYA,11,1,0.09090909090909091,11,7,0.6363636363636364
"LERDO DE TEJADA, VER",83901,LRDT INDEPENDENCIA,11,2,0.18181818181818182,11,7,0.6363636363636364
CUAUTITLAN IZCA,119802,,12,0,0,11,7,0.6363636363636364
COATZACOALCOS,16801,CTZC 168 MUE HIDALGO,18,4,0.2222222222222222,22,14,0.6363636363636364
VILLAHERMOSA,27702,,14,0,0,11,7,0.6363636363636364
"CD JUAREZ, CHIU",29201,,11,0,0,11,7,0.6363636363636364
"TECAMAC, EDO ME",653102,,11,0,0,11,7,0.6363636363636364
"PACHUCA,HIDALGO",143802,PCHC 1438 ROP GRAN PATIO,11,0,0,11,7,0.6363636363636364
TLAJOMULCO DE Z,760701,TLJM 7607 MUE IZTACCHIHUATL,11,1,0.09090909090909091,11,7,0.6363636363636364
"JAMAY, JALISCO",778701,JMAY 7787 MUE JAMAY,10,1,0.1,11,7,0.6363636363636364
DEL COYOACAN DF,782001,CYCN 7820 MUE GRAN SUR,19,4,0.21052631578947367,19,12,0.631578947368421
"JUAREZ, NUEVO LEON",45601,JREZ 456 MUE SUN MOL VIP,19,1,0.05263157894736842,19,12,0.631578947368421
"COLIMA, COL.",20601,,18,0,0,19,12,0.631578947368421
"MAZATLAN, SIN.",23802,,19,0,0,19,12,0.631578947368421
"CORDOBA, VER.",651102,,13,1,0.07692307692307693,19,12,0.631578947368421
BENITO JUAREZ QROO,27002,CNCN 270 ROP LAS AMERICAS,28,5,0.17857142857142858,27,17,0.6296296296296297
"CD JUAREZ, CHIU",5602,CDJZ 56 ROP PLAZA JUAREZ,14,1,0.07142857142857142,16,10,0.625
"OCOTLAN, JAL",96402,OCTL 964 ROP MADERO,8,0,0,8,5,0.625
"PUEBLA, PUEBLA.",93402,,8,1,0.125,8,5,0.625
ECATEPEC DE MOR,71402,ECTP 714 PALOMAS,8,1,0.125,8,5,0.625
"PUEBLA, PUEBLA.",37301,,16,3,0.1875,16,10,0.625
"SALAMANCA, GTO",52102,SLMC 521 -235 CANADA SALA,8,0,0,8,5,0.625
TIERRA BLANCA,112001,,13,4,0.3076923076923077,16,10,0.625
STA CATARINA NL,10401,,0,0,0,8,5,0.625
A. OBREGON D.F.,56302,ALOB 563 -371 CANADA ANGE,8,1,0.125,8,5,0.625
ECATEPEC DE MOR,71402,,7,1,0.14285714285714285,8,5,0.625
"TORREON, COAH.",114401,TRRN 1144 MUE BOD LIQ REFORMA,8,0,0,8,5,0.625
"MISANTLA, VER",785202,,7,1,0.14285714285714285,8,5,0.625
"CD JUAREZ, CHIU",5602,,15,1,0.06666666666666667,16,10,0.625
"LEON, GTO.",145302,LEON 1453 ROP 5 DE MAYO,0,0,0,8,5,0.625
"ZACATELCO, TLAXCACA",80502,ZTLO 805 ROP ITURBIDE,14,1,0.07142857142857142,16,10,0.625
JIUTEPEC MORELO,31102,,16,1,0.0625,16,10,0.625
STA ANA CHIAUTE,67702,STCH 677 PICAZO,7,1,0.14285714285714285,8,5,0.625
"PUEBLA, PUEBLA.",15502,,15,0,0,16,10,0.625
MARTINEZ DE TOR,106201,MZDT 1062 MUE AVILA CAMACHO,19,4,0.21052631578947367,24,15,0.625
"CUERNAVACA, MOR",57702,,8,0,0,8,5,0.625
GUSTAVO A MADERO DF,84902,GAMD AREA DE PRODUCCION,7,0,0,8,5,0.625
IZUCAR DE MAT P,76102,IZCR 761 PLAZA IZUCAR,7,0,0,8,5,0.625
"CHIHUAHUA, CHI",21001,,15,0,0,16,10,0.625
"PUEBLA, PUEBLA.",15502,PBLA 155 ROP 18 DE NOVIEMB,14,1,0.07142857142857142,16,10,0.625
"LOS MOCHIS, SIN",39301,LMCH 393 MUE CENTENARIO,17,0,0,16,10,0.625
"ZAMORA, MICH.",19501,,15,1,0.06666666666666667,16,10,0.625
TLALNEPANTLA DE,56502,TLNP 565 -384 CANADA TLAN,8,0,0,8,5,0.625
SANTIAGO JUXTLAHUACA,128401,SJXT 1284 MUE LAZARO CARDENAS,16,0,0,16,10,0.625
"TEPIC, NAY",14101,TPIC 141 MUE LA CIGARRERA,16,0,0,16,10,0.625
"MINATITLAN, VER",14302,,25,1,0.04,24,15,0.625
"ROSARITO, BCN",22502,,15,1,0.06666666666666667,16,10,0.625
"OCOTLAN, JAL",96402,,8,0,0,8,5,0.625
DEL COYOACAN DF,667502,CYCN 6675 ROP COPILCO,12,0,0,16,10,0.625
"LA BARCA, JAL.",54202,,7,2,0.2857142857142857,8,5,0.625
SAN LUIS POTOSI,651201,,14,0,0,16,10,0.625
IZUCAR DE MAT P,76102,,7,0,0,8,5,0.625
SALINA CRUZ OAX,133502,,8,1,0.125,8,5,0.625
AGUASCALIENTES,39701,AGCS 397 MUE ASUNCION,15,0,0,16,10,0.625
"MEXICALI, BCN.",26602,,14,1,0.07142857142857142,16,10,0.625
GENERAL ESCOBED,11802,GESC 118 ROP ESC SOLIDARID,16,1,0.0625,16,10,0.625
"CUERNAVACA, MOR",57702,CNVC 577 -454 CANADA CUE,8,0,0,8,5,0.625
CULIACAN SIN.,95002,CLCN AREA DE PRODUCCION,6,4,0.6666666666666666,8,5,0.625
"ROSARITO, BCN",22502,RSTO 225 ROP VILLAFLOREST,15,2,0.13333333333333333,16,10,0.625
CULIACAN SIN.,63201,,6,3,0.5,8,5,0.625
"CHIHUAHUA, CHI",21001,CHUA 210 MUE FUENTES MARES,14,3,0.21428571428571427,16,10,0.625
"TIJUANA, BCN",662502,TJNA 6625 ROP NATURA,15,2,0.13333333333333333,16,10,0.625
"ZACATELCO, TLAXCACA",80502,,14,0,0,16,10,0.625
PABELLON DE ARTEAGA,133602,PAGA 1336 ROP PLUTARCO ELIAS C,7,1,0.14285714285714285,8,5,0.625
TLALNEPANTLA DE,56502,,7,0,0,8,5,0.625
CHIMALHUACAN EM,770802,,11,1,0.09090909090909091,16,10,0.625
"TAMPICO, TAM.",127702,,7,1,0.14285714285714285,8,5,0.625
"TORREON, COAH.",114402,TRRN 1144 ROP BOD LIQ REFORMA,8,0,0,8,5,0.625
SANTIAGO JUXTLAHUACA,128401,,15,1,0.06666666666666667,16,10,0.625
"CATEMACO, VERACRUZ",104601,,15,1,0.06666666666666667,16,10,0.625
"PASO DEL MACHO, VER",102201,,15,1,0.06666666666666667,16,10,0.625
BENITO JUAREZ QROO,39801,,14,0,0,16,10,0.625
GUSTAVO A MADERO DF,84902,,8,0,0,8,5,0.625
STA ANA CHIAUTE,67702,,7,0,0,8,5,0.625
"LOS MOCHIS, SIN",131802,LMCH 1318 ROP PLAZA M GAXIOLA,8,1,0.125,8,5,0.625
ALAMO TEMAPACHE,97202,ALMT 972 ROP MADERO,16,1,0.0625,16,10,0.625
"REYNOSA, TAM.",762402,,6,4,0.6666666666666666,8,5,0.625
"AMOZOC, PUEBLA",93501,,14,2,0.14285714285714285,16,10,0.625
TECATE,20301,TCTE 203 MUE ENCINOS,17,2,0.11764705882352941,21,13,0.6190476190476191
VERACRUZ VER,657002,VRCZ 6570 ROP PLAZA MANGOS,17,5,0.29411764705882354,21,13,0.6190476190476191
"APODACA, N.L.",24802,,13,1,0.07692307692307693,13,8,0.6153846153846154
"TIZAYUCA, HIDALGO",773301,TZYC 7733 MUE TIZARA,13,1,0.07692307692307693,13,8,0.6153846153846154
CADEREYTA DE MONTES,777801,,13,2,0.15384615384615385,13,8,0.6153846153846154
ECATEPEC DE MOR,40701,ECTP 407 MUE CENTRAL,13,0,0,13,8,0.6153846153846154
MIGUEL HGO D.F.,19301,MHGO 193 MUE TACUBA,13,1,0.07692307692307693,13,8,0.6153846153846154
TULTEPEC,94302,TTPC 943 ROP HACIENDA,12,2,0.16666666666666666,13,8,0.6153846153846154
"TEQUILA, JALISCO",116001,TQLA 1160 MUE TEQUILA,12,1,0.08333333333333333,13,8,0.6153846153846154
ECATEPEC DE MOR,40701,,13,0,0,13,8,0.6153846153846154
"GUANAJUATO, GTO",47302,GJTO 473 ROP ALHONDIGA,14,0,0,13,8,0.6153846153846154
"LEON, GTO.",78002,LEON 780 ROP GALERIAS LAS TORR,14,1,0.07142857142857142,13,8,0.6153846153846154
MARTINEZ DE TOR,777901,MZDT 7779 MUE PEDRO BELLI,12,2,0.16666666666666666,13,8,0.6153846153846154
"MUZQUIZ, COAH",762501,,12,0,0,13,8,0.6153846153846154
"IRAPUATO, GTO.",129301,IRPT 1293 MUE PLAZA SAN ROQUE,12,1,0.08333333333333333,13,8,0.6153846153846154
VERACRUZ VER,137902,,13,1,0.07692307692307693,13,8,0.6153846153846154
"GOMEZ PAL, DGO.",9602,,12,1,0.08333333333333333,13,8,0.6153846153846154
"HERMOSILLO, SON",1801,,13,0,0,13,8,0.6153846153846154
VERACRUZ VER,137902,VRCZ 1379 ROP RIO MEDIO,12,1,0.08333333333333333,13,8,0.6153846153846154
"RIO GRANDE, OAX",764802,RIOG 7648 ROP AV PUEBLA,14,0,0,13,8,0.6153846153846154
PUERTO ESCONDIDO,94701,,26,1,0.038461538461538464,26,16,0.6153846153846154
"SALTILLO, COAH.",31502,,12,4,0.3333333333333333,13,8,0.6153846153846154
PUERTO ESCONDIDO,94701,PTOE MUE AVENIDA OAXACA,26,3,0.11538461538461539,26,16,0.6153846153846154
"SALTILLO, COAH.",5101,,13,0,0,13,8,0.6153846153846154
"JUANACATLAN,JAL",793502,,11,2,0.18181818181818182,13,8,0.6153846153846154
"CORDOBA, VER.",114501,CRDB 1145 MUE SANTA LETICIA,12,1,0.08333333333333333,13,8,0.6153846153846154
SAN LUIS POTOSI,796101,,13,0,0,13,8,0.6153846153846154
NAUCALPAN EDO MEX,105601,,14,1,0.07142857142857142,13,8,0.6153846153846154
"ACAMBAY, EDTO DE MEX",794201,ACBY 7942 MUE PANAMERICANA,12,1,0.08333333333333333,13,8,0.6153846153846154
"TEQUILA, JALISCO",116001,,12,0,0,13,8,0.6153846153846154
GENERAL ESCOBED,18801,GESC 188 MUE SENDERO NORTE,11,1,0.09090909090909091,13,8,0.6153846153846154
"AHUALULCO DE ME, JAL",120801,,14,0,0,13,8,0.6153846153846154
FELIPE CARRILLO PUER,96102,,12,1,0.08333333333333333,13,8,0.6153846153846154
"MONTERREY, N.L.",101301,MTRY 1013 MUE CENTRIKA,12,1,0.08333333333333333,13,8,0.6153846153846154
"MAZATLAN, SIN.",112302,,15,1,0.06666666666666667,13,8,0.6153846153846154
MARTINEZ DE TOR,777901,,14,0,0,13,8,0.6153846153846154
NAUCALPAN EDO MEX,105602,NCPN 1056 ROP SAN AGUSTIN,11,2,0.18181818181818182,13,8,0.6153846153846154
"ACAMBAY, EDTO DE MEX",794201,,12,0,0,13,8,0.6153846153846154
MOTUL,36702,MTUL 367 ROP CALLE 28,14,1,0.07142857142857142,13,8,0.6153846153846154
"ALVARADO, VERACRUZ",92501,,12,1,0.08333333333333333,13,8,0.6153846153846154
"CAMARGO, CHI",115101,,12,1,0.08333333333333333,13,8,0.6153846153846154
LAGOS DE MORENO,4102,,15,0,0,13,8,0.6153846153846154
"MERIDA, YUCATAN",19602,MRDA 196 ROP PLAZA DORADA,12,3,0.25,13,8,0.6153846153846154
NAUCALPAN EDO MEX,105602,,14,1,0.07142857142857142,13,8,0.6153846153846154
MIGUEL HGO D.F.,19301,,14,0,0,13,8,0.6153846153846154
"HUIXQUILUCAN,EDO MEX",779501,,13,3,0.23076923076923078,13,8,0.6153846153846154
S JOSE DEL CABO,666802,,15,1,0.06666666666666667,18,11,0.6111111111111112
CABO SAN LUCAS,110701,,17,0,0,18,11,0.6111111111111112
GUSTAVO A MADERO DF,80202,GAMD ROP 802 LA VILLA,15,0,0,18,11,0.6111111111111112
SAN MARTIN T. P,10902,SNMT 109 ROP 16 DE SEPT II,19,1,0.05263157894736842,18,11,0.6111111111111112
"URUAPAN, MICH.",6902,,17,1,0.058823529411764705,18,11,0.6111111111111112
"NOGALES, SONORA",6302,,18,1,0.05555555555555555,18,11,0.6111111111111112
"GUAYMAS, SONORA",4602,,18,0,0,18,11,0.6111111111111112
"CINTALAPA, CHIAPAS",87801,,18,1,0.05555555555555555,18,11,0.6111111111111112
LA CRUZ DE ELOT,34202,LCRZ 342 ROP AGUILAR,18,0,0,18,11,0.6111111111111112
TUXTLA GUTIERRE,33501,TXGT 335 MUE CENTRAL PONIENTE,15,1,0.06666666666666667,18,11,0.6111111111111112
LA CRUZ DE ELOT,34202,,18,1,0.05555555555555555,18,11,0.6111111111111112
"NOGALES, SONORA",6302,NGLS 63 ROP ELIAS C II,18,0,0,18,11,0.6111111111111112
"TIJUANA, BCN",34101,,14,2,0.14285714285714285,18,11,0.6111111111111112
"PALENQUE, CHIAPAS",42902,PLNQ 429 ROP VELAZCO,25,1,0.04,23,14,0.6086956521739131
MARTINEZ DE TOR,106201,,21,0,0,23,14,0.6086956521739131
STA ANA CHIAUTE,38701,,22,1,0.045454545454545456,23,14,0.6086956521739131
BENITO JUAREZ QROO,27002,,28,2,0.07142857142857142,28,17,0.6071428571428571
"ACATIC, JAL",111602,ACTC 1116 ROP JUAREZ,5,0,0,5,3,0.6
TEXCOCO EDO MEX,25301,TXCC 253 MUE PZA LA MORENA,20,2,0.1,20,12,0.6
"PACHUCA,HIDALGO",143801,,11,2,0.18181818181818182,10,6,0.6
"AXOCHIAPAN, MOR",123001,,13,0,0,15,9,0.6
"ZAMORA, MICH.",19502,ZMRA 195 ROP 5 DE MAYO,14,2,0.14285714285714285,15,9,0.6
"MINERAL DE LA R,HGO",798001,MNRL 7980 MUE MINERAL DE REFOR,5,0,0,5,3,0.6
ZUMPANGO EDO MEXICO,88101,ZPGO 881 MUE PLAZA ZUMPANGO,15,1,0.06666666666666667,15,9,0.6
"TECAMAC, EDO ME",300491,TCMC INVENTARIOS ZONA I,5,0,0,5,3,0.6
"TECAMAC, EDO ME",34901,TCMC 349 MUE 5 DE MAYO,15,1,0.06666666666666667,15,9,0.6
"MINERAL DE LA R,HGO",798001,,5,0,0,5,3,0.6
"RIO BRAVO, TAM",300608,,4,0,0,5,3,0.6
"APASEO EL ALTO, GTO",799701,,5,0,0,5,3,0.6
HUEJUTLA DE REYES,785401,,5,0,0,5,3,0.6
"TALA, JAL",117902,TALA 1179 ROP PEDRO MORENO,16,0,0,15,9,0.6
V D SANTIAGO GT,668401,#N/A,5,1,0.2,5,3,0.6
"TECAMAC, EDO ME",34901,,15,0,0,15,9,0.6
TIERRA BLANCA,787701,,4,1,0.25,5,3,0.6
SAN LUIS POTOSI,300645,SNLP INVENTARIOS ZONA II,4,0,0,5,3,0.6
"COATEPEC, VER",350101,,5,0,0,5,3,0.6
"ZAPOPAN, JAL.",782201,ZPPN 7822 MUE LA PERLA,11,0,0,10,6,0.6
"LEON, GTO.",102401,LEON 1024 MUE ECHEVESTE,13,1,0.07692307692307693,15,9,0.6
"COATEPEC, VER",350101,COTP ZONA,5,0,0,5,3,0.6
"PUENTE DE IXTLA, MOR",669601,,5,0,0,5,3,0.6
"LEON, GTO.",5801,LEON 58 MUE REFORMA,13,2,0.15384615384615385,15,9,0.6
"PUEBLA, PUEBLA.",666201,,5,0,0,5,3,0.6
"ORIZABA, VER.",653701,ORZB 6537 MUE PONIENTE 7,11,0,0,10,6,0.6
"HERMOSILLO, SON",126402,HLLO 1264 ROP LOPEZ PORTILLO,14,0,0,15,9,0.6
"QUERETARO, QRO.",5901,,25,0,0,25,15,0.6
CULIACAN SIN.,401,CLCN 4 MUE OBREGON,1,0,0,5,3,0.6
"AXOCHIAPAN, MOR",123001,AXCH 1230 MUE ZARAGOZA,13,0,0,15,9,0.6
ACOLMAN,779702,,12,0,0,20,12,0.6
AMECAMECA EDO M,86802,,15,2,0.13333333333333333,15,9,0.6
"TORREON, COAH.",301203,,7,0,0,5,3,0.6
"HERMOSILLO, SON",126402,,14,0,0,15,9,0.6
"PUEBLA, PUEBLA.",666201,PBLA 6662 MUE PUEBLA II (CAPU),5,1,0.2,5,3,0.6
"GUAYMAS, SONORA",674002,,14,2,0.14285714285714285,5,3,0.6
"TOLUCA, EDO MEX",6402,,19,1,0.05263157894736842,20,12,0.6
SAN JUAN D RIO,663601,,5,0,0,5,3,0.6
"PUEBLA, PUEBLA.",13902,PBLA 139 ROP TORRECILLAS,16,4,0.25,20,12,0.6
"QUERETARO, QRO.",5901,QRTO 59 MUE ZARAGOZA II,25,2,0.08,25,15,0.6
"ZARAGOZA, PUE",130502,,9,2,0.2222222222222222,10,6,0.6
"ZACAPU, MICHOAC",34001,,15,1,0.06666666666666667,15,9,0.6
VENUSTIANO C.DF,49101,VCZA 491 MUE COPPEL DIGITAL JA,4,0,0,5,3,0.6
LA CRUZ DE ELOT,80302,,1,0,0,5,3,0.6
"TOLUCA, EDO MEX",87201,,18,0,0,20,12,0.6
TLAQUEPAQUE,331403,,4,1,0.25,5,3,0.6
"MERIDA, YUCATAN",43202,MRDA 432 ROP PLAZA SENDERO,22,3,0.13636363636363635,25,15,0.6
"ASCENSION, CHIH",658501,ASON 1585 MUE SAN LUIS,9,0,0,10,6,0.6
"COMALCALCO, TAB",757301,,5,0,0,5,3,0.6
IZTAPALAPA D.F.,33202,IZTP 332 ROP PURISIMA,12,1,0.08333333333333333,15,9,0.6
"JUCHITAN DE Z, OAXAC",45002,JCHZ 450 ROP 2 DE ABRIL,18,0,0,15,9,0.6
"ISLA, VERACRUZ",668901,ISLA 6689 MUE ISLA,5,0,0,5,3,0.6
"PUEBLA, PUEBLA.",795701,,4,0,0,5,3,0.6
ACAJETE,118902,,15,0,0,15,9,0.6
IZTACALCO D.F,90502,IZTC 905 ROP TEZONTLE,14,0,0,15,9,0.6
ZUMPANGO EDO MEXICO,38901,,20,0,0,20,12,0.6
"CAMPECHE, CAMPE",795601,CMPE 7956 MUE CAMPECHE,5,0,0,5,3,0.6
"PUENTE DE IXTLA, MOR",669601,PTIX 6696 MUE PUENTE D IXTLA I,5,0,0,5,3,0.6
"CAMARGO, CHI",115102,CMGO 1151 ROP SANTA ROSALIA,15,1,0.06666666666666667,15,9,0.6
"RIO BRAVO, TAM",300608,RBVO INVENTARIOS ZONA I,4,0,0,5,3,0.6
LA CRUZ DE ELOT,80302,LCRZ 803 ROP GABRIEL LEYVA,1,1,1,5,3,0.6
"PUEBLA, PUEBLA.",795701,PBLA 7957 MUE PUEBLA,5,0,0,5,3,0.6
"RIO BRAVO, TAM",25902,RBVO 259 ROP MADERO,15,0,0,15,9,0.6
"CAMPECHE, CAMPE",795601,,4,1,0.25,5,3,0.6
S CRISTOBAL CHI,80801,,15,1,0.06666666666666667,15,9,0.6
"ACATIC, JAL",111602,,5,0,0,5,3,0.6
AMECAMECA EDO M,86802,AMCM 868 ROP 20 DE NOVIEMBRE,15,1,0.06666666666666667,15,9,0.6
"CD MADERO, TAMA",321001,CDMD ZONA,4,2,0.5,5,3,0.6
SAN LUIS POTOSI,300645,,5,0,0,5,3,0.6
BENITO JUAREZ QROO,112202,,15,0,0,15,9,0.6
"TALA, JAL",117902,,15,1,0.06666666666666667,15,9,0.6
SOLEDAD DE G S,28901,,14,0,0,15,9,0.6
"TULTITLAN,EDO M",315901,TTLN ZONA,4,0,0,5,3,0.6
"DELICIAS, CHIU.",300590,DLCS INVENTARIOS ZONA I,4,0,0,5,3,0.6
SAN JUAN D RIO,663601,SNJR 6636 MUE SAN JUAN DEL RIO,5,0,0,5,3,0.6
"CORDOBA, VER.",305201,,4,0,0,5,3,0.6
"TORREON, COAH.",301203,TRRN ZONA III,7,1,0.14285714285714285,5,3,0.6
"MORELIA, MICH.",21602,,15,2,0.13333333333333333,15,9,0.6
"MEXICALI, BCN.",30001,,15,3,0.2,15,9,0.6
SAN NICOLAS N.L,782802,SNNG 7828 ROP CITADEL,7,0,0,5,3,0.6
"LORETO, ZAC",666001,,5,0,0,5,3,0.6
SAN NICOLAS N.L,782802,,7,0,0,5,3,0.6
"CUERNAVACA, MOR",652202,CNVC 1522 ROP PZA FORUM CUERNA,7,0,0,10,6,0.6
"CD MADERO, TAMA",321001,,4,0,0,5,3,0.6
"CORDOBA, VER.",305201,CRDB ZONA,4,0,0,5,3,0.6
CULIACAN SIN.,764602,,18,0,0,20,12,0.6
"CHIHUAHUA, CHI",3702,CHUA 37 ROP NIÑOS HEROES,20,0,0,20,12,0.6
"CHIHUAHUA, CHI",127401,CHUA 1274 MUE DOSTOYEVSKY,10,1,0.1,10,6,0.6
S CRISTOBAL CHI,80801,SNCC 808 MUE UTRILLA,15,0,0,15,9,0.6
"TIZIMIN, YUC",97301,,14,0,0,15,9,0.6
CUNDUACAN TABAS,665201,CNDN 6652 MUE CUNDUACAN,5,0,0,5,3,0.6
"COMALCALCO, TAB",757301,CMLC 7573 MUE COMALCALCO,5,0,0,5,3,0.6
"TIJUANA, BCN",47501,TJNA 475 MUE LAS FUENTES,15,1,0.06666666666666667,15,9,0.6
IZTAPALAPA D.F.,33202,,12,0,0,15,9,0.6
"ISLA, VERACRUZ",668901,,5,1,0.2,5,3,0.6
CUAUTLA MORELOS,778401,,13,1,0.07692307692307693,15,9,0.6
"MEXICALI, BCN.",139401,MXLI 1394 MUE C DIGITAL GALERI,5,0,0,5,3,0.6
"TECAMAC, EDO ME",300491,,5,0,0,5,3,0.6
BENITO JUAREZ QROO,26901,,12,3,0.25,15,9,0.6
"TANTOYUCA, VER",662001,TTYC 6620 MUE TANTOYUCA,5,0,0,5,3,0.6
"JUAREZ, NUEVO LEON",300609,,9,0,0,10,6,0.6
CUNDUACAN TABAS,665201,,5,0,0,5,3,0.6
"TIZIMIN, YUC",97301,TZMN 973 MUE LOS REYES,14,0,0,15,9,0.6
"CHIHUAHUA, CHI",127401,,8,1,0.125,10,6,0.6
CD CONSTITUCION,47701,CDCT 477 MUE OLACHEA,19,2,0.10526315789473684,20,12,0.6
BAHIAS DE HUATULCO,300629,,5,0,0,5,3,0.6
SAN MARTIN T. P,796201,,4,2,0.5,5,3,0.6
"ARCELIA, GERRERO",74302,ARCL 743 HIDALGO,10,0,0,10,6,0.6
TEQUISQUIAPAN QRTO,38301,TQQP 383 MUE PEDREGAL,14,1,0.07142857142857142,15,9,0.6
AZCAPOTZALCO DF,126702,,10,2,0.2,10,6,0.6
"TANTOYUCA, VER",662001,,5,0,0,5,3,0.6
V D SANTIAGO GT,668401,,5,0,0,5,3,0.6
HUEJUTLA DE REYES,785401,HJTL 7854 MUE HUEJUTLA,5,0,0,5,3,0.6
TEHUACAN PUEBLA,44802,TEHC 448 ROP REFORMA,24,1,0.041666666666666664,22,13,0.5909090909090909
ACOLMAN,779701,ACLM 7797 MUE REAL DEL VALLE,12,3,0.25,17,10,0.5882352941176471
NEZAHUALCOYOTL,29701,,17,0,0,17,10,0.5882352941176471
"COATEPEC, VER",90202,,19,1,0.05263157894736842,17,10,0.5882352941176471
"XALAPA,VERACRUZ",37702,XLPA 377 ROP LAZARO CARDENAS,17,0,0,17,10,0.5882352941176471
"CD OBREGON, SON",652002,CDOB 1520 ROP SENDERO OBREGON,17,1,0.058823529411764705,17,10,0.5882352941176471
"CD OBREGON, SON",652002,,17,0,0,17,10,0.5882352941176471
"TUXTEPEC, OAX",44902,TXTP 449 ROP MATAMOROS,19,0,0,17,10,0.5882352941176471
TEOTIHUACAN,100001,TEOT 1000 MUE ZARAGOZA,17,1,0.058823529411764705,17,10,0.5882352941176471
"PARRAL, CHIHUAH",14902,PRRL 149 ROP 20 DE NOVIEMB,17,0,0,17,10,0.5882352941176471
"NUEVO LAREDO, T",111901,NLRD 1119 MUE REVOLUCION,17,2,0.11764705882352941,17,10,0.5882352941176471
"MONCLOVA, COAH.",4001,MNCV 40 MUE CARRANZA,17,0,0,17,10,0.5882352941176471
"NUEVO LAREDO, T",111901,,17,0,0,17,10,0.5882352941176471
"NUEVO LAREDO, T",793102,,14,1,0.07142857142857142,17,10,0.5882352941176471
"TEZONAPA, VER",100401,,15,0,0,17,10,0.5882352941176471
"XALAPA,VERACRUZ",37702,,17,1,0.058823529411764705,17,10,0.5882352941176471
S CRISTOBAL CHI,30302,,19,2,0.10526315789473684,17,10,0.5882352941176471
NAUCALPAN EDO MEX,15202,,16,2,0.125,17,10,0.5882352941176471
VILLA CORREGIDORA,41401,VCRG 414 MUE PLAZA CANDILES,15,3,0.2,17,10,0.5882352941176471
"TIJUANA, BCN",7502,,17,1,0.058823529411764705,17,10,0.5882352941176471
"OCOSINGO, CHIAPAS",100802,OCSG 1008 ROP PERIFERICO,17,1,0.058823529411764705,17,10,0.5882352941176471
TEXCOCO EDO MEX,44302,TXCC 443 ROP PLAZA SAN LORENZO,12,1,0.08333333333333333,12,7,0.5833333333333334
"TULANCINGO, HGO",143401,TNGO 1434 MUE PATIO TULANCINGO,12,0,0,12,7,0.5833333333333334
"TONALA,JALISCO",109502,TNLA 1095 ROP SAN GASPAR,12,1,0.08333333333333333,12,7,0.5833333333333334
"IRAPUATO, GTO.",129302,,12,0,0,12,7,0.5833333333333334
"TIZAYUCA, HIDALGO",773302,TZYC 7733 ROP TIZARA,11,1,0.09090909090909091,12,7,0.5833333333333334
ACOLMAN,768602,ACLM 7686 ROP ACOLMAN,12,3,0.25,12,7,0.5833333333333334
COACALCO DE BAR,19001,CCLC 190 MUE SAN LORENZO,12,0,0,12,7,0.5833333333333334
TLAHUAC D.F.,35602,,12,0,0,12,7,0.5833333333333334
TLAQUEPAQUE,777201,TLQP 7772 MUE SAN PEDRITO,13,1,0.07692307692307693,12,7,0.5833333333333334
ECATEPEC DE MOR,763702,,12,0,0,12,7,0.5833333333333334
IZTAPALAPA D.F.,37101,,11,1,0.09090909090909091,12,7,0.5833333333333334
IZTACALCO D.F,141502,,11,0,0,12,7,0.5833333333333334
ECATEPEC DE MOR,144901,,12,0,0,12,7,0.5833333333333334
"TIJUANA, BCN",9902,,11,2,0.18181818181818182,12,7,0.5833333333333334
IZTACALCO D.F,93301,,11,1,0.09090909090909091,12,7,0.5833333333333334
CUAUTITLAN IZCA,15102,CTLZ 151 ROP PLAZA IZCALLI,13,0,0,12,7,0.5833333333333334
"IZAMAL, YUC",761501,,11,1,0.09090909090909091,12,7,0.5833333333333334
ECATEPEC DE MOR,83301,,12,0,0,12,7,0.5833333333333334
"LEON, GTO.",24602,LEON 246 ROP PZA SATELITE,13,1,0.07692307692307693,12,7,0.5833333333333334
"TULANCINGO, HGO",143401,,12,1,0.08333333333333333,12,7,0.5833333333333334
"IXTAPALUCA, E.M",114902,,12,0,0,12,7,0.5833333333333334
"CELAYA, GTO.",16202,CLYA 162 ROP CELAYA,12,1,0.08333333333333333,12,7,0.5833333333333334
COACALCO DE BAR,19001,,12,0,0,12,7,0.5833333333333334
"IRAPUATO, GTO.",129302,IRPT 1293 ROP PLAZA SAN ROQUE,12,0,0,12,7,0.5833333333333334
"XALAPA,VERACRUZ",108602,XLPA 1086 ROP ATENAS,14,0,0,12,7,0.5833333333333334
"QUERETARO, QRO.",793901,,11,0,0,12,7,0.5833333333333334
CUAUTLA MORELOS,664902,,8,1,0.125,12,7,0.5833333333333334
"MUZQUIZ, COAH",762502,,13,0,0,12,7,0.5833333333333334
"URUAPAN, MICH.",789302,,12,0,0,12,7,0.5833333333333334
"IZAMAL, YUC",761502,,12,0,0,12,7,0.5833333333333334
"QUERETARO, QRO.",793901,QRTO 7939 MUE PORTAL QUERETARO,11,2,0.18181818181818182,12,7,0.5833333333333334
APETATITLAN DE ANTON,92202,,12,1,0.08333333333333333,12,7,0.5833333333333334
TLALPAN D.F.,767202,TLPN 7672 ROP PABELLON CUEMANC,12,0,0,12,7,0.5833333333333334
JUAN RODRIGUEZ CLARA,35402,JRZC 354 ROP OCAMPO,14,0,0,12,7,0.5833333333333334
SANTA ROSALIA,84502,,12,1,0.08333333333333333,12,7,0.5833333333333334
TEPOTZOTLAN,98801,,11,1,0.09090909090909091,12,7,0.5833333333333334
TLAHUAC D.F.,35602,TLHC 356 ROP LOS OLIVOS TLAHUA,12,0,0,12,7,0.5833333333333334
TLALNEPANTLA DE,763002,TLNP 7630 ROP AHUEHUETES,12,2,0.16666666666666666,12,7,0.5833333333333334
"TONALA,JALISCO",109502,,12,0,0,12,7,0.5833333333333334
IZTAPALAPA D.F.,121402,IZTP 1214 ROP ROJO GOMEZ,12,0,0,12,7,0.5833333333333334
"SALTILLO, COAH.",793401,,11,1,0.09090909090909091,12,7,0.5833333333333334
SALINA CRUZ OAX,43002,SCRZ 430 ROP AVIACION,11,2,0.18181818181818182,12,7,0.5833333333333334
"JIMENEZ, CHIH",112602,JMNZ 1126 ROP JUAREZ,11,1,0.09090909090909091,12,7,0.5833333333333334
IZTACALCO D.F,141502,IZTC 1415 ROP PERIFERICO OTE,12,3,0.25,12,7,0.5833333333333334
TLALNEPANTLA DE,143601,TLNP 1436 MUE GUSTAVO BAZ,12,0,0,12,7,0.5833333333333334
SAN LUIS POTOSI,772902,,12,0,0,12,7,0.5833333333333334
B. JUAREZ D.F.,789602,BJRZ 7896 ROP PATIO UNIVERSIDA,12,0,0,12,7,0.5833333333333334
"SALAMANCA, GTO",131401,,12,0,0,12,7,0.5833333333333334
"LINARES, N.L",28601,LNRS 286 MUE ESTACION,13,0,0,12,7,0.5833333333333334
SAN LUIS POTOSI,668002,,11,1,0.09090909090909091,12,7,0.5833333333333334
"ZAPOPAN, JAL.",39601,,12,1,0.08333333333333333,12,7,0.5833333333333334
"APODACA, N.L.",24802,APDC 248 ROP PZA HUINALA,12,2,0.16666666666666666,12,7,0.5833333333333334
"GARCIA, NUEVO LEON",130902,GRCI 1309 ROP LINCOLN,14,1,0.07142857142857142,12,7,0.5833333333333334
CIENEGA DE FLORES,134002,CNGA 1340 ROP INDEPENDENCIA,12,0,0,12,7,0.5833333333333334
"IXTAPALUCA, E.M",114902,IXTP 1149 ROP TLALPIZAHUAC,12,1,0.08333333333333333,12,7,0.5833333333333334
"MORELIA, MICH.",65301,,11,1,0.09090909090909091,12,7,0.5833333333333334
"PURUANDIRO, MICH",121802,PRND 1218 ROP VILLALONGIN,11,0,0,12,7,0.5833333333333334
SAN NICOLAS N.L,37001,SNNG 370 MUE LOS ANGELES,12,1,0.08333333333333333,12,7,0.5833333333333334
"METEPEC,EDO D M",20802,,12,0,0,12,7,0.5833333333333334
"MAZATLAN, SIN.",100201,,11,0,0,12,7,0.5833333333333334
"CHIHUAHUA, CHI",18202,CHUA 182 ROP FCO VILLA,12,0,0,12,7,0.5833333333333334
"ACAPONETA, NAY",657501,,12,1,0.08333333333333333,12,7,0.5833333333333334
"TULTITLAN,EDO M",25102,,12,1,0.08333333333333333,12,7,0.5833333333333334
"TIZAYUCA, HIDALGO",773302,,12,0,0,12,7,0.5833333333333334
"PUEBLA, PUEBLA.",38601,,12,0,0,12,7,0.5833333333333334
"IZAMAL, YUC",761501,IZAL 7615 MUE ZAMNA,12,0,0,12,7,0.5833333333333334
"MONTERREY, N.L.",13402,,12,1,0.08333333333333333,12,7,0.5833333333333334
"NOGALES, SONORA",775901,NGLS 7759 MUE SAN ANTONIO II,10,1,0.1,12,7,0.5833333333333334
VERACRUZ VER,769802,VRCZ 7698 ROP NUEVO VERACRUZ,12,0,0,12,7,0.5833333333333334
"JIMENEZ, CHIH",112602,,12,0,0,12,7,0.5833333333333334
"ACAPULCO, GRO",783701,,12,2,0.16666666666666666,12,7,0.5833333333333334
"XALAPA,VERACRUZ",108601,,12,0,0,12,7,0.5833333333333334
"PARRAS, COAH",770201,PADF 7702 MUE DEL MARQUEZ,12,0,0,12,7,0.5833333333333334
"MUZQUIZ, COAH",762502,MUIZ 7625 ROP ZARAGOZA,12,0,0,12,7,0.5833333333333334
"SANTIAGO TUXTLA, VER",118002,,14,1,0.07142857142857142,12,7,0.5833333333333334
TLALNEPANTLA DE,763002,,12,0,0,12,7,0.5833333333333334
IZTAPALAPA D.F.,121402,,12,0,0,12,7,0.5833333333333334
"MONCLOVA, COAH.",785601,MNCV 7856 MUE HIDALGO,10,1,0.1,12,7,0.5833333333333334
"TECAMAC, EDO ME",136702,,12,0,0,12,7,0.5833333333333334
"CARDENAS, TAB",27502,,14,1,0.07142857142857142,12,7,0.5833333333333334
"LOS REYES, MICH",123502,RYDS 1235 ROP LOS REYES,13,0,0,12,7,0.5833333333333334
TLAJOMULCO DE Z,31702,TLJM 317 ROP LAS PLAZAS,12,0,0,12,7,0.5833333333333334
"METEPEC,EDO D M",20802,MTPC 208 ROP PILARES,12,1,0.08333333333333333,12,7,0.5833333333333334
"URUAPAN, MICH.",789302,URPN 7893 ROP GAL METROPOLITAN,12,0,0,12,7,0.5833333333333334
"TECAMAC, EDO ME",34902,,13,0,0,12,7,0.5833333333333334
"TENOSIQUE, TAB",650902,TNSQ 6509 ROP CALLE 28,14,1,0.07142857142857142,12,7,0.5833333333333334
"CALPULALPAN, TLX",89802,CLPN 898 ROP MOTOLINIA,15,2,0.13333333333333333,12,7,0.5833333333333334
"GARCIA, NUEVO LEON",130902,,13,1,0.07692307692307693,12,7,0.5833333333333334
CABO SAN LUCAS,29501,,29,1,0.034482758620689655,31,18,0.5806451612903226
CABO SAN LUCAS,29501,CSLC 295 MUE BRISAS,28,1,0.03571428571428571,31,18,0.5806451612903226
"CARDENAS, TAB",30801,CRDS 308 MUE BANDALA,33,2,0.06060606060606061,31,18,0.5806451612903226
VALLE DE CHALCO,92701,,17,4,0.23529411764705882,19,11,0.5789473684210527
"TLAXIACO, OAX",108101,,17,3,0.17647058823529413,19,11,0.5789473684210527
"HERMOSILLO, SON",1602,,18,1,0.05555555555555555,19,11,0.5789473684210527
VALLE DE CHALCO,92701,VCHA 927 MUE LAS TORRES,18,0,0,19,11,0.5789473684210527
"JUAREZ, NUEVO LEON",45601,,20,0,0,19,11,0.5789473684210527
"TLAXCALA, TLAXC",43802,,17,0,0,19,11,0.5789473684210527
CABO SAN LUCAS,110701,CSCL 1107 MUE CARIBE,17,0,0,19,11,0.5789473684210527
"SOLEDAD DE DOBLADO,",798901,,12,3,0.25,19,11,0.5789473684210527
"CINTALAPA, CHIAPAS",87801,CNTP 878 MUE CENTRAL SUR,18,4,0.2222222222222222,19,11,0.5789473684210527
"LEON, GTO.",145302,,0,0,0,7,4,0.5714285714285714
"ARANDAS, JALISCO",33301,ARND 333 MUE OBREGON,15,0,0,14,8,0.5714285714285714
"PACHUCA,HIDALGO",40101,,14,0,0,14,8,0.5714285714285714
"TULANCINGO, HGO",316402,TNGO ZONA II,4,0,0,7,4,0.5714285714285714
"IRAPUATO, GTO.",69902,,7,0,0,7,4,0.5714285714285714
TLAHUAC D.F.,764202,,13,0,0,14,8,0.5714285714285714
TLAHUAC D.F.,93801,,14,0,0,14,8,0.5714285714285714
"PACHUCA,HIDALGO",40101,PCHC 401 MUE LAS VILLAS,14,0,0,14,8,0.5714285714285714
SANTA MARIA DEL RIO,125802,SAMR 1258 ROP MORELOS,6,0,0,7,4,0.5714285714285714
"SILAO, GUANAJUA",772001,SLAO 7720 MUE PLAZA LA JOYA,14,1,0.07142857142857142,14,8,0.5714285714285714
"RIO VERDE, SLP",88502,RVDE 885 ROP MORELOS,7,2,0.2857142857142857,7,4,0.5714285714285714
"TIJUANA, BCN",70802,,7,0,0,7,4,0.5714285714285714
"CD VALLES, SLP",65702,CDVS 657 -764 CANADA CVA,7,0,0,7,4,0.5714285714285714
"PUEBLA, PUEBLA.",119202,,6,0,0,7,4,0.5714285714285714
"SALAMANCA, GTO",101001,SLMC 1010 MUE CONSTELACION,14,0,0,14,8,0.5714285714285714
B. JUAREZ D.F.,55502,,7,0,0,7,4,0.5714285714285714
"TIJUANA, BCN",36501,,11,1,0.09090909090909091,14,8,0.5714285714285714
"ENSENADA, BCN",85101,,12,1,0.08333333333333333,14,8,0.5714285714285714
"ZAPOPAN, JAL.",106002,ZPPN 1060 ROP ACUEDUCTO,7,0,0,7,4,0.5714285714285714
"XONACATLAN, EDO DE M",790701,,13,0,0,14,8,0.5714285714285714
"SALAMANCA, GTO",101001,,14,0,0,14,8,0.5714285714285714
"LEON, GTO.",37201,LEON 372 MUE RIO MAYO,13,0,0,14,8,0.5714285714285714
SAN NICOLAS N.L,37002,,14,2,0.14285714285714285,14,8,0.5714285714285714
"APIZACO, TLAX",101102,APZC 1011 ROP 16 DE SEPTIEMBRE,13,2,0.15384615384615385,14,8,0.5714285714285714
"APIZACO, TLAX",101102,,13,0,0,14,8,0.5714285714285714
TLAPA DE COMONFORT,662802,#N/A,15,2,0.13333333333333333,7,4,0.5714285714285714
"MEXICALI, BCN.",56802,MXLI 568 REXY,7,0,0,7,4,0.5714285714285714
"QUERETARO, QRO.",55102,QRTO 551 PIE DE LA CUESTA,7,0,0,7,4,0.5714285714285714
NANCHITAL DE LAZARO,300580,,7,0,0,7,4,0.5714285714285714
"TEPEACA, PUE",126502,TPCA 1265 ROP TEPEACA,7,0,0,7,4,0.5714285714285714
"QUERETARO, QRO.",23302,QRTO 233 ROP CIMATARIO,15,1,0.06666666666666667,14,8,0.5714285714285714
TECATE,20301,,18,1,0.05555555555555555,21,12,0.5714285714285714
"HERMOSILLO, SON",106502,,12,1,0.08333333333333333,14,8,0.5714285714285714
GUADALAJARA JAL,95401,GDLJ 954 MUE JOSE MA IGLESIAS,12,1,0.08333333333333333,14,8,0.5714285714285714
"PUEBLA, PUEBLA.",119202,PBLA 1192 ROP CENTRO SUR,6,0,0,7,4,0.5714285714285714
"PUEBLA, PUEBLA.",7202,PBLA 72 ROP 11 NORTE,12,1,0.08333333333333333,14,8,0.5714285714285714
GUSTAVO A MADERO DF,73102,GAMD 731 TAMAZULA,7,0,0,7,4,0.5714285714285714
NAUCALPAN EDO MEX,356956,,7,0,0,7,4,0.5714285714285714
"PUEBLA, PUEBLA.",664601,PBLA 6646 MUE PLAZA DORADA,13,1,0.07692307692307693,14,8,0.5714285714285714
"PUEBLA, PUEBLA.",663401,PBLA 6634 MUE LOS HEROES,13,0,0,14,8,0.5714285714285714
"TAMAZULAPAM, OAXACA",769702,TZPA 7697 ROP CRISTOBAL COLON,7,0,0,7,4,0.5714285714285714
TLAHUAC D.F.,764202,TLHC 7642 ROP PZA JUAN DE DIOS,13,0,0,14,8,0.5714285714285714
"LERDO DE TEJADA, VER",112102,,7,1,0.14285714285714285,7,4,0.5714285714285714
TLACOLULA DE MATAMOR,785502,TLCM 7855 ROP TLACOLULA,14,0,0,14,8,0.5714285714285714
TEJUPILCO EDO MEX,48902,TJPC 489 ROP GUERRERO,13,1,0.07692307692307693,14,8,0.5714285714285714
"DURANGO, DGO.",23501,,14,2,0.14285714285714285,14,8,0.5714285714285714
"CD JUAREZ, CHIU",46701,,14,0,0,14,8,0.5714285714285714
"TARIMORO, GUANAJUATO",668101,#N/A,13,0,0,14,8,0.5714285714285714
"ISLA, VERACRUZ",100702,ISLA 1007 ROP RAUL SANDOVAL II,14,0,0,14,8,0.5714285714285714
"TEPATITLAN,JAL",27202,,14,1,0.07142857142857142,14,8,0.5714285714285714
TLACOLULA DE MATAMOR,785502,,14,0,0,14,8,0.5714285714285714
"TIJUANA, BCN",36501,TJNA 365 MUE EL SOLER,12,1,0.08333333333333333,14,8,0.5714285714285714
"MATAMOROS, TAM.",659102,,7,1,0.14285714285714285,7,4,0.5714285714285714
GUSTAVO A MADERO DF,664202,GAMD 6642 ROP CETRAM MARTIN CA,12,0,0,7,4,0.5714285714285714
B. JUAREZ D.F.,55502,BJRZ 555 -348 CANADA MIXC,6,1,0.16666666666666666,7,4,0.5714285714285714
CUAJIMALPA D.F.,116302,CJMP 1163 ROP PLAZA REAL,6,1,0.16666666666666666,7,4,0.5714285714285714
"COLIMA, COL.",5201,,6,2,0.3333333333333333,7,4,0.5714285714285714
"PURUANDIRO, MICH",121801,,12,2,0.16666666666666666,14,8,0.5714285714285714
"REYNOSA, TAM.",89102,RYNS 891 ROP JUAREZ,12,0,0,14,8,0.5714285714285714
A. OBREGON D.F.,141102,ALOB 1411 ROP SAN ANGEL,14,0,0,14,8,0.5714285714285714
"ZAPOPAN, JAL.",106002,,6,1,0.16666666666666666,7,4,0.5714285714285714
"TECAMAC, EDO ME",61302,,6,1,0.16666666666666666,7,4,0.5714285714285714
"GUADALUPE, N.L.",42502,GDLP 425 ROP VALLE SOLEADO,14,0,0,14,8,0.5714285714285714
"PARRAL, CHIHUAH",36001,PRRL 360 MUE NINOS HEROES,13,1,0.07692307692307693,14,8,0.5714285714285714
"PARRAL, CHIHUAH",14901,PRRL 149 MUE 20 DE NOVIEMB,14,0,0,14,8,0.5714285714285714
NAUCALPAN EDO MEX,356956,NCPN INVENTARIOS ZONA I,7,0,0,7,4,0.5714285714285714
"RIO VERDE, SLP",88502,,7,0,0,7,4,0.5714285714285714
GUADALAJARA JAL,95401,,13,0,0,14,8,0.5714285714285714
CHALCO EDO MEX,783302,CHLC 7833 ROP CUAUHTEMOC,5,1,0.2,7,4,0.5714285714285714
"SALTILLO, COAH.",5101,SALT 51 MUE ALDAMA,12,1,0.08333333333333333,14,8,0.5714285714285714
CULIACAN SIN.,96602,,13,0,0,14,8,0.5714285714285714
"ENSENADA, BCN",85101,ENSD 851 MUE BAHIA,13,1,0.07692307692307693,14,8,0.5714285714285714
CULIACAN SIN.,96602,CLCN 966 ROP VALLE ALTO,12,1,0.08333333333333333,14,8,0.5714285714285714
COMITAN D D CHI,780801,CMTN 7808 MUE PLAZA LAS FLORES,13,2,0.15384615384615385,14,8,0.5714285714285714
"TIJUANA, BCN",139502,TJNA 1395 ROP SENDERO 2000,16,2,0.125,21,12,0.5714285714285714
"MONTERREY, N.L.",789902,,12,1,0.08333333333333333,14,8,0.5714285714285714
SAN JUAN D RIO,300415,,7,0,0,7,4,0.5714285714285714
"MEXICALI, BCN.",658302,MXLI 1583 ROP VIDAURRI,13,3,0.23076923076923078,14,8,0.5714285714285714
"MEXICALI, BCN.",56802,,7,0,0,7,4,0.5714285714285714
"MEXICALI, BCN.",2901,,13,0,0,14,8,0.5714285714285714
"PARRAL, CHIHUAH",36001,,13,0,0,14,8,0.5714285714285714
NUEVO CASAS GRANDES,776201,,13,1,0.07692307692307693,14,8,0.5714285714285714
"CD JUAREZ, CHIU",786301,,14,0,0,14,8,0.5714285714285714
"TIHUATLAN, VERACRUZ",783001,,14,0,0,14,8,0.5714285714285714
"XONACATLAN, EDO DE M",790701,XNTL MUE 7907 FELIPE CARRILLO,12,1,0.08333333333333333,14,8,0.5714285714285714
"CATEMACO, VERACRUZ",76702,,6,1,0.16666666666666666,7,4,0.5714285714285714
GUSTAVO A MADERO DF,789502,,0,0,0,7,4,0.5714285714285714
GUSTAVO A MADERO DF,664202,,11,0,0,7,4,0.5714285714285714
GUSTAVO A MADERO DF,73102,,7,0,0,7,4,0.5714285714285714
"LEON, GTO.",71102,,7,0,0,7,4,0.5714285714285714
SAN JUAN D RIO,300415,SNJR INVENTARIOS ZONA I,5,1,0.2,7,4,0.5714285714285714
ATIZAPAN DE ZAR,85801,,14,0,0,14,8,0.5714285714285714
"GUASAVE, SIN.",84401,GSVE 844 MUE CONSTITUCION,13,1,0.07692307692307693,14,8,0.5714285714285714
"TIHUATLAN, VERACRUZ",783001,TIAN 7830 MUE BICENTENARIO,12,0,0,14,8,0.5714285714285714
JALPA DE MENDEZ TAB,777602,JAMX 7776 ROP JALPA,15,2,0.13333333333333333,14,8,0.5714285714285714
"REYNOSA, TAM.",75602,,7,0,0,7,4,0.5714285714285714
"TAMAZULAPAM, OAXACA",769702,,7,0,0,7,4,0.5714285714285714
"GUADALUPE, N.L.",10302,,22,2,0.09090909090909091,23,13,0.5652173913043478
STA ANA CHIAUTE,38701,STCH 387 MUE SALDA#A,22,3,0.13636363636363635,23,13,0.5652173913043478
"DURANGO, DGO.",23502,,16,0,0,16,9,0.5625
SALVATIERRA,90102,SLVT 901 ROP OCAMPO,15,0,0,16,9,0.5625
CUAUHTEMOC D.F.,98302,CTMC 983 ROP BUENAVISTA,14,0,0,16,9,0.5625
"DURANGO, DGO.",12901,,13,2,0.15384615384615385,16,9,0.5625
"CALERA, ZAC",796702,CARA 7967 ROP 5 DE MAYO,12,2,0.16666666666666666,16,9,0.5625
"CATEMACO, VERACRUZ",104601,CTMO 1046 MUE VENUSTIANO CARRA,16,0,0,16,9,0.5625
DEL COYOACAN DF,667502,,12,0,0,16,9,0.5625
"PIEDRAS NEGRAS, COAH",793701,,13,1,0.07692307692307693,16,9,0.5625
HUEJOTZINGO,112501,HJTZ 1125 MUE AV MARTINEZ,16,1,0.0625,16,9,0.5625
"IXTAPALUCA, E.M",89402,,17,1,0.058823529411764705,16,9,0.5625
SAN MARTIN T. P,25602,SNMT 256 ROP PZA CRISTAL,14,2,0.14285714285714285,16,9,0.5625
"AMOZOC, PUEBLA",93501,AMZC 935 MUE AMOZOC,16,1,0.0625,16,9,0.5625
"CD OBREGON, SON",1002,,30,4,0.13333333333333333,32,18,0.5625
VILLA DE ETLA,130702,VIET 1307 ROP MORELOS,15,1,0.06666666666666667,16,9,0.5625
COATZACOALCOS,60102,,16,0,0,16,9,0.5625
SALINA CRUZ OAX,130301,SCRZ 1303 MUE AV ACAPULCO,16,1,0.0625,16,9,0.5625
OAXACA OAXACA,20202,,16,1,0.0625,16,9,0.5625
JIUTEPEC MORELO,31102,JUTP 311 ROP TEJALPA,17,2,0.11764705882352941,16,9,0.5625
"TIJUANA, BCN",7602,TJNA 76 ROP CARDENAS,15,0,0,16,9,0.5625
"TEPIC, NAY",14101,,16,0,0,16,9,0.5625
"IXTAPALUCA, E.M",22601,IXTP 226 MUE CUAUHTEMOC,14,0,0,16,9,0.5625
TUXTLA GUTIERRE,41601,TXGT 416 MUE PLAZA DEL SOL,15,3,0.2,16,9,0.5625
"GOMEZ PAL, DGO.",23601,,16,0,0,16,9,0.5625
"TEAPA, TABASCO",42801,,16,1,0.0625,16,9,0.5625
COATZACOALCOS,23401,CTZC 234 MUE PZA EL PALMAR,15,2,0.13333333333333333,16,9,0.5625
"PIEDRAS NEGRAS, COAH",793701,PNGS 7937 MUE PEREZ TREVIÑO,15,0,0,16,9,0.5625
"GOMEZ PAL, DGO.",23601,GPLC 236 MUE PZA HAMBURGO,16,1,0.0625,16,9,0.5625
COATZACOALCOS,23401,,16,1,0.0625,16,9,0.5625
TEXCOCO EDO MEX,25302,,16,1,0.0625,16,9,0.5625
"DURANGO, DGO.",23502,DRGO 235 ROP PLAZA MADERO,16,0,0,16,9,0.5625
"ZAMORA, MICH.",19501,ZMRA 195 MUE 5 DE MAYO,15,0,0,16,9,0.5625
VILLAHERMOSA,27701,VLLH 277 MUE TAMULTE,16,0,0,16,9,0.5625
TUXTLA GUTIERRE,33502,,16,1,0.0625,16,9,0.5625
SAN MARTIN T. P,25602,,15,1,0.06666666666666667,16,9,0.5625
"MORELIA, MICH.",7002,MORL 70 ROP MADERO III,15,1,0.06666666666666667,16,9,0.5625
"COMALCALCO, TAB",32901,,15,2,0.13333333333333333,16,9,0.5625
TLAQUEPAQUE,72302,TLQP 723 SAN PEDRITO,8,0,0,9,5,0.5555555555555556
"LA BARCA, JAL.",5001,LBCA 50 MUE LA MOREÑA,18,0,0,18,10,0.5555555555555556
SAN JOSE DE ITURBIDE,94202,SNJI 942 ROP ITURBIDE,17,4,0.23529411764705882,18,10,0.5555555555555556
"ZAPOPAN, JAL.",98002,ZPPN 980 ROP GUAYMAS,7,0,0,9,5,0.5555555555555556
GUADALAJARA JAL,46201,GDLJ 462 MUE EL FRESNO,8,0,0,9,5,0.5555555555555556
"GUASAVE, SIN.",802,,34,1,0.029411764705882353,36,20,0.5555555555555556
TLAQUEPAQUE,72302,,8,0,0,9,5,0.5555555555555556
"TRES VALLES, VER",88301,TRSV 883 MUE OBREGON,19,1,0.05263157894736842,18,10,0.5555555555555556
SAN FELIPE,105401,,17,1,0.058823529411764705,18,10,0.5555555555555556
"CUAUHTEMOC, COLIMA",82802,,8,0,0,9,5,0.5555555555555556
BENITO JUAREZ QROO,92102,,27,2,0.07407407407407407,27,15,0.5555555555555556
"TORREON, COAH.",12701,,9,1,0.1111111111111111,9,5,0.5555555555555556
STA CATARINA NL,10401,STCA 104 MUE SCT LAS PALMA,0,0,0,9,5,0.5555555555555556
TUXTLA GUTIERRE,36202,TXGT 362 ROP NOVENA SUR ORIENT,18,1,0.05555555555555555,18,10,0.5555555555555556
GUSTAVO A MADERO DF,18401,GAMD 184 MUE CUAUTEPEC GAM,17,0,0,18,10,0.5555555555555556
"MERIDA, YUCATAN",787102,,7,2,0.2857142857142857,9,5,0.5555555555555556
VERACRUZ VER,769801,VRCZ 7698 MUE NUEVO VERACRUZ,10,0,0,9,5,0.5555555555555556
"CORDOBA, VER.",7801,CRDB 78 MUE AVENIDA,18,0,0,18,10,0.5555555555555556
"CUAUHTEMOC, COLIMA",82802,CDCU 828 ROP INDEPENDENCIA,8,1,0.125,9,5,0.5555555555555556
TUXTLA GUTIERRE,33501,,16,0,0,18,10,0.5555555555555556
GUSTAVO A MADERO DF,80202,,16,0,0,18,10,0.5555555555555556
"PEROTE, VERACRUZ",42702,,19,1,0.05263157894736842,18,10,0.5555555555555556
COMITAN D D CHI,88202,,9,0,0,9,5,0.5555555555555556
"CHIHUAHUA, CHI",6202,,20,0,0,20,11,0.55
"CHIHUAHUA, CHI",3702,,20,0,0,20,11,0.55
"TIJUANA, BCN",139502,,19,0,0,20,11,0.55
IZUCAR DE MAT P,22301,,16,1,0.0625,20,11,0.55
TEXCOCO EDO MEX,25301,,20,0,0,20,11,0.55
"CORDOBA, VER.",651102,CRDB 1511 ROP CORDOBA,14,1,0.07142857142857142,20,11,0.55
CD CONSTITUCION,47701,,20,0,0,20,11,0.55
"TOLUCA, EDO MEX",6402,TOLC 64 ROP JUAREZ II,19,2,0.10526315789473684,20,11,0.55
"MINATITLAN, VER",37801,MNTN 378 MUE INSURGENTES CHEDA,27,1,0.037037037037037035,31,17,0.5483870967741935
"HERMOSILLO, SON",21102,,31,2,0.06451612903225806,31,17,0.5483870967741935
"MINATITLAN, VER",37801,,29,0,0,31,17,0.5483870967741935
"HERMOSILLO, SON",21102,HLLO 211 ROP PROGRESO,31,1,0.03225806451612903,31,17,0.5483870967741935
"LEON, GTO.",27802,,11,0,0,11,6,0.5454545454545454
TLAQUEPAQUE,15301,TLQP 153 MUE PARIAN,10,0,0,11,6,0.5454545454545454
CUAUTITLAN IZCA,18701,,11,0,0,11,6,0.5454545454545454
NEZAHUALCOYOTL,775701,,10,0,0,11,6,0.5454545454545454
AZCAPOTZALCO DF,143101,AZCP 1431 MUE CAMARONES,9,1,0.1111111111111111,11,6,0.5454545454545454
"ZACATECAS, ZAC",766301,ZCTS 7663 MUE LA ENCANTADA,10,0,0,11,6,0.5454545454545454
"ALLENDE, N L",109901,,9,2,0.2222222222222222,11,6,0.5454545454545454
B. JUAREZ D.F.,140001,,11,0,0,11,6,0.5454545454545454
"ZAPOPAN, JAL.",133802,ZPPN 1338 ROP MESA COLORADA,11,0,0,11,6,0.5454545454545454
"LEON, GTO.",27802,LEON 278 ROP MARAVILLAS,11,1,0.09090909090909091,11,6,0.5454545454545454
"ZAPOPAN, JAL.",115001,ZPPN 1150 MUE SANTA ANA,11,1,0.09090909090909091,11,6,0.5454545454545454
AZCAPOTZALCO DF,126701,AZCP 1267 MUE PABELLON AZCAPOT,11,0,0,11,6,0.5454545454545454
TLAJOMULCO DE Z,760702,TLJM 7607 ROP IZTACCHIHUATL,11,0,0,11,6,0.5454545454545454
"CARDENAS, TAB",30802,,25,1,0.04,22,12,0.5454545454545454
"CD OBREGON, SON",16402,,11,0,0,11,6,0.5454545454545454
TLAQUEPAQUE,15301,,11,0,0,11,6,0.5454545454545454
TLAJOMULCO DE Z,760702,,11,0,0,11,6,0.5454545454545454
TAMAZULA DE GORDIANO,108301,,11,1,0.09090909090909091,11,6,0.5454545454545454
"GALEANA, NL",762602,GANA 7626 ROP 5 DE MAYO,11,0,0,11,6,0.5454545454545454
"ZAPOPAN, JAL.",133802,,10,1,0.1,11,6,0.5454545454545454
"MAZATLAN, SIN.",3001,MZTN 30 MUE DEL MAR,20,0,0,22,12,0.5454545454545454
GUADALAJARA JAL,138902,,11,0,0,11,6,0.5454545454545454
TEHUACAN PUEBLA,44802,,24,0,0,22,12,0.5454545454545454
"MONTERREY, N.L.",789901,MTRY 7899 MUE GALERIA VALLE,9,2,0.2222222222222222,11,6,0.5454545454545454
"GALEANA, NL",762602,,11,0,0,11,6,0.5454545454545454
"CHIHUAHUA, CHI",18201,CHUA 182 MUE FCO VILLA,12,0,0,11,6,0.5454545454545454
COATZACOALCOS,122402,,12,0,0,11,6,0.5454545454545454
NAUCALPAN EDO MEX,144601,NCPN 1446 MUE SAN MATEO,11,1,0.09090909090909091,11,6,0.5454545454545454
"CD OBREGON, SON",16402,CDOB 164 ROP CALIFORNIA,11,0,0,11,6,0.5454545454545454
"MONTERREY, N.L.",789901,,10,0,0,11,6,0.5454545454545454
"COZUMEL, QROO",82901,CZML 829 MUE 15 SUR,11,1,0.09090909090909091,11,6,0.5454545454545454
TLAJOMULCO DE Z,130001,TLJM 1300 MUE SAN AGUSTIN,10,1,0.1,11,6,0.5454545454545454
"TECAMACHALCO,PU",30701,,20,0,0,22,12,0.5454545454545454
AZCAPOTZALCO DF,126701,,10,0,0,11,6,0.5454545454545454
"PEROTE, VERACRUZ",42701,,22,4,0.18181818181818182,22,12,0.5454545454545454
"BALANCAN, TAB",124302,BAAN 1243 ROP GREGORIO MENDEZ,11,0,0,11,6,0.5454545454545454
"COZUMEL, QROO",82901,,11,0,0,11,6,0.5454545454545454
"TECAMACHALCO,PU",30702,,22,1,0.045454545454545456,22,12,0.5454545454545454
"MONTERREY, N.L.",14802,,25,2,0.08,24,13,0.5416666666666666
"EL SALTO, DGO",776802,,12,1,0.08333333333333333,13,7,0.5384615384615384
CHIMALHUACAN EM,25502,CHCN 255 ROP GUADALUPE,14,1,0.07142857142857142,13,7,0.5384615384615384
"IRAPUATO, GTO.",129301,,12,0,0,13,7,0.5384615384615384
"YURIRIA, GTO",780002,YURI 7800 ROP 5 DE MAYO,13,2,0.15384615384615385,13,7,0.5384615384615384
COACALCO DE BAR,18902,CCLC 189 ROP COACALCO,12,0,0,13,7,0.5384615384615384
"PACHUCA,HIDALGO",40102,PCHC 401 ROP LAS VILLAS,12,0,0,13,7,0.5384615384615384
"XILITLA, SLP",650702,XILA 6507 ROP MORELOS,13,1,0.07692307692307693,13,7,0.5384615384615384
GENERAL ESCOBED,18801,,12,0,0,13,7,0.5384615384615384
"COMPOSTELA, NAY",30401,CMPT 304 MUE JUAREZ,13,0,0,13,7,0.5384615384615384
"CD VALLES, SLP",28001,CDVS 280 PLAZA VALLES,13,1,0.07692307692307693,13,7,0.5384615384615384
CUAUTITLAN IZCA,17302,CTLZ 173 ROP SAN ANTONIO,12,3,0.25,13,7,0.5384615384615384
"JUCHITAN DE Z, OAXAC",125302,,14,1,0.07142857142857142,13,7,0.5384615384615384
CUAUTITLAN IZCA,40801,CTLZ 408 MUE TEPOJACO,12,0,0,13,7,0.5384615384615384
"LEON, GTO.",11202,LEON 112 ROP OBREGON V,13,0,0,13,7,0.5384615384615384
CUAUTITLAN RR,48801,CTLN 488 MUE PASEO LA JOYA,13,0,0,13,7,0.5384615384615384
"CELAYA, GTO.",6001,CLYA 60 MUE LOPEZ MATEOS I,21,4,0.19047619047619047,26,14,0.5384615384615384
S JOSE DEL CABO,666801,,14,2,0.14285714285714285,13,7,0.5384615384615384
"GARCIA, NUEVO LEON",130901,,12,0,0,13,7,0.5384615384615384
VERACRUZ VER,17702,,13,0,0,13,7,0.5384615384615384
"RIO GRANDE, OAX",764802,,14,0,0,13,7,0.5384615384615384
"HERMOSILLO, SON",1601,,14,0,0,13,7,0.5384615384615384
"CALPULALPAN, TLX",89802,,15,0,0,13,7,0.5384615384615384
"XILITLA, SLP",650702,,14,0,0,13,7,0.5384615384615384
"SAYULA DE ALEMAN, VE",797001,#N/A,15,1,0.06666666666666667,13,7,0.5384615384615384
"TOLUCA, EDO MEX",15901,,12,0,0,13,7,0.5384615384615384
"PACHUCA,HIDALGO",40102,,12,0,0,13,7,0.5384615384615384
"IXTEPEC, OAXACA",92602,IXTE 926 ROP MORELOS,19,0,0,13,7,0.5384615384615384
"JUCHITAN DE Z, OAXAC",125302,JCHZ 1253 ROP LA RIVIERA,13,2,0.15384615384615385,13,7,0.5384615384615384
"TANGANCICUARO, MICH",82102,,12,0,0,13,7,0.5384615384615384
"JIMENEZ, CHIH",112601,JMNZ 1126 MUE JUAREZ,13,0,0,13,7,0.5384615384615384
"SAHUAYO, MICHOA",782902,,12,0,0,13,7,0.5384615384615384
"JUANACATLAN,JAL",793501,,13,0,0,13,7,0.5384615384615384
"CAMARGO, CHI",115101,CMGO 1151 MUE SANTA ROSALIA,13,1,0.07692307692307693,13,7,0.5384615384615384
"YAUTEPEC, MORELOS",139602,YTPC 1396 ROP TLAHUICA,12,2,0.16666666666666666,13,7,0.5384615384615384
"TEMIXCO, MORELOS",762002,TMXC 7620 ROP ACATLIPA,13,0,0,13,7,0.5384615384615384
OAXACA OAXACA,781901,,12,1,0.08333333333333333,13,7,0.5384615384615384
"APODACA, N.L.",24801,APDC 248 MUE PZA HUINALA,13,0,0,13,7,0.5384615384615384
"GUADALUPE, N.L.",13501,GDLP 135 MUE GPE GUADALUPE,13,0,0,13,7,0.5384615384615384
BENITO JUAREZ QROO,787802,CNCN 7878 ROP FM LAS AMERICAS,13,0,0,13,7,0.5384615384615384
"MAZATLAN, SIN.",112302,MZTN 1123 ROP COLOSIO,15,0,0,13,7,0.5384615384615384
FELIPE CARRILLO PUER,96102,FCPT 961 ROP CARDENAS,13,1,0.07692307692307693,13,7,0.5384615384615384
CUAUTITLAN IZCA,40801,,11,1,0.09090909090909091,13,7,0.5384615384615384
"GUADALUPE, N.L.",13501,,13,0,0,13,7,0.5384615384615384
GENERAL ESCOBED,121102,GESC 1211 ROP PUERTA DEL SOL,14,0,0,13,7,0.5384615384615384
"NAVOLATO, SIN.",654202,NVLT 1542 ROP VILLA JUAREZ,15,2,0.13333333333333333,13,7,0.5384615384615384
GUADALAJARA JAL,8401,,12,0,0,13,7,0.5384615384615384
"IXTAPALUCA, E.M",766501,IXTP 7665 MUE PLAZA HEROES,13,0,0,13,7,0.5384615384615384
JUAN RODRIGUEZ CLARA,35402,,14,1,0.07142857142857142,13,7,0.5384615384615384
"MORELIA, MICH.",112801,,12,0,0,13,7,0.5384615384615384
CHIMALHUACAN EM,657402,,12,2,0.16666666666666666,13,7,0.5384615384615384
"MONTERREY, N.L.",11401,MTRY 114 MUE AZTLAN,12,0,0,13,7,0.5384615384615384
"MONTERREY, N.L.",10801,MTRY 108 MUE ARAMBERRI,12,1,0.08333333333333333,13,7,0.5384615384615384
"GOMEZ PAL, DGO.",9602,GPLC 96 ROP LAS ROSAS,13,1,0.07692307692307693,13,7,0.5384615384615384
"CD VALLES, SLP",28001,,13,0,0,13,7,0.5384615384615384
"LOS MOCHIS, SIN",1701,,13,0,0,13,7,0.5384615384615384
"TIJUANA, BCN",9801,TJNA 98 MUE VILLAFONTANA,12,1,0.08333333333333333,13,7,0.5384615384615384
"ALVARADO, VERACRUZ",92501,ALVD 925 MUE DE LA SANTA CRUZ,13,0,0,13,7,0.5384615384615384
CUAUTITLAN IZCA,17302,,13,0,0,13,7,0.5384615384615384
NAUCALPAN EDO MEX,105601,NCPN 1056 MUE SAN AGUSTIN,13,1,0.07692307692307693,13,7,0.5384615384615384
"LOS MOCHIS, SIN",23701,,12,0,0,13,7,0.5384615384615384
"JUANACATLAN,JAL",793501,JCTN 7935 MUE VILLAS ANDALUCIA,13,0,0,13,7,0.5384615384615384
TEZIUTLAN,767602,,13,1,0.07692307692307693,13,7,0.5384615384615384
"XONACATLAN, EDO DE M",790702,XNCT 7907 ROP FELIPE CARRILLO,14,1,0.07142857142857142,13,7,0.5384615384615384
"ATLIXCO, PUEBLA",29402,,24,2,0.08333333333333333,26,14,0.5384615384615384
CABO SAN LUCAS,29502,CSLC 295 ROP BRISAS,37,0,0,39,21,0.5384615384615384
"MORELIA, MICH.",112801,MORL 1128 MUE REFORMA,12,0,0,13,7,0.5384615384615384
"SAHUAYO, MICHOA",782902,SHYO 7829 ROP LAZARO CARDENAS,12,0,0,13,7,0.5384615384615384
"SAHUAYO, MICHOA",782901,SHYO 7829 MUE LAZARO CARDENAS,13,0,0,13,7,0.5384615384615384
"TOLUCA, EDO MEX",15901,TOLC 159 MUE 5 DE MAYO,12,1,0.08333333333333333,13,7,0.5384615384615384
"LOS MOCHIS, SIN",23701,LMCH 237 MUE ARBOLEDAS,12,1,0.08333333333333333,13,7,0.5384615384615384
"LOS MOCHIS, SIN",1701,LMCH 17 MUE LAS PALMAS,13,0,0,13,7,0.5384615384615384
"TORREON, COAH.",12801,TRRN 128 MUE SAULO,14,0,0,15,8,0.5333333333333333
"LEON, GTO.",5801,,14,0,0,15,8,0.5333333333333333
"TIJUANA, BCN",18101,,15,1,0.06666666666666667,15,8,0.5333333333333333
"CD JUAREZ, CHIU",47001,CDJZ 470 MUE SENDERO,13,1,0.07692307692307693,15,8,0.5333333333333333
SAN LUIS POTOSI,773802,SNLP 7738 ROP EL PASEO,15,1,0.06666666666666667,15,8,0.5333333333333333
"XALAPA,VERACRUZ",784502,,12,1,0.08333333333333333,15,8,0.5333333333333333
"LEON, GTO.",78001,LEON 780 MUE GALERIAS LAS TORR,13,1,0.07692307692307693,15,8,0.5333333333333333
"URIANGATO, GTO",47402,,14,2,0.14285714285714285,15,8,0.5333333333333333
OLUTA VER,122501,,15,1,0.06666666666666667,15,8,0.5333333333333333
SAN PEDRO POCHUTLA,768401,,15,1,0.06666666666666667,15,8,0.5333333333333333
CHAMPOTON CAMPECHE,113901,,14,0,0,15,8,0.5333333333333333
"PUEBLA, PUEBLA.",42602,PBLA 426 ROP MARGARITAS,15,1,0.06666666666666667,15,8,0.5333333333333333
AGUAPRIETA SON,24001,,15,1,0.06666666666666667,15,8,0.5333333333333333
"ZAMORA, MICH.",19502,,15,0,0,15,8,0.5333333333333333
SAN LUIS POTOSI,773802,,15,0,0,15,8,0.5333333333333333
GUSTAVO A MADERO DF,119002,GAMD 1190 ROP ATZACOALCOS,15,1,0.06666666666666667,15,8,0.5333333333333333
MUGICA MICH,127302,,15,2,0.13333333333333333,15,8,0.5333333333333333
CD CUAUHTEMOC,8002,,14,2,0.14285714285714285,15,8,0.5333333333333333
"SALTILLO, COAH.",5102,,18,2,0.1111111111111111,15,8,0.5333333333333333
AGUAPRIETA SON,24001,AGPT 240 MUE CALLE 13,13,2,0.15384615384615385,15,8,0.5333333333333333
"ENSENADA, BCN",7701,ENSD 77 MUE MISION,15,1,0.06666666666666667,15,8,0.5333333333333333
"GUADALUPE, ZAC",56202,,15,1,0.06666666666666667,15,8,0.5333333333333333
VILLA CORREGIDORA,41402,,15,3,0.2,15,8,0.5333333333333333
OLUTA VER,122501,OLTA 1225 MUE LA FLORIDA,15,1,0.06666666666666667,15,8,0.5333333333333333
"ZACAPU, MICHOAC",34001,ZCPU 340 MUE MORELOS,14,1,0.07142857142857142,15,8,0.5333333333333333
"MEXICALI, BCN.",2901,MXLI 29 MUE CACHANILLA II,13,2,0.15384615384615385,15,8,0.5333333333333333
CHAMPOTON CAMPECHE,113901,CHTN 1139 MUE LOS MANGUITOS,13,1,0.07692307692307693,15,8,0.5333333333333333
"RIO BRAVO, TAM",25902,,15,0,0,15,8,0.5333333333333333
"ACAMBAY, EDTO DE MEX",794202,ACBY 7942 ROP PANAMERICANA,13,1,0.07692307692307693,15,8,0.5333333333333333
"PARAISO, TAB",95902,,14,0,0,15,8,0.5333333333333333
"PICHUCALCO, CHIA",129701,,15,1,0.06666666666666667,15,8,0.5333333333333333
"TIJUANA, BCN",47501,,13,2,0.15384615384615385,15,8,0.5333333333333333
"PIEDRAS NEGRAS, VER",92302,,17,2,0.11764705882352941,15,8,0.5333333333333333
"PARAISO, TAB",95902,PRSO 959 ROP MELCHOR OCAMPO,15,0,0,15,8,0.5333333333333333
S FCO D RINCON,21802,,16,0,0,17,9,0.5294117647058824
LOS REYES LAPAZ,90601,LRYP 906 MUE RIO BRAVO,17,1,0.058823529411764705,17,9,0.5294117647058824
LOS REYES LAPAZ,90601,,17,1,0.058823529411764705,17,9,0.5294117647058824
"TUXTEPEC, OAX",121201,,20,0,0,17,9,0.5294117647058824
"TUXTEPEC, OAX",44902,,19,1,0.05263157894736842,17,9,0.5294117647058824
VALLE DE CHALCO,22701,,16,1,0.0625,17,9,0.5294117647058824
"AGUA DULCE, VERACRUZ",90901,,17,1,0.058823529411764705,17,9,0.5294117647058824
"COATEPEC, VER",90202,COTP 902 ROP JUAN SOTO,18,4,0.2222222222222222,17,9,0.5294117647058824
"PEROTE, VERACRUZ",42702,PRTE 427 ROP HUMBOLT,19,2,0.10526315789473684,17,9,0.5294117647058824
"MEXICALI, BCN.",26602,MXLI 266 ROP PLAZA D SOL,15,0,0,17,9,0.5294117647058824
"CD VICTORIA,TAM",28401,,16,0,0,17,9,0.5294117647058824
SAN PABLO DEL MONTE,110801,SNPM 1108 MUE PABLO SIDAR,15,2,0.13333333333333333,17,9,0.5294117647058824
VILLAHERMOSA,19101,VLLH 191 MUE SENDERO,18,0,0,17,9,0.5294117647058824
"TUXTEPEC, OAX",121201,TXTP 1212 MUE MULTIPLAZA,20,0,0,17,9,0.5294117647058824
"MONCLOVA, COAH.",4001,,17,0,0,17,9,0.5294117647058824
FELIPE CARRILLO PUER,96101,,17,1,0.058823529411764705,17,9,0.5294117647058824
VALLE DE CHALCO,92702,VCHA 927 ROP LAS TORRES,17,1,0.058823529411764705,17,9,0.5294117647058824
"MONTERREY, N.L.",678802,#N/A,18,0,0,17,9,0.5294117647058824
CULIACAN SIN.,95001,,17,1,0.058823529411764705,17,9,0.5294117647058824
"TIJUANA, BCN",7502,TJNA 75 ROP CONSTITUCION,17,1,0.058823529411764705,17,9,0.5294117647058824
VILLAHERMOSA,16102,VLLH 161 ROP CONSTITUCION,17,2,0.11764705882352941,17,9,0.5294117647058824
VILLAHERMOSA,16102,,17,0,0,17,9,0.5294117647058824
BENITO JUAREZ QROO,112201,CNCN 1122 MUE LAK IN,15,1,0.06666666666666667,17,9,0.5294117647058824
S FCO D RINCON,21802,SNFR 218 ROP DIAZ MIRON,16,1,0.0625,17,9,0.5294117647058824
"EMILIANO ZAPATA, TAB",89201,EZTA 892 MUE CHIAPAS,18,2,0.1111111111111111,17,9,0.5294117647058824
"EMILIANO ZAPATA, TAB",89201,,18,0,0,17,9,0.5294117647058824
CABO SAN LUCAS,29502,,37,0,0,38,20,0.5263157894736842
LOS REYES LAPAZ,17001,LPYP 170 MUE LOS REYES,16,3,0.1875,19,10,0.5263157894736842
"SILAO, GUANAJUA",37501,SLAO 375 MUE PINO SUAREZ,18,4,0.2222222222222222,19,10,0.5263157894736842
"TECAMACHALCO,PU",76301,TMCH 763 MUE ORIENTE,19,0,0,19,10,0.5263157894736842
"VALLARTA, JAL.",3901,PVLL 39 MUE LAS PALMAS,16,2,0.125,19,10,0.5263157894736842
BAHIAS DE HUATULCO,97501,BHTC 975 MUE PLAZA CHAHUE,20,0,0,19,10,0.5263157894736842
CD DEL CARMEN,21302,,17,3,0.17647058823529413,19,10,0.5263157894736842
"HERMOSILLO, SON",1602,HLLO 16 ROP ELIAS CALLES,18,1,0.05555555555555555,19,10,0.5263157894736842
S JOSE DEL CABO,666802,SNJC 6668 ROP PLAZA KABS,15,0,0,19,10,0.5263157894736842
BAHIAS DE HUATULCO,97501,,20,0,0,19,10,0.5263157894736842
"TECOMAN, COLIMA",14602,TCMN 146 ROP 18 DE JULIO,17,2,0.11764705882352941,19,10,0.5263157894736842
"SILAO, GUANAJUA",37501,,19,1,0.05263157894736842,19,10,0.5263157894736842
"TANTOYUCA, VER",32502,TTYC 325 ROP DEMOCRACIA,19,1,0.05263157894736842,19,10,0.5263157894736842
"VALLADOLID, YUCATAN",46301,VLLD 463 MUE CALLE 40,21,0,0,21,11,0.5238095238095238
"OCOSINGO, CHIAPAS",100801,,20,2,0.1,21,11,0.5238095238095238
"CORDOBA, VER.",7802,,19,2,0.10526315789473684,21,11,0.5238095238095238
"TECAMACHALCO,PU",30701,TMCH 307 MUE 2 SUR,20,1,0.05,23,12,0.5217391304347826
"LOS MOCHIS, SIN",1501,,22,1,0.045454545454545456,23,12,0.5217391304347826
"PALENQUE, CHIAPAS",42902,,25,0,0,23,12,0.5217391304347826
"XALAPA,VERACRUZ",37701,XLPA 377 MUE LAZARO CARDENAS,24,1,0.041666666666666664,25,13,0.52
ATLACOMULCO,47801,,22,0,0,25,13,0.52
"XALAPA,VERACRUZ",37701,,25,1,0.04,25,13,0.52
TAPACHULA CHIAP,30902,,26,3,0.11538461538461539,25,13,0.52
"ENSENADA, BCN",11002,,29,3,0.10344827586206896,31,16,0.5161290322580645
"GUASAVE, SIN.",802,GSVE 8 ROP CARRASCO,34,2,0.058823529411764705,37,19,0.5135135135135135
"TUXPAN,VERACRUZ",45210,TXPN 452 GTE PLAZA CRISTAL,1,0,0,2,1,0.5
"MANUEL DOBLADO, GTO.",122602,MNLD 1226 ROP TORRES,6,0,0,6,3,0.5
"PACHUCA,HIDALGO",765102,,12,1,0.08333333333333333,12,6,0.5
S FCO D RINCON,311101,,2,0,0,2,1,0.5
TEXCOCO EDO MEX,316601,TXCC ZONA,2,0,0,2,1,0.5
PENJAMO,46010,,1,0,0,2,1,0.5
"MANUEL DOBLADO, GTO.",122602,,6,0,0,6,3,0.5
"ACATZINGO, PUEBLA",93910,,2,0,0,2,1,0.5
"LEON, GTO.",773502,,12,2,0.16666666666666666,12,6,0.5
"LEON, GTO.",682301,,5,0,0,2,1,0.5
"TANGANCICUARO, MICH",82110,TGCC 821 GTE TANGACICUARO,2,0,0,2,1,0.5
BAHIAS DE HUATULCO,97502,,15,2,0.13333333333333333,16,8,0.5
"PACHUCA,HIDALGO",765101,,12,1,0.08333333333333333,12,6,0.5
"TANGANCICUARO, MICH",82102,TGCC 821 ROP TANGACICUARO,12,0,0,14,7,0.5
TLAQUEPAQUE,331401,TLQP ZONA,1,0,0,2,1,0.5
SAN JUAN DLL JA,677501,#N/A,5,0,0,4,2,0.5
TEPOTZOTLAN,98801,TPZT 988 MUE BALNEARIO,12,0,0,12,6,0.5
TEOLOYUCAN EDME,81301,TELY 813 5 DE MAYO,12,1,0.08333333333333333,14,7,0.5
"LEON, GTO.",773501,,11,0,0,12,6,0.5
"POZA RICA, VER.",87410,PZRC GTE 874 GRAN PATIO,1,0,0,2,1,0.5
"DURANGO, DGO.",126802,,12,1,0.08333333333333333,12,6,0.5
ZIMATLAN DE ALVAREZ,128802,,8,0,0,8,4,0.5
"MINATITLAN, VER",14310,MNTN 143 GTE HIDALGO,2,0,0,2,1,0.5
"CD SERDAN, PUEBLA",102302,,17,0,0,18,9,0.5
"POZA RICA, VER.",61102,PZRC 611 -564 CANADA PZR,7,1,0.14285714285714285,6,3,0.5
"MINATITLAN, VER",37810,MNTN 378 GTE INSURGENTES CHEDA,2,0,0,2,1,0.5
"TONALA,JALISCO",331302,TNLA ZONA II,2,0,0,2,1,0.5
"TULANCINGO, HGO",57502,TNGO 575 -438 CANADA TULA,7,0,0,8,4,0.5
VERACRUZ VER,769802,,12,0,0,12,6,0.5
BOCA DEL RIO,650802,,8,0,0,8,4,0.5
"OTUMBA, ESTADO DE ME",147002,OTBA 1470 ROP MONTAÑO,13,1,0.07692307692307693,14,7,0.5
"TONALA,JALISCO",17602,TNLA 176 ROP LOMA DORADA,13,0,0,12,6,0.5
"LEON, GTO.",10010,,2,0,0,2,1,0.5
"MINERAL DE LA R,HGO",31901,MNRL 319 MUE PLAZA UNIVER,14,1,0.07142857142857142,14,7,0.5
"LA BARCA, JAL.",5010,LBCA 50 GTE LA MORE#A,1,0,0,2,1,0.5
S JOSE DEL CABO,761802,,16,0,0,16,8,0.5
"COLIMA, COL.",20610,CLMA 206 GTE TECNOLOGICO,2,0,0,2,1,0.5
"IRAPUATO, GTO.",35201,,13,0,0,12,6,0.5
VILLA DE ETLA,130702,,15,0,0,16,8,0.5
"IRAPUATO, GTO.",8510,,1,0,0,2,1,0.5
"PROGRESO DE OBR, HGO",332301,PROG ZONA,4,0,0,4,2,0.5
"IRAPUATO, GTO.",35210,,1,0,0,2,1,0.5
"DOLORES HIDALGO,GTO",326001,,2,0,0,2,1,0.5
"TECAMAC, EDO ME",300492,TCMC INVENTARIOS ZONA II,2,0,0,2,1,0.5
"TECAMAC, EDO ME",136710,TCMC 1367 GTE LAS HUERTAS,1,0,0,2,1,0.5
"PACHUCA,HIDALGO",19410,,2,0,0,2,1,0.5
"COMONFORT, GTO",339901,,1,0,0,2,1,0.5
"LA PIEDAD, MICH",43101,LPDD 431 MUE AQUILES SERDAN,14,1,0.07142857142857142,16,8,0.5
"TECAMAC, EDO ME",86202,TCMC 862 ROP OJO DE AGUA,8,0,0,8,4,0.5
"TARIMORO, GUANAJUATO",668102,#N/A,14,1,0.07142857142857142,14,7,0.5
"TULTITLAN,EDO M",25102,TTLN 251 ROP CHILPAN,12,1,0.08333333333333333,12,6,0.5
ACATLAN DE JUAREZ JA,794502,ACJZ 7945 ROP ACATLAN,7,0,0,8,4,0.5
CUAUTITLAN IZCA,15102,,13,0,0,12,6,0.5
ECATEPEC DE MOR,300488,ECTP INVENTARIOS ZONA III,4,0,0,4,2,0.5
APASEO EL GRANDE,339301,,2,1,0.5,2,1,0.5
ECATEPEC DE MOR,143210,ECTP 1432 GTE ARAGON,2,0,0,2,1,0.5
SAN FELIPE,105401,SNFP 1054 MUE MADERO,18,2,0.1111111111111111,18,9,0.5
ECATEPEC DE MOR,20010,ECTP 200 GTE VALLE,1,0,0,2,1,0.5
"SALAMANCA, GTO",32010,,2,0,0,2,1,0.5
"ACAMBARO, GTO",312202,,1,0,0,2,1,0.5
"COMONFORT, GTO",677401,#N/A,5,0,0,2,1,0.5
VILLAHERMOSA,16110,,1,0,0,2,1,0.5
VERACRUZ VER,326202,,2,0,0,2,1,0.5
APASEO EL GRANDE,100110,APSG 1001 GTE APASEO,2,0,0,2,1,0.5
ECATEPEC DE MOR,45102,ECTP 451 ROP RECURSOS,11,1,0.09090909090909091,12,6,0.5
SAN JOSE DE ITURBIDE,356988,SNJI INVENTARIOS ZONA I,3,1,0.3333333333333333,4,2,0.5
BAHIA DE BANDERAS,135910,BDBN 1359 GTE MEZCALES,2,0,0,2,1,0.5
"APODACA, N.L.",120610,,2,0,0,2,1,0.5
"PROGRESO DE OBR, HGO",332301,,4,0,0,4,2,0.5
"ALTAMIRA, TAM",346501,,2,0,0,2,1,0.5
TLALPAN D.F.,786401,,12,0,0,12,6,0.5
"ACATZINGO, PUEBLA",342201,,2,0,0,2,1,0.5
"PACHUCA,HIDALGO",19410,PCHC 194 GTE PZA DEL VALLE,2,0,0,2,1,0.5
"PACHUCA,HIDALGO",765101,PCHC 7651 MUE BONFIL,12,0,0,12,6,0.5
"PACHUCA,HIDALGO",143801,PCHC 1438 MUE GRAN PATIO,10,1,0.1,10,5,0.5
VENUSTIANO C.DF,335101,,3,0,0,2,1,0.5
"APODACA, N.L.",8910,,2,0,0,2,1,0.5
ENCARNACION DE DIAZ,764302,ENDI 7643 ROP RAMON CORONA,6,0,0,6,3,0.5
"CARDENAS, SLP",300660,CANA INVENTARIOS ZONA I,0,0,0,2,1,0.5
"OMETEPEC, GUERRERO",340601,,0,1,0,2,1,0.5
"MINERAL DE LA R,HGO",31901,,14,0,0,14,7,0.5
"ACATZINGO, PUEBLA",93902,,16,0,0,16,8,0.5
VENUSTIANO C.DF,783802,,12,2,0.16666666666666666,12,6,0.5
SAN MIGUEL DE ALLEND,102810,SNMG 1028 GTE CODO,0,0,0,2,1,0.5
SAN MIGUEL DE ALLEND,342801,SNMG ZONA,2,0,0,2,1,0.5
SAN MIGUEL DE ALLEND,88002,SNMG 880 ZAP INSURGENTES,9,0,0,10,5,0.5
"ZITACUARO, MICH",47910,,2,0,0,2,1,0.5
"TUXPAN, NAYARIT",48610,TXPY 486 GTE HIDALGO,1,0,0,2,1,0.5
"DOLORES HIDALGO,GTO",326001,DHGO ZONA,2,0,0,2,1,0.5
NEZAHUALCOYOTL,790301,,11,2,0.18181818181818182,12,6,0.5
"ORIZABA, VER.",653701,,11,0,0,10,5,0.5
"GOMEZ PAL, DGO.",23610,,2,0,0,2,1,0.5
CUAUTITLAN IZCA,40810,CTLZ 408 GTE TEPOJACO,1,0,0,2,1,0.5
"ALTAMIRA, TAM",91710,,2,0,0,2,1,0.5
HUEHUETOCA,91202,,13,1,0.07692307692307693,14,7,0.5
S ANDRES CHOLULA PUE,73902,,7,0,0,8,4,0.5
PENJAMO,46010,PNJM 460 GTE HIDALGO,1,0,0,2,1,0.5
"RIO GRANDE, ZACATECA",300653,RGDE INVENTARIOS ZONA I,3,0,0,4,2,0.5
"RIO GRANDE, ZACATECA",123710,RGDE 1237 GTE CONSTITUCION,1,0,0,2,1,0.5
"ALLENDE, N L",342901,,1,0,0,2,1,0.5
"RIO GRANDE, ZACATECA",123701,RGDE 1237 MUE CONSTITUCION,12,0,0,14,7,0.5
V D SANTIAGO GT,25710,VDSN 257 GTE ARTEAGA,2,0,0,2,1,0.5
SOMBRERETE ZAC,113810,SMBR 1138 GTE HIDALGO,1,0,0,2,1,0.5
SOMBRERETE ZAC,62702,SMBR 627 HIDALGO,6,0,0,6,3,0.5
"MATEHUALA, SLP",332001,MTHL ZONA,2,0,0,2,1,0.5
"MATEHUALA, SLP",94602,MTHL 946 ROP HIDALGO,16,0,0,16,8,0.5
"HUICHAPAN, HID",48501,,13,0,0,14,7,0.5
"COMPOSTELA, NAY",654502,CMPT 6545 ROP LAS VARAS,5,0,0,6,3,0.5
"CD VALLES, SLP",677801,#N/A,5,0,0,2,1,0.5
"COMPOSTELA, NAY",30402,CMPT 304 ROP JUAREZ,12,1,0.08333333333333333,14,7,0.5
"ACAMBARO, GTO",312202,ACBO ZONA II,1,1,1,2,1,0.5
"ZACAPU, MICHOAC",34002,,12,0,0,12,6,0.5
"ZACATECAS, ZAC",300648,ZCTS INVENTARIOS ZONA II,2,0,0,2,1,0.5
IZTACALCO D.F,41001,,12,0,0,12,6,0.5
IZTACALCO D.F,90510,,2,0,0,2,1,0.5
SAN LUIS POTOSI,4310,SNLP 43 GTE REFORMA,1,0,0,2,1,0.5
"AMECA, JALISCO",14710,AMCA 147 GTE ZEPEDA,2,0,0,2,1,0.5
"SANTIAGO TUXTLA, VER",118002,SNTX 1180 ROP REVOLUCION,14,0,0,12,6,0.5
SAN LUIS POTOSI,668002,SNLP 6680 ROP THE PARK,12,0,0,12,6,0.5
"SALAMANCA, GTO",32010,SLMC 320 GTE SANCHEZ TORRADO,2,0,0,2,1,0.5
SAN LUIS POTOSI,651202,SNLP 6512 ROP EL SAUCITO,13,2,0.15384615384615385,14,7,0.5
"ZAPOPAN, JAL.",356923,ZPPN INVENTARIOS ZONA I,3,1,0.3333333333333333,4,2,0.5
SAN LUIS POTOSI,4301,SNLP 43 MUE REFORMA,14,1,0.07142857142857142,14,7,0.5
CUAUTITLAN IZCA,18702,CTLZ 187 ROP SAN MIGUEL,11,2,0.18181818181818182,12,6,0.5
ECATEPEC DE MOR,121902,,6,0,0,6,3,0.5
CABO SAN LUCAS,793801,,12,1,0.08333333333333333,14,7,0.5
CHILPANCINGO GR,21910,,2,0,0,2,1,0.5
TIERRA BLANCA,112002,,14,0,0,14,7,0.5
JOSE AZUETA GRO,319901,ZIHT ZONA,2,0,0,2,1,0.5
DEL COYOACAN DF,782010,,2,0,0,2,1,0.5
B. JUAREZ D.F.,789602,,11,0,0,12,6,0.5
AGUASCALIENTES,52502,AGCS 525 -246 CANADA MDO,4,2,0.5,6,3,0.5
LOS REYES LAPAZ,17001,,17,1,0.058823529411764705,18,9,0.5
AGUASCALIENTES,4901,AGCS 49 MUE SAN MARCOS,12,0,0,12,6,0.5
"NAOLINCO, VER",149701,NACO 1497 MUE 21 DE SEPTIEMBRE,10,0,0,12,6,0.5
"LEON, GTO.",10010,LEON 100 GTE CENTROMAX CC,2,0,0,2,1,0.5
"ACAPULCO, GRO",26210,,2,0,0,2,1,0.5
CUAUTITLAN IZCA,17301,CTLZ 173 MUE SAN ANTONIO,14,0,0,14,7,0.5
ECATEPEC DE MOR,20010,,1,0,0,2,1,0.5
HUEJUTLA DE REYES,93010,,2,0,0,2,1,0.5
"LEON, GTO.",651902,LEON 6519 ROP DELTA,12,0,0,12,6,0.5
PEDRO ESCOBEDO,304403,,2,0,0,2,1,0.5
CHETUMAL QROO,95302,,10,0,0,10,5,0.5
TLAPACOYAN,344801,TLPC ZONA,1,0,0,2,1,0.5
APETATITLAN DE ANTON,92202,APAC 922 ROP PATIO TLAXCALA,11,0,0,12,6,0.5
"ZAPOPAN, JAL.",8302,ZPPN 83 ROP BRISEÑO,11,1,0.09090909090909091,12,6,0.5
"TAXCO, GUERRERO",330301,,2,0,0,2,1,0.5
CUAUTITLAN RR,48802,CTLN 488 ROP PASEO LA JOYA,12,0,0,12,6,0.5
"LEON, GTO.",773501,LEON 7735 MUE PLAZA AEROPUERTO,11,0,0,12,6,0.5
"MISANTLA, VER",300677,MSNT INVENTARIOS ZONA I,3,0,0,4,2,0.5
LAZARO CARDENAS,310801,LCRS ZONA,1,0,0,2,1,0.5
"TELOLOAPAN, GRO",336301,,2,0,0,2,1,0.5
"MISANTLA, VER",785202,MSNT 7852 ROP ZAMORA,7,0,0,8,4,0.5
"ZAPOPAN, JAL.",39601,ZPPN 396 MUE AVIACION,12,0,0,12,6,0.5
"ZACATELCO, TLAXCACA",341701,ZTLO ZONA,1,0,0,2,1,0.5
"POZA RICA, VER.",61102,,7,0,0,6,3,0.5
JIUTEPEC MORELO,318401,,2,0,0,2,1,0.5
"JOJUTLA, MORELOS",93110,,1,0,0,2,1,0.5
VILLA GUERRERO,107602,,13,0,0,12,6,0.5
GUADALAJARA JAL,356920,GDLJ INVENTAROS ZONA V,1,0,0,2,1,0.5
CHETUMAL QROO,20110,,2,0,0,2,1,0.5
"IXTAPALUCA, E.M",74502,,0,0,0,6,3,0.5
MARTINEZ DE TOR,70002,MZDT ROP 700 ALFINO FLORES,7,0,0,6,3,0.5
"TLAXCALA, TLAXC",655310,TLXL 6553 GTE BANDERA,1,0,0,2,1,0.5
"IRAPUATO, GTO.",35210,IRTP 352 GTE DIAZ ORDAZ,1,0,0,2,1,0.5
OLUTA VER,122510,,1,0,0,2,1,0.5
"IRAPUATO, GTO.",26310,IRPT 263 GTE JACARANDAS,2,0,0,2,1,0.5
"IRAPUATO, GTO.",8510,IRPT 85 GTE CORONA,1,0,0,2,1,0.5
GUERRERO NEGRO,132202,,7,1,0.14285714285714285,8,4,0.5
"QUERETARO, QRO.",32810,QRTO 328 GTE PLAZA SENDERO,1,0,0,2,1,0.5
"IRAPUATO, GTO.",35201,IRPT 352 MUE DIAZ ORDAZ,13,0,0,12,6,0.5
"XALAPA,VERACRUZ",137110,XLPA 1371 GTE MUSEO,1,0,0,2,1,0.5
"XALAPA,VERACRUZ",108610,XLPA 1086 GTE ATENAS,1,0,0,2,1,0.5
TECATE,309901,,4,0,0,2,1,0.5
SAN JOSE DE ITURBIDE,356988,,3,0,0,4,2,0.5
GUSTAVO A MADERO DF,18410,GAMD 184 GTE CUAUTEPEC GAM,1,0,0,2,1,0.5
"XALAPA,VERACRUZ",137101,XLPA 1371 MUE MUSEO,14,0,0,14,7,0.5
CUAUTLA MORELOS,93701,,17,0,0,20,10,0.5
CULIACAN SIN.,23910,,2,0,0,2,1,0.5
CHALCO EDO MEX,120202,,12,1,0.08333333333333333,12,6,0.5
"QUERETARO, QRO.",122210,QRTO 1222 GTE PIE DE LA CUESTA,0,0,0,2,1,0.5
"ACAYUCAN,VERACR",37910,,2,0,0,2,1,0.5
"PUEBLA, PUEBLA.",39910,,2,1,0.5,2,1,0.5
ECATEPEC DE MOR,300488,,4,0,0,4,2,0.5
"ACATZINGO, PUEBLA",93910,ACTZ 939 GTE PORTALES,2,1,0.5,2,1,0.5
"ACATZINGO, PUEBLA",342201,ACTZ ZONA,2,0,0,2,1,0.5
GUSTAVO A MADERO DF,84901,GAMD AREA COMERCIAL,7,0,0,8,4,0.5
"ACATZINGO, PUEBLA",93902,ACTZ 939 ROP PORTALES,15,0,0,16,8,0.5
"HUAUCHINANGO,PUEBLA",326201,,1,0,0,2,1,0.5
"CD SERDAN, PUEBLA",102302,CDSN 1023 ROP REVOLUCION,16,2,0.125,18,9,0.5
TIERRA BLANCA,90010,,2,0,0,2,1,0.5
"NOGALES, SONORA",28110,,1,1,1,2,1,0.5
CHILPANCINGO GR,21910,CHPG 219 GTE CHILPANCINGO,2,0,0,2,1,0.5
VERACRUZ VER,326204,,1,1,1,2,1,0.5
"TECAMACHALCO,PU",76302,TMCH 763 ROP ORIENTE,15,2,0.13333333333333333,16,8,0.5
"AGUA DULCE, VERACRUZ",300575,,3,0,0,4,2,0.5
GUADALAJARA JAL,95402,GDLJ 954 ROP JOSE MA IGLESIAS,12,1,0.08333333333333333,12,6,0.5
S ANDRES CHOLULA PUE,73902,CHLA 739 PLAZA SAN DIEGO,7,0,0,8,4,0.5
PYA D CARMEN QR,30102,,14,1,0.07142857142857142,14,7,0.5
"NAVOJOA, SON.",300447,,7,2,0.2857142857142857,8,4,0.5
"MIGUEL ALEMAN, SON",104510,,1,0,0,2,1,0.5
"URUAPAN, MICH.",6910,,1,1,1,2,1,0.5
"HERMOSILLO, SON",678001,,5,0,0,2,1,0.5
"ACAPULCO, GRO",26210,ACPO 262 GTE ZAPATA,2,0,0,2,1,0.5
"ACAPULCO, GRO",40410,ACPO 404 GTE PIE DE LA CUESTA,1,0,0,2,1,0.5
"ZACATECAS, ZAC",300648,,2,0,0,2,1,0.5
"ATLIXCO, PUEBLA",29402,ATLX 294 ROP VILLA CAMACH,25,1,0.04,26,13,0.5
"MINATITLAN, VER",14310,,2,0,0,2,1,0.5
"HUATABAMPO, SON",6701,,14,0,0,14,7,0.5
"ACAPULCO, GRO",783701,ACPO 7837 MUE COSTERA,12,0,0,12,6,0.5
"PUEBLA, PUEBLA.",677601,#N/A,5,0,0,4,2,0.5
"LOS MOCHIS, SIN",131802,,8,0,0,8,4,0.5
TLALNEPANTLA DE,19210,TLNP 192 GTE JUAREZ,2,0,0,2,1,0.5
"HERMOSILLO, SON",75202,,6,0,0,6,3,0.5
"HERMOSILLO, SON",356904,,2,0,0,2,1,0.5
"GUAYMAS, SONORA",302801,,3,0,0,4,2,0.5
"HERMOSILLO, SON",3210,,2,0,0,2,1,0.5
"MINATITLAN, VER",37810,,2,0,0,2,1,0.5
"PUEBLA, PUEBLA.",93402,PBLA 934 ROP SAN JERONIMO,8,1,0.125,8,4,0.5
"MEXICALI, BCN.",63702,,1,0,0,6,3,0.5
V D SANTIAGO GT,25710,,2,0,0,2,1,0.5
"PUEBLA, PUEBLA.",679802,#N/A,13,2,0.15384615384615385,4,2,0.5
GUADALAJARA JAL,8401,GDLJ 84 MUE 16 DE SEPTIEMB,12,1,0.08333333333333333,14,7,0.5
SALINA CRUZ OAX,43002,,11,0,0,12,6,0.5
"TICUL, YUCATAN",125610,,1,0,0,2,1,0.5
VENUSTIANO C.DF,335101,VCZA ZONA,3,0,0,2,1,0.5
"CD OBREGON, SON",300446,,3,0,0,4,2,0.5
CABO SAN LUCAS,110710,,2,0,0,2,1,0.5
ZIMATLAN DE ALVAREZ,128802,ZIAL 1288 ROP JUAREZ,8,2,0.25,8,4,0.5
PUTLA VILLA DE GUERR,333801,,2,0,0,2,1,0.5
"CD OBREGON, SON",13102,,14,2,0.14285714285714285,14,7,0.5
TLALPAN D.F.,786401,TLPN 7864 MUE PUERTA AJUSCO,11,2,0.18181818181818182,12,6,0.5
ACATLAN DE PEREZ FIG,116702,ACPE 1167 ROP ZAPATA 2,12,1,0.08333333333333333,12,6,0.5
"SAN BUENAVENTURA, CH",760810,SBUA 7608 GTE BUENAVENTURA,1,0,0,2,1,0.5
"ENSENADA, BCN",302602,,5,0,0,6,3,0.5
SOMBRERETE ZAC,62702,,6,0,0,6,3,0.5
AGUAPRIETA SON,24002,,24,2,0.08333333333333333,26,13,0.5
OLUTA VER,122510,OLTA 1225 GTE LA FLORIDA,1,1,1,2,1,0.5
"XOXOCOTLAN, OAX",108710,XXCT 1087 GTE XOXOCOTLAN,1,0,0,2,1,0.5
GENERAL ESCOBED,659302,,6,1,0.16666666666666666,6,3,0.5
UNION DE TULA,115202,,6,1,0.16666666666666666,6,3,0.5
VILLA DE ALVAREZ,129402,,6,2,0.3333333333333333,6,3,0.5
"MATIAS ROMERO, OAX",107910,MTRM 1079 GTE HOMBRES ILUSTRES,1,0,0,2,1,0.5
"MATIAS ROMERO, OAX",107902,MTRM 1079 ROP HOMBRES ILUSTRES,15,1,0.06666666666666667,14,7,0.5
"MADERA, CHIH",351101,CIMA ZONA,1,0,0,2,1,0.5
"TONALA,JALISCO",331302,,2,0,0,2,1,0.5
"TEPIC, NAY",2510,TPIC 25 GTE MOLOLOA,2,0,0,2,1,0.5
SOMBRERETE ZAC,113810,,1,0,0,2,1,0.5
"TONALA,JALISCO",17602,,13,0,0,12,6,0.5
"ASCENSION, CHIH",300597,ASON INVENTARIOS ZONA I,4,0,0,4,2,0.5
TLAQUEPAQUE,331401,,1,0,0,2,1,0.5
PUERTO ESCONDIDO,300628,PTOE INVENTARIOS ZONA I,5,0,0,6,3,0.5
IZTAPALAPA D.F.,31010,IZTP 310 GTE SANTA MARTHA,1,0,0,2,1,0.5
PUTLA VILLA DE GUERR,333801,PTLA ZONA,2,0,0,2,1,0.5
PUTLA VILLA DE GUERR,92002,PTLA 920 ROP OAXACA,15,2,0.13333333333333333,14,7,0.5
"CHIHUAHUA, CHI",771902,,6,0,0,6,3,0.5
"REYNOSA, TAM.",85710,,2,0,0,2,1,0.5
"LOMA BONITA, OAXACA",88410,LBTA 884 GTE 16 DE SEPTIEMBRE,1,0,0,2,1,0.5
"TECAMAC, EDO ME",653101,,13,1,0.07692307692307693,14,7,0.5
"POZA RICA, VER.",87401,,14,1,0.07142857142857142,14,7,0.5
"MUZQUIZ, COAH",762510,,0,0,0,2,1,0.5
VALLE DE CHALCO,334501,,2,0,0,2,1,0.5
"JUCHITAN DE Z, OAXAC",45010,JCHZ 450 GTE 2 DE ABRIL,2,0,0,2,1,0.5
GUSTAVO A MADERO DF,789502,GAMD 7895 ROP PLAZA ATANA,0,0,0,8,4,0.5
"SANTIAGO, IXC",4410,SIXC 44 GTE ZARAGOZA,2,0,0,2,1,0.5
"MISANTLA, VER",300677,,3,0,0,4,2,0.5
"ISLA, VERACRUZ",340401,ISLA ZONA,4,0,0,4,2,0.5
TLAJOMULCO DE Z,106902,,6,0,0,6,3,0.5
TIERRA BLANCA,90010,TBCA 900 GTE JUAREZ,2,0,0,2,1,0.5
TLALNEPANTLA DE,763001,TLNP 7630 MUE AHUEHUETES,10,0,0,10,5,0.5
TIERRA BLANCA,112002,TBCA 1120 ROP SERDAN,13,1,0.07692307692307693,14,7,0.5
"BADIRAGUATO, SIN",651002,BARO 6510 ROP BADIRAGUATO,10,0,0,12,6,0.5
GUSTAVO A MADERO DF,775402,GAMD 7754 ROP PUERTA ARAGON,12,0,0,12,6,0.5
SALINA CRUZ OAX,133502,SCRZ 1335 ROP PLAZA PABELLON,8,0,0,8,4,0.5
ANGOSTURA SIN,39010,,1,0,0,2,1,0.5
"TOLUCA, EDO MEX",87210,,2,0,0,2,1,0.5
"TIANGUISTENCO,EDOMEX",91110,,2,0,0,2,1,0.5
IZTACALCO D.F,90510,IZTC 905 GTE TEZONTLE,1,1,1,2,1,0.5
"TANGANCICUARO, MICH",82110,,2,0,0,2,1,0.5
ESCARCEGA,103701,,22,2,0.09090909090909091,24,12,0.5
OAXACA OAXACA,306604,OAXC ZONA IV,4,0,0,6,3,0.5
IZTACALCO D.F,93302,IZTC 933 ROP SAN JUAN,12,0,0,12,6,0.5
IZTACALCO D.F,93301,IZTC 933 MUE SAN JUAN,12,0,0,12,6,0.5
ANGOSTURA SIN,39010,AGTR 390 GTE MENDOZA,1,0,0,2,1,0.5
IZTACALCO D.F,41001,IZTC 410 MUE SUR 16,11,1,0.09090909090909091,12,6,0.5
OAXACA OAXACA,20202,OAXC 202 ROP UNIVERSIDAD,16,2,0.125,16,8,0.5
DEL COYOACAN DF,782010,CYCN 7820 GTE GRAN SUR,2,0,0,2,1,0.5
"MOCORITO, SIN",39101,MCRT 391 MUE BUELNA,12,1,0.08333333333333333,12,6,0.5
"ARRIAGA, CHIAPAS",658802,,10,0,0,10,5,0.5
"PARRAL, CHIHUAH",36010,,1,0,0,2,1,0.5
"EL ROSARIO, SIN",42110,ELRO 421 GTE REFORMA,1,0,0,2,1,0.5
"MAZAMITLA, JAL",118601,,11,0,0,10,5,0.5
"HERMOSILLO, SON",356904,HLLO INVENTARIOS ZONA I,2,0,0,2,1,0.5
MEOQUI,781502,MQUI 7815 ROP MEOQUI CENTRO,12,0,0,12,6,0.5
"EBANO, SAN LUIS POTO",117210,EBNS 1172 GTE JUAREZ,1,0,0,2,1,0.5
TEJUPILCO EDO MEX,328301,,1,0,0,2,1,0.5
"ALLENDE, N L",342901,ALLD ZONA,2,0,0,2,1,0.5
"ALTAMIRA, TAM",91710,ALTM 917 GTE PUERTO INDUSTRIAL,2,0,0,2,1,0.5
"ALTAMIRA, TAM",346501,ALTM ZONA,2,0,0,2,1,0.5
"HUITZUCO, GUERRERO",781401,HUCO 7814 MUE AYUNTAMIENTO,11,2,0.18181818181818182,12,6,0.5
"LA BARCA, JAL.",300509,,2,1,0.5,4,2,0.5
GPE VICTORIA MX,36810,,1,0,0,2,1,0.5
JIQUILPAN MICH,81801,,12,0,0,12,6,0.5
"ACAPONETA, NAY",657501,ACTA 6575 MUE ACAPONETA,12,1,0.08333333333333333,12,6,0.5
SAN MIGUEL DE ALLEND,102810,,1,0,0,2,1,0.5
CULIACAN SIN.,301,,18,3,0.16666666666666666,22,11,0.5
"TOLUCA, EDO MEX",300534,,3,1,0.3333333333333333,4,2,0.5
"LA BARCA, JAL.",5010,,1,0,0,2,1,0.5
"MEXICALI, BCN.",303701,,6,0,0,6,3,0.5
"JUAREZ, NUEVO LEON",45610,JREZ 456 GTE SUN MOL VIP,2,0,0,2,1,0.5
"JOJUTLA, MORELOS",93110,JJTL 931 GTE BUGAMBILIAS,2,0,0,2,1,0.5
"COLIMA, COL.",20610,,2,0,0,2,1,0.5
"SALTILLO, COAH.",356940,,1,0,0,2,1,0.5
"MATAMOROS, TAM.",41310,MTMS 413 GTE CONSTITUYENTES,1,1,1,2,1,0.5
"CHAPALA, JALISC",85310,,1,0,0,2,1,0.5
OJINAGA,119702,OJNG 1197 ROP OJINAGA,11,1,0.09090909090909091,12,6,0.5
"MERIDA, YUCATAN",311802,,3,0,0,4,2,0.5
"ARANDAS, JALISCO",33301,,15,0,0,14,7,0.5
SAN LUIS POTOSI,651202,,14,1,0.07142857142857142,14,7,0.5
"REYNOSA, TAM.",85710,RYNS 857 GTE PERIFERICO,1,1,1,2,1,0.5
"PARRAL, CHIHUAH",36010,PRRL 360 GTE NI#OS HEROES,1,0,0,2,1,0.5
"ZAPOPAN, JAL.",8302,,12,0,0,12,6,0.5
"APODACA, N.L.",120610,APDC 1206 GTE SENDERO LA FE,2,0,0,2,1,0.5
"APODACA, N.L.",8910,APDC 89 GTE FRESNOS,2,0,0,2,1,0.5
JIUTEPEC MORELO,318401,JUTP ZONA,2,0,0,2,1,0.5
JIUTEPEC MORELO,664302,#N/A,13,0,0,14,7,0.5
"MAZATLAN, SIN.",23810,MZTN 238 GTE PZA SANTA ROS,1,1,1,2,1,0.5
"MATAMOROS, TAM.",41310,,2,0,0,2,1,0.5
"GUADALUPE, N.L.",10310,GDLP 103 GTE SANTA MARIA,2,0,0,2,1,0.5
VERACRUZ VER,300561,,5,0,0,6,3,0.5
CUAUTLA MORELOS,664902,CTLA 6649 ROP PLAZA ATRIOS,8,1,0.125,12,6,0.5
CUAUTLA MORELOS,778401,CTLA 7784 MUE REVOLUCION,13,1,0.07692307692307693,16,8,0.5
"MORELIA, MICH.",112802,,11,0,0,12,6,0.5
SAN LUIS POTOSI,4310,,1,0,0,2,1,0.5
"TUXPAN, NAYARIT",48610,,1,0,0,2,1,0.5
"TAXCO, GUERRERO",330301,TXCO ZONA,2,1,0.5,2,1,0.5
NAUCALPAN EDO MEX,770602,NCPN 7706 ROP PLAZA SN ESTEBAN,10,2,0.2,10,5,0.5
"TEQUILA, JALISCO",333001,,1,1,1,2,1,0.5
"HUATUSCO, VERACRUZ",653502,,8,1,0.125,8,4,0.5
"CD VICTORIA,TAM",28401,CDVC 284 MUE ADELITAS,16,0,0,18,9,0.5
"TEPIC, NAY",2102,,41,5,0.12195121951219512,40,20,0.5
"TEPIC, NAY",48301,,10,2,0.2,10,5,0.5
"TAMPICO, TAM.",127702,TMPC 1277 ROP MULTIPLAZA TAMPI,7,0,0,8,4,0.5
"MERIDA, YUCATAN",31402,,11,1,0.09090909090909091,12,6,0.5
"CAMPECHE, CAMPE",101910,,2,0,0,2,1,0.5
SAN MIGUEL DE ALLEND,88002,,8,1,0.125,10,5,0.5
"SANTIAGO, IXC",4410,,2,0,0,2,1,0.5
VALLE DE CHALCO,334501,VCHA ZONA,2,0,0,2,1,0.5
"RIO GRANDE, ZACATECA",300653,,3,0,0,4,2,0.5
SALINAS VICTORIA NL,136202,SVIC 1362 ROP LOS NOGALES,11,2,0.18181818181818182,12,6,0.5
GUADALAJARA JAL,95402,,13,0,0,12,6,0.5
"JUVENTINO ROSAS, GTO",77002,,9,1,0.1111111111111111,8,4,0.5
"SALTILLO, COAH.",9510,,2,0,0,2,1,0.5
"PATZCUARO, MICH",94410,,2,0,0,2,1,0.5
"NUEVO LAREDO, T",793102,NLRD 7931 ROP GUERRERO II,14,2,0.14285714285714285,18,9,0.5
"COSAMALOAPAN, VER",46501,,19,0,0,22,11,0.5
"DELICIAS, CHIU.",62902,DLCS 629 -620 CANADA DEL,6,1,0.16666666666666666,6,3,0.5
MARTINEZ DE TOR,106210,,1,1,1,2,1,0.5
"PUEBLA, PUEBLA.",7202,,12,1,0.08333333333333333,14,7,0.5
"IXTAPALUCA, E.M",89402,IXTP 894 ROP PATIO AYOTLA,17,0,0,16,8,0.5
"MEXICALI, BCN.",2902,,21,2,0.09523809523809523,26,13,0.5
STA CATARINA NL,149302,STCA 1493 ROP MANUEL CLOUTHIER,6,0,0,6,3,0.5
"MATEHUALA, SLP",332001,,2,0,0,2,1,0.5
TUXTLA GUTIERRE,33502,TXGT 335 ROP CENTRAL PONIENTE,14,4,0.2857142857142857,16,8,0.5
"MORELIA, MICH.",98701,,16,1,0.0625,16,8,0.5
GUADALAJARA JAL,356920,,1,0,0,2,1,0.5
"COMPOSTELA, NAY",30402,,14,0,0,14,7,0.5
SAN NICOLAS N.L,37002,SNNG 370 ROP LOS ANGELES,15,1,0.06666666666666667,14,7,0.5
CHALCO EDO MEX,120202,CHLC 1202 ROP SOLIDARIDAD,12,0,0,12,6,0.5
NAUCALPAN EDO MEX,15210,NCPN 152 GTE SAN BARTOLO,2,0,0,2,1,0.5
BAHIA DE BANDERAS,135910,,1,0,0,2,1,0.5
CHALCO EDO MEX,40901,CHLC 409 MUE ENSE#ANZA TECNICA,19,0,0,22,11,0.5
"CORDOBA, VER.",795901,CRDB 7959 MUE CÓRDOBA,8,0,0,8,4,0.5
"AMECA, JALISCO",14710,,2,0,0,2,1,0.5
GUADALAJARA JAL,75802,,5,1,0.2,6,3,0.5
"MORELIA, MICH.",4210,,2,0,0,2,1,0.5
"MONTERREY, N.L.",789902,MTRY 7899 ROP GALERIA VALLE,12,1,0.08333333333333333,14,7,0.5
"MONCLOVA, COAH.",16301,,10,1,0.1,12,6,0.5
CULIACAN SIN.,41510,CLCN 415 GTE UNIVERSITARIOS,1,0,0,2,1,0.5
"MORELIA, MICH.",7010,,2,0,0,2,1,0.5
"MONTERREY, N.L.",14802,MTRY 148 ROP PLAZA LINCON,21,5,0.23809523809523808,24,12,0.5
"MONTERREY, N.L.",13402,MTRY 134 ROP LAS TORRES,12,1,0.08333333333333333,12,6,0.5
CULIACAN SIN.,23910,CLCN 239 GTE PLAZA BARRANC,2,0,0,2,1,0.5
"MAZATLAN, SIN.",312701,,1,0,0,2,1,0.5
"MOCORITO, SIN",39101,,12,0,0,12,6,0.5
"SALTILLO, COAH.",356940,SALT INVENTARIOS ZONA II,1,1,1,2,1,0.5
"TECAMAC, EDO ME",86202,,8,0,0,8,4,0.5
"CHIHUAHUA, CHI",3710,CHUA 37 GTE NIÑOS HEROES,2,0,0,2,1,0.5
"SALTILLO, COAH.",9510,SALT 95 GTE LOURDES,1,1,1,2,1,0.5
"CORDOBA, VER.",795901,,8,0,0,8,4,0.5
"MAZATLAN, SIN.",3001,,20,1,0.05,22,11,0.5
"CHIHUAHUA, CHI",310001,CHUA ZONA II,2,0,0,2,1,0.5
"MIGUEL ALEMAN, SON",104510,MGAL 1045 GTE CALLE 12,1,0,0,2,1,0.5
CULIACAN SIN.,95001,CLCN AREA COMERCIAL,14,3,0.21428571428571427,16,8,0.5
"SALTILLO, COAH.",793401,SALT 7934 MUE VICTORIA,11,0,0,12,6,0.5
"CHIHUAHUA, CHI",771902,CHUA 7719 ROP LA VILLITA,6,0,0,6,3,0.5
"GUAYMAS, SONORA",302801,GYMS ZONA,3,0,0,4,2,0.5
GPE VICTORIA MX,36810,GPEV 368 GTE VALLE DE GUADALUP,1,1,1,2,1,0.5
"MAZATLAN, SIN.",23810,,1,0,0,2,1,0.5
"GUAMUCHIL, SIN.",910,,2,0,0,2,1,0.5
CULIACAN SIN.,148102,CLCN 1481 ROP 6 DE ENERO,6,0,0,6,3,0.5
AGUAPRIETA SON,313001,AGPT ZONA,2,0,0,2,1,0.5
"GUAMUCHIL, SIN.",902,,28,1,0.03571428571428571,30,15,0.5
ENCARNACION DE DIAZ,764302,,6,0,0,6,3,0.5
"AMOZOC, PUEBLA",79302,,11,1,0.09090909090909091,10,5,0.5
"EL ROSARIO, SIN",42110,,1,0,0,2,1,0.5
"MARAVATIO, MICH",101410,,2,0,0,2,1,0.5
"HUATABAMPO, SON",6701,HTBP 67 MUE GUERRERO II,14,1,0.07142857142857142,14,7,0.5
CULIACAN SIN.,779802,,10,1,0.1,10,5,0.5
CULIACAN SIN.,771402,,8,2,0.25,10,5,0.5
"LOS REYES, MICH",123510,,2,1,0.5,2,1,0.5
"CD OBREGON, SON",300446,CDOB INVENTARIOS ZONA II,3,0,0,4,2,0.5
"CD OBREGON, SON",676701,#N/A,5,0,0,2,1,0.5
"TIJUANA, BCN",19802,,15,1,0.06666666666666667,14,7,0.5
"CHIHUAHUA, CHI",14002,CHUA 140 ROP JUVENTUD,11,1,0.09090909090909091,12,6,0.5
"CALERA, ZAC",796702,,12,0,0,16,8,0.5
LERMA DE VILLADA EDM,33901,,18,1,0.05555555555555555,20,10,0.5
ATLACOMULCO,47810,,1,1,1,2,1,0.5
CULIACAN SIN.,20401,,12,1,0.08333333333333333,14,7,0.5
"SILAO, GUANAJUA",772001,,14,0,0,14,7,0.5
"IXTEPEC, OAXACA",92602,,19,1,0.05263157894736842,14,7,0.5
CIUDAD DE HIDALGO,94510,,2,0,0,2,1,0.5
S CRISTOBAL CHI,30310,SNCC 303 GTE SN CRISTOBAL,2,0,0,2,1,0.5
"GUADALUPE, N.L.",10310,,2,0,0,2,1,0.5
"JUCHITAN DE Z, OAXAC",45010,,2,0,0,2,1,0.5
"TIJUANA, BCN",19802,TJNA 198 ROP PLAZA CORTEZ,15,0,0,14,7,0.5
S FCO D RINCON,311101,SNFR ZONA,2,0,0,2,1,0.5
CULIACAN SIN.,202,CLCN 2 ROP ANGEL FLORES,27,0,0,4,2,0.5
"TIJUANA, BCN",662501,TJNA 6625 MUE NATURA,12,1,0.08333333333333333,14,7,0.5
"CARDENAS, TAB",30802,CRDS 308 ROP BANDALA,25,1,0.04,22,11,0.5
"HERMOSILLO, SON",678001,#N/A,5,0,0,2,1,0.5
VILLAHERMOSA,19110,VLLH 191 GTE SENDERO,2,0,0,2,1,0.5
VILLAHERMOSA,16110,VLLH 161 GTE CONSTITUCION,2,0,0,2,1,0.5
"TIJUANA, BCN",34101,TJNA 341 MUE INSURGENTES,16,1,0.0625,18,9,0.5
VILLAHERMOSA,303101,VLLH ZONA,5,0,0,4,2,0.5
"TIJUANA, BCN",17901,TJNA 179 MUE CONSTITUCION,13,0,0,14,7,0.5
COATZACOALCOS,305601,,4,0,0,4,2,0.5
CULIACAN SIN.,41510,,1,0,0,2,1,0.5
"MEXICALI, BCN.",25810,MXLI 258 GTE JUVENTUD 2000,2,0,0,2,1,0.5
"COSCOMATEPEC, VER",300583,CSCM INVENTARIOS ZONA I,5,0,0,6,3,0.5
NAUCALPAN EDO MEX,144701,NCPN 1447 MUE 1 DE MAYO,12,0,0,12,6,0.5
"MEXICALI, BCN.",2910,MXLI 29 GTE CACHANILLA II,2,0,0,2,1,0.5
"PASO DEL MACHO, VER",102210,PADM 1022 GTE SANCHEZ LOYO,1,0,0,2,1,0.5
"MEXICALI, BCN.",799201,MXLI 7992 MUE UDIS PEDREGAL,8,1,0.125,8,4,0.5
"APATZINGAN,MICH",15710,,1,0,0,2,1,0.5
HUIMANGUILLO TA,300248,HMGO INVENTARIOS ZONA I,2,0,0,2,1,0.5
"MEXICALI, BCN.",303701,MXLI ZONA II,6,1,0.16666666666666666,6,3,0.5
"HERMOSILLO, SON",75202,HLLO 752 ELIAS CALLES,6,0,0,6,3,0.5
"MEXICALI, BCN.",130802,MXLI 1308 ROP CALLE 11,6,0,0,6,3,0.5
"MEXICALI, BCN.",63702,MXLI 637 STA BARBARA,1,1,1,6,3,0.5
"ISLA, VERACRUZ",340401,,4,0,0,4,2,0.5
"HERMOSILLO, SON",106502,HLLO 1065 ROP PALO VERDE,13,0,0,14,7,0.5
"TEAPA, TABASCO",42810,TEAP 428 GTE TRUJILLO,1,0,0,2,1,0.5
"AGUA DULCE, VERACRUZ",300575,ADCE INVENTARIOS ZONA I,2,0,0,4,2,0.5
TEQUISQUIAPAN QRTO,332901,,2,0,0,2,1,0.5
"QUERETARO, QRO.",122210,,0,0,0,2,1,0.5
"COSAMALOAPAN, VER",46510,CSMP 465 GTE RUIZ CORTINEZ,1,0,0,2,1,0.5
"QUERETARO, QRO.",32810,,2,0,0,2,1,0.5
"ISLA, VERACRUZ",100702,,15,0,0,14,7,0.5
"COSAMALOAPAN, VER",46501,CSMP 465 MUE RUIZ CORTINEZ,19,0,0,22,11,0.5
PEDRO ESCOBEDO,673101,,13,1,0.07692307692307693,10,5,0.5
"EL FUERTE, SIN",37401,,14,1,0.07142857142857142,14,7,0.5
CUNDUACAN TABAS,300247,,4,0,0,4,2,0.5
"JILOTEPEC, EDO MEX",48410,,2,0,0,2,1,0.5
BENITO JUAREZ QROO,26801,CNCN 268 MUE TULUM,13,0,0,14,7,0.5
"GUAMUCHIL, SIN.",910,GMCH 9 GTE DE LA TORRE,2,0,0,2,1,0.5
"SABINAS, COAH",115510,,0,0,0,2,1,0.5
BOCA DEL RIO,650802,BRIO 1508 ROP BOCA DEL RIO,8,1,0.125,8,4,0.5
"PALENQUE, CHIAPAS",791902,PLNQ 7919 ROP ALLENDE SUR,8,0,0,8,4,0.5
"ACAYUCAN,VERACR",37910,ACYN 379 GTE ENRIQUEZ,2,0,0,2,1,0.5
CUAUTITLAN RR,48802,,12,0,0,12,6,0.5
"TICUL, YUCATAN",125610,TICL 1256 GTE PERLA DEL SUR,1,0,0,2,1,0.5
"UMAN, YUCATAN",126910,UMAN 1269 GTE HENEQUEN,1,0,0,2,1,0.5
COATZACOALCOS,305601,CTZC ZONA,4,1,0.25,4,2,0.5
CADEREYTA DE MONTES,300421,,2,0,0,2,1,0.5
CULIACAN SIN.,148102,,6,0,0,6,3,0.5
VERACRUZ VER,300561,VRCZ INVENTARIOS ZONA III,5,2,0.4,6,3,0.5
VERACRUZ VER,83510,VRCZ 835 GTE ABASOLO,1,0,0,2,1,0.5
OJINAGA,119702,,11,1,0.09090909090909091,12,6,0.5
"SAN BUENAVENTURA, CH",760810,,1,0,0,2,1,0.5
"TUXPAN,VERACRUZ",45210,,1,0,0,2,1,0.5
"MADERA, CHIH",351101,,2,0,0,2,1,0.5
"CD JUAREZ, CHIU",29210,CDJZ 292 GTE RIO GDE MALL,1,0,0,2,1,0.5
VENUSTIANO CARRANZA,300691,,2,0,0,2,1,0.5
"TIJUANA, BCN",7602,,12,2,0.16666666666666666,16,8,0.5
PEDRO ESCOBEDO,304403,PDES ZONA,2,0,0,2,1,0.5
"CORDOBA, VER.",651101,#N/A,14,1,0.07142857142857142,4,2,0.5
"TECAMAC, EDO ME",300492,,2,0,0,2,1,0.5
"DELICIAS, CHIU.",62902,,6,0,0,6,3,0.5
"ORIZABA, VER.",653710,ORZB 6537 GTE PONIENTE 7,1,0,0,2,1,0.5
"CHIHUAHUA, CHI",310001,,2,0,0,2,1,0.5
VILLAHERMOSA,303101,,5,0,0,4,2,0.5
"CHIHUAHUA, CHI",14002,,11,0,0,12,6,0.5
VILLAHERMOSA,28802,,15,0,0,12,6,0.5
"MAZAMITLA, JAL",118601,MZMT 1186 MUE GUERRERO,10,0,0,10,5,0.5
"MUZQUIZ, COAH",762510,MUIZ 7625 GTE ZARAGOZA,1,0,0,2,1,0.5
"CHIHUAHUA, CHI",146802,,6,1,0.16666666666666666,6,3,0.5
"CHIHUAHUA, CHI",3710,,2,0,0,2,1,0.5
PYA D CARMEN QR,30102,PLYC 301 ROP CENTRO MAYA,14,0,0,14,7,0.5
ATIZAPAN DE ZAR,761302,ATZP 7613 ROP MULTIPLAZA ALAME,14,0,0,14,7,0.5
ACATLAN DE PEREZ FIG,116702,,12,0,0,12,6,0.5
"SABINAS, COAH",115510,SBNA 1155 GTE MADERO,1,0,0,2,1,0.5
GUADALUPE VICTORIA,136610,GPVT 1366 GTE GUADALUPE VICTOR,1,0,0,2,1,0.5
VILLAHERMOSA,27701,,16,0,0,16,8,0.5
CADEREYTA DE MONTES,300421,CDYT INVENTARIOS ZONA I,1,0,0,2,1,0.5
CADEREYTA DE MONTES,777802,CDYT 7778 ROP MELCHOR OCAMPO,13,1,0.07692307692307693,12,6,0.5
CHETUMAL QROO,20110,CHTM 201 GTE PZA AMERICAS,2,0,0,2,1,0.5
"TULANCINGO, HGO",57502,,7,0,0,8,4,0.5
"GOMEZ PAL, DGO.",23610,GPLC 236 GTE PZA HAMBURGO,2,1,0.5,2,1,0.5
"MEXICALI, BCN.",2910,,2,0,0,2,1,0.5
"EBANO, SAN LUIS POTO",117210,,1,0,0,2,1,0.5
"MERIDA, YUCATAN",300462,MRDA INVENTARIOS ZONA IV,4,0,0,4,2,0.5
CD CONSTITUCION,658202,,11,0,0,10,5,0.5
"ASCENSION, CHIH",658501,,10,0,0,10,5,0.5
"ASCENSION, CHIH",300597,,4,0,0,4,2,0.5
BENITO JUAREZ QROO,92110,,1,1,1,2,1,0.5
"MERIDA, YUCATAN",43210,MRDA 432 GTE PLAZA SENDERO,2,0,0,2,1,0.5
TLALNEPANTLA DE,763001,,10,0,0,10,5,0.5
JIQUILPAN MICH,81801,JQPN 818 CARDENAS,12,0,0,12,6,0.5
"MERIDA, YUCATAN",22910,MRDA 229 GTE 58 CENTRO,2,0,0,2,1,0.5
TLAPACOYAN,344801,,2,0,0,2,1,0.5
"TORREON, COAH.",24502,TRRN 245 ROP CONSTITUCION,12,2,0.16666666666666666,14,7,0.5
"MERIDA, YUCATAN",22910,,2,0,0,2,1,0.5
TLALNEPANTLA DE,143601,,12,1,0.08333333333333333,12,6,0.5
"MERIDA, YUCATAN",311802,MRDA ZONA IV,3,0,0,4,2,0.5
"TLAXCALA, TLAXC",655310,,1,0,0,2,1,0.5
TLALNEPANTLA DE,19210,,2,0,0,2,1,0.5
SALVATIERRA,90102,,15,0,0,16,8,0.5
"MERIDA, YUCATAN",43210,,2,0,0,2,1,0.5
SN FELIPE D PROGRESO,674302,#N/A,16,0,0,14,7,0.5
TUXTLA GUTIERRE,36210,,2,1,0.5,2,1,0.5
TEZIUTLAN,59002,,12,1,0.08333333333333333,10,5,0.5
"MONTERREY, N.L.",678802,,18,0,0,18,9,0.5
NAUCALPAN EDO MEX,144701,,12,0,0,12,6,0.5
"JILOTEPEC, EDO MEX",48410,JLME 484 GTE MOLINA,2,0,0,2,1,0.5
CD DEL CARMEN,49501,CDCN 495 MUE CALLE 41,15,0,0,16,8,0.5
"CD JUAREZ, CHIU",657102,CDJZ 6571 ROP ANAPRA,5,2,0.4,6,3,0.5
"CAMPECHE, CAMPE",101910,CMPE 1019 GTE SAN RAFAEL,2,0,0,2,1,0.5
"MEXICALI, BCN.",25810,,2,0,0,2,1,0.5
NAUCALPAN EDO MEX,15210,,2,0,0,2,1,0.5
HUAMANTLA,331601,,3,0,0,2,1,0.5
VILLA GUERRERO,107602,VLLG 1076 ROP VICTORIA,13,0,0,12,6,0.5
LAZARO CARDENAS,310801,,1,0,0,2,1,0.5
"JUAREZ, NUEVO LEON",45610,,2,0,0,2,1,0.5
"MARAVATIO, MICH",101410,MRVT 1014 GTE LIBRAMIENTO,2,0,0,2,1,0.5
CIUDAD DE HIDALGO,94510,HDGO 945 GTE MORELOS,2,0,0,2,1,0.5
JOSE AZUETA GRO,319901,,2,0,0,2,1,0.5
TEJUPILCO EDO MEX,328301,TJPC ZONA,1,0,0,2,1,0.5
"TIANGUISTENCO,EDOMEX",91110,SNTG 911 GTE NICOLAS BRAVO,2,1,0.5,2,1,0.5
GUSTAVO A MADERO DF,775402,,12,0,0,12,6,0.5
"CHAPALA, JALISC",85310,CHPL 853 GTE MADERO,1,0,0,2,1,0.5
GUSTAVO A MADERO DF,84202,,12,2,0.16666666666666666,12,6,0.5
TEXCOCO EDO MEX,316601,,2,0,0,2,1,0.5
"TEAPA, TABASCO",42810,,1,0,0,2,1,0.5
"PATZCUARO, MICH",94410,PTZC 944 GTE CARDENAS,2,0,0,2,1,0.5
GUSTAVO A MADERO DF,83001,,12,0,0,12,6,0.5
CD CONSTITUCION,658202,CDCT 6582 ROP OLACHEA,10,1,0.1,10,5,0.5
TLATLAUQUITEPEC,94101,TLQT 941 MUE INDEPENDENCIA,17,2,0.11764705882352941,18,9,0.5
"ATLIXCO, PUEBLA",762301,,14,2,0.14285714285714285,12,6,0.5
"METEPEC,EDO D M",88710,MTPC 887 GTE PZA SN FCO (LA PI,1,0,0,2,1,0.5
GUSTAVO A MADERO DF,356953,,5,1,0.2,6,3,0.5
GUSTAVO A MADERO DF,18410,,2,0,0,2,1,0.5
"ZITACUARO, MICH",47910,ZCTR 479 GTE REVOLUCION,2,0,0,2,1,0.5
S JOSE DEL CABO,307601,SNJC ZONA,4,0,0,4,2,0.5
S JOSE DEL CABO,761802,SNJC 7618 ROP VISTA HERMOSA,16,0,0,16,8,0.5
"ZACAPU, MICHOAC",34002,ZCPU 340 ROP MORELOS,11,0,0,12,6,0.5
TEQUISQUIAPAN QRTO,332901,TQQP ZONA,2,0,0,2,1,0.5
"CD JUAREZ, CHIU",658602,CDJZ 6586 ROP PUERTO PALOS,14,0,0,14,7,0.5
"APATZINGAN,MICH",15710,APTZ 157 GTE ANDRADE,1,1,1,2,1,0.5
ATLACOMULCO,47801,ATLC 478 MUE GRUPO JOMA,22,1,0.045454545454545456,26,13,0.5
CABO SAN LUCAS,110710,CSCL 1107 GTE CARIBE,2,0,0,2,1,0.5
S CRISTOBAL CHI,30310,,2,0,0,2,1,0.5
"MORELIA, MICH.",7010,MORL 70 GTE MADERO III,2,0,0,2,1,0.5
"MORELIA, MICH.",4210,MORL 42 GTE CARDENAS,2,0,0,2,1,0.5
"MORELIA, MICH.",112802,MORL 1128 ROP REFORMA,12,0,0,12,6,0.5
HUEJOTZINGO,112501,,17,0,0,16,8,0.5
"MORELIA, MICH.",65301,MORL 653 MUE PLAZA MORELIA,12,2,0.16666666666666666,12,6,0.5
"TOLUCA, EDO MEX",87210,TOLC 872 GTE PLAZA SANTIN,2,0,0,2,1,0.5
"LA PAZ, BCS",7902,LPAZ 79 ROP REVOLUCION II,18,2,0.1111111111111111,18,9,0.5
AZCAPOTZALCO DF,109402,,1,0,0,4,2,0.5
"MATIAS ROMERO, OAX",107910,,1,0,0,2,1,0.5
"GUASAVE, SIN.",63402,GSVE 634 -646 CANADA GVE,6,0,0,6,3,0.5
HUIMANGUILLO TA,300248,,2,0,0,2,1,0.5
VENUSTIANO CARRANZA,300691,#N/A,2,0,0,2,1,0.5
"COATZINTLA, VER",136801,COZI 1368 MUE LOPEZ MATEOS,10,2,0.2,12,6,0.5
BOCA DEL RIO,653602,,12,1,0.08333333333333333,12,6,0.5
"REYNOSA, TAM.",85701,,26,0,0,28,14,0.5
A. OBREGON D.F.,56302,,8,0,0,8,4,0.5
"ARRIAGA, CHIAPAS",658802,ARRA 6588 ROP PRIMERA SUR,10,1,0.1,10,5,0.5
"MAPASTEPEC, CHIAPAS",659602,MAPE 6596 ROP FRANCISCO SARABI,15,1,0.06666666666666667,14,7,0.5
"CALPULALPAN, TLX",89810,CLPN 898 GTE MOTOLINIA,1,0,0,2,1,0.5
"TARIMORO, GUANAJUATO",668102,,13,0,0,14,7,0.5
HUEJUTLA DE REYES,93010,HJTL 930 GTE CANTORES,2,0,0,2,1,0.5
"HUAUCHINANGO,PUEBLA",326201,HCHG ZONA,2,0,0,2,1,0.5
HUEHUETOCA,91202,HHTA 912 ROP HUEHUETOCA,14,1,0.07142857142857142,14,7,0.5
"YAHUALICA, JAL",650502,YACA 1505 ROP ALLENDE,8,0,0,10,5,0.5
"TULANCINGO, HGO",143402,,12,1,0.08333333333333333,12,6,0.5
BENITO JUAREZ QROO,92102,CNCN 921 ROP AMERICAS I,26,2,0.07692307692307693,27,13,0.48148148148148145
"TIJUANA, BCN",10202,,22,3,0.13636363636363635,25,12,0.48
TAPACHULA CHIAP,30902,TPCH 309 ROP CALLE 3,27,5,0.18518518518518517,25,12,0.48
ECATEPEC DE MOR,143201,ECTP 1432 MUE ARAGON,23,1,0.043478260869565216,23,11,0.4782608695652174
"TECAMACHALCO,PU",30702,TMCH 307 ROP 2 SUR,21,2,0.09523809523809523,23,11,0.4782608695652174
"GUADALUPE, N.L.",10302,GDLP 103 ROP GPE STA MARIA,22,1,0.045454545454545456,23,11,0.4782608695652174
"MARAVATIO, MICH",101401,,23,1,0.043478260869565216,23,11,0.4782608695652174
"LOS MOCHIS, SIN",1501,LMCH 15 MUE INDEPENDENCIA,23,0,0,23,11,0.4782608695652174
"VALLADOLID, YUCATAN",46301,,21,0,0,21,10,0.47619047619047616
"PACHUCA,HIDALGO",19401,PCHC 194 MUE PZA DEL VALLE,21,1,0.047619047619047616,21,10,0.47619047619047616
IZUCAR DE MAT P,22301,IZCR 223 MUE SERDAN,17,0,0,21,10,0.47619047619047616
AUTLAN DE NAVARRO,96801,,22,1,0.045454545454545456,21,10,0.47619047619047616
CUAUTLA MORELOS,93701,CTLA 937 MUE REFORMA,17,0,0,21,10,0.47619047619047616
"GARCIA, NUEVO LEON",104002,GRCI 1040 ROP LAS ARBOLEDAS,23,3,0.13043478260869565,21,10,0.47619047619047616
"GARCIA, NUEVO LEON",104002,,23,1,0.043478260869565216,21,10,0.47619047619047616
TAPACHULA CHIAP,26401,TPCH 264 MUE CRISTAL,19,0,0,21,10,0.47619047619047616
"CORDOBA, VER.",7802,CRDB 78 ROP AVENIDA,19,1,0.05263157894736842,21,10,0.47619047619047616
"DOLORES HIDALGO,GTO",38401,DHGO 384 MUE MICHOACAN,18,0,0,19,9,0.47368421052631576
PYA D CARMEN QR,767102,,18,0,0,19,9,0.47368421052631576
"MEXICALI, BCN.",30002,,18,0,0,19,9,0.47368421052631576
"VALLARTA, JAL.",3901,,16,1,0.0625,19,9,0.47368421052631576
"TIJUANA, BCN",36902,TJNA 369 ROP PLAZA DEL SOL,17,2,0.11764705882352941,19,9,0.47368421052631576
"TIJUANA, BCN",36902,,17,0,0,19,9,0.47368421052631576
"MEXICALI, BCN.",30002,MXLI 300 ROP PALACO,18,0,0,19,9,0.47368421052631576
PYA D CARMEN QR,767102,PLYC 7671 ROP VILLA DEL SOL,18,0,0,19,9,0.47368421052631576
"CD SERDAN, PUEBLA",102301,,18,2,0.1111111111111111,19,9,0.47368421052631576
"TORREON, COAH.",2701,TRRN 27 MUE CARRANZA,17,2,0.11764705882352941,19,9,0.47368421052631576
"TECAMACHALCO,PU",76301,,18,0,0,19,9,0.47368421052631576
"TANTOYUCA, VER",32502,,18,0,0,19,9,0.47368421052631576
TEXCOCO EDO MEX,25302,TXCC 253 ROP PZA LA MORENA,16,1,0.0625,17,8,0.47058823529411764
"LA BARCA, JAL.",5002,LBCA 50 ROP LA MOREÑA,17,0,0,17,8,0.47058823529411764
"TULTITLAN,EDO M",87101,TTLN 871 MUE PLAZA JARDINES,17,2,0.11764705882352941,17,8,0.47058823529411764
"ZINACANTEPEC,EDO MEX",87302,,18,0,0,17,8,0.47058823529411764
"TEMIXCO, MORELOS",762001,,13,2,0.15384615384615385,17,8,0.47058823529411764
"LIBRES, PUEBLA",90402,LBRS 904 ROP PLAZA LIBRES,17,1,0.058823529411764705,17,8,0.47058823529411764
PYA D CARMEN QR,30101,,16,2,0.125,17,8,0.47058823529411764
MIAHUATLAN DE P DIAZ,101501,MHTN 1015 MUE BASILIO ROJAS,17,1,0.058823529411764705,17,8,0.47058823529411764
VALLE DE CHALCO,22701,VCHA 227 MUE TEZOZOMOC,16,0,0,17,8,0.47058823529411764
"CORDOBA, VER.",50002,,15,0,0,17,8,0.47058823529411764
MIAHUATLAN DE P DIAZ,101501,,17,0,0,17,8,0.47058823529411764
"TEAPA, TABASCO",42801,TEAP 428 MUE TRUJILLO,16,1,0.0625,17,8,0.47058823529411764
S CRISTOBAL CHI,30302,SNCC 303 ROP SAN CRISTOBA,19,0,0,17,8,0.47058823529411764
NAUCALPAN EDO MEX,15202,NCPN 152 ROP SAN BARTOLO,15,1,0.06666666666666667,17,8,0.47058823529411764
TEOTIHUACAN,100001,,17,0,0,17,8,0.47058823529411764
"AGUA DULCE, VERACRUZ",90901,ADCE 909 MUE MADERO,17,2,0.11764705882352941,17,8,0.47058823529411764
FELIPE CARRILLO PUER,96101,FCPT 961 MUE CARDENAS,17,2,0.11764705882352941,17,8,0.47058823529411764
"CORDOBA, VER.",50002,CRDB 500 ROP AVENIDA 11,15,0,0,17,8,0.47058823529411764
VILLAHERMOSA,19101,,17,0,0,17,8,0.47058823529411764
"JILOTEPEC, EDO MEX",48402,JLME 484 ROP MOLINA,16,0,0,17,8,0.47058823529411764
"ZINACANTEPEC,EDO MEX",87302,ZCTP ROP 873 16 DE SEPTIEMBRE,18,0,0,17,8,0.47058823529411764
"LIBRES, PUEBLA",90402,,17,0,0,17,8,0.47058823529411764
"CD OBREGON, SON",1002,CDOB 10 ROP NO REELECCION,31,1,0.03225806451612903,32,15,0.46875
"LEON, GTO.",11102,,15,1,0.06666666666666667,15,7,0.4666666666666667
"LEON, GTO.",78001,,14,1,0.07142857142857142,15,7,0.4666666666666667
"TEPATITLAN,JAL",27202,TPTN 272 ROP TEPATITLAN,13,1,0.07692307692307693,15,7,0.4666666666666667
"TIJUANA, BCN",33801,,15,0,0,15,7,0.4666666666666667
"TIJUANA, BCN",9701,,13,0,0,15,7,0.4666666666666667
"COMONFORT, GTO",103602,,15,1,0.06666666666666667,15,7,0.4666666666666667
"GUADALUPE, ZAC",56202,GDPE 562 ROP GUERRERO,15,0,0,15,7,0.4666666666666667
SANTIAGO JUXTLAHUACA,128402,,15,1,0.06666666666666667,15,7,0.4666666666666667
"SAYULA DE ALEMAN, VE",797001,,16,0,0,15,7,0.4666666666666667
"XALAPA,VERACRUZ",28702,XLPA 287 ROP JUAREZ,16,1,0.0625,15,7,0.4666666666666667
CUAUTLA MORELOS,778402,,14,1,0.07142857142857142,15,7,0.4666666666666667
SAN PEDRO POCHUTLA,768401,SNPO 7684 MUE LOPEZ MATEOS,15,0,0,15,7,0.4666666666666667
VERACRUZ VER,137901,,14,2,0.14285714285714285,15,7,0.4666666666666667
SN FELIPE D PROGRESO,674302,,16,0,0,15,7,0.4666666666666667
"ROSARITO, BCN",22501,,14,0,0,15,7,0.4666666666666667
SAN LUIS POTOSI,4301,,15,1,0.06666666666666667,15,7,0.4666666666666667
"CD MADERO, TAMA",35301,CDMD 353 MUE MONTERREY,15,0,0,15,7,0.4666666666666667
"MONTERREY, N.L.",762702,MTRY 7627 ROP MORELOS,15,1,0.06666666666666667,15,7,0.4666666666666667
"CD MADERO, TAMA",35301,,15,0,0,15,7,0.4666666666666667
"TIJUANA, BCN",789702,TJNA 7897 ROP PLAZA RIO,12,2,0.16666666666666666,15,7,0.4666666666666667
"TIJUANA, BCN",36901,TJNA 369 MUE PLAZA DEL SOL,16,0,0,15,7,0.4666666666666667
"TIJUANA, BCN",33801,TJNA 338 MUE LOMA BONITA,15,1,0.06666666666666667,15,7,0.4666666666666667
"TIJUANA, BCN",18101,TJNA 181 MUE OTAY,14,1,0.07142857142857142,15,7,0.4666666666666667
"TIJUANA, BCN",9701,TJNA 97 MUE LAS BRISAS,13,0,0,15,7,0.4666666666666667
TEQUISQUIAPAN QRTO,38301,,15,0,0,15,7,0.4666666666666667
"MONTERREY, N.L.",762702,,14,1,0.07142857142857142,15,7,0.4666666666666667
"XALAPA,VERACRUZ",28702,,16,0,0,15,7,0.4666666666666667
"GUAMUCHIL, SIN.",902,GMCH 9 ROP DE LA TORRE,28,0,0,30,14,0.4666666666666667
"HUICHAPAN, HID",48501,HCPN 485 MUE ROJO GOMEZ,13,0,0,15,7,0.4666666666666667
"DURANGO, DGO.",23501,DRGO 235 MUE PLAZA MADERO,15,0,0,15,7,0.4666666666666667
"S MATEO ATENCO,MEX",763502,SNMA 7635 ROP JUAREZ,13,0,0,15,7,0.4666666666666667
"MORELIA, MICH.",21602,MORL 216 ROP TRES PUENTES,15,0,0,15,7,0.4666666666666667
"PICHUCALCO, CHIA",129701,PICO 1297 MUE AURORA,15,1,0.06666666666666667,15,7,0.4666666666666667
"TEPIC, NAY",2101,TPIC 21 MUE PUEBLA,26,0,0,28,13,0.4642857142857143
"TEPIC, NAY",2101,,26,0,0,28,13,0.4642857142857143
ATOTONILCO EL ALTO,106801,ATCO 1068 MUE NIÑOS HEROES,12,0,0,13,6,0.46153846153846156
CHICOLOAPAN EM,44101,SNVC 441 MUE ENCINO,13,1,0.07692307692307693,13,6,0.46153846153846156
"LEON, GTO.",11202,,16,1,0.0625,13,6,0.46153846153846156
CHIMALHUACAN EM,657401,CHCN 6574 MUE ARCA DE NOE,12,0,0,13,6,0.46153846153846156
"POZA RICA, VER.",87402,PZRC ROP 874 GRAN PATIO,14,0,0,13,6,0.46153846153846156
CHICOLOAPAN EM,44101,,13,0,0,13,6,0.46153846153846156
"ZACUALTIPAN, HIDALGO",775002,ZCTL 7750 ROP FELIPE ANGELES,13,1,0.07692307692307693,13,6,0.46153846153846156
"OTUMBA, ESTADO DE ME",147001,OTBA 1470 MUE MONTAÑO,13,2,0.15384615384615385,13,6,0.46153846153846156
"TONALA,JALISCO",17601,TNLA 176 MUE LOMA DORADA,12,1,0.08333333333333333,13,6,0.46153846153846156
"VALLE NACIONAL, OAX",103501,,13,1,0.07692307692307693,13,6,0.46153846153846156
"APODACA, N.L.",24801,,13,1,0.07692307692307693,13,6,0.46153846153846156
"OTUMBA, ESTADO DE ME",147001,,13,0,0,13,6,0.46153846153846156
CUERAMARO,81501,,13,1,0.07692307692307693,13,6,0.46153846153846156
"TIJUANA, BCN",9801,,14,0,0,13,6,0.46153846153846156
"TIJUANA, BCN",7601,,13,0,0,13,6,0.46153846153846156
IZTAPALAPA D.F.,140102,,13,1,0.07692307692307693,13,6,0.46153846153846156
SAN LUIS POTOSI,668001,SNLP 6680 MUE THE PARK,9,1,0.1111111111111111,13,6,0.46153846153846156
"POZA RICA, VER.",87402,,14,1,0.07142857142857142,13,6,0.46153846153846156
"YAUTEPEC, MORELOS",139602,,11,0,0,13,6,0.46153846153846156
SAN RAFAEL VERACRUZ,663801,#N/A,15,1,0.06666666666666667,13,6,0.46153846153846156
TLAXCO TLAXCALA,784901,TLXC 7849 MUE 16 DE SEPTIEMBRE,12,0,0,13,6,0.46153846153846156
"TEMIXCO, MORELOS",762002,,13,0,0,13,6,0.46153846153846156
"LEON, GTO.",781601,LEON 7816 MUE HILAMAS,13,0,0,13,6,0.46153846153846156
"APIZACO, TLAX",135001,,15,0,0,13,6,0.46153846153846156
"APIZACO, TLAX",135001,APZC 1350 MUE CUAUHTEMOC,15,2,0.13333333333333333,13,6,0.46153846153846156
"IXTAPALUCA, E.M",766501,,13,0,0,13,6,0.46153846153846156
ATIZAPAN DE ZAR,46402,,13,1,0.07692307692307693,13,6,0.46153846153846156
NANCHITAL DE LAZARO,132301,,14,0,0,13,6,0.46153846153846156
"IGUALA,GUERRERO",131702,,13,2,0.15384615384615385,13,6,0.46153846153846156
TEKAX YUCATAN,781801,,11,2,0.18181818181818182,13,6,0.46153846153846156
"CUERNAVACA, MOR",655501,,12,1,0.08333333333333333,13,6,0.46153846153846156
"XALAPA,VERACRUZ",137102,XLPA 1371 ROP MUSEO,14,0,0,13,6,0.46153846153846156
S JOSE DEL CABO,14501,,12,1,0.08333333333333333,13,6,0.46153846153846156
"GUASAVE, SIN.",101801,,13,0,0,13,6,0.46153846153846156
VERACRUZ VER,110201,,14,0,0,13,6,0.46153846153846156
"TOLUCA, EDO MEX",15902,,15,0,0,13,6,0.46153846153846156
SAN LUIS RIO CO,770301,,14,0,0,13,6,0.46153846153846156
"PLAYA VICENTE, VER",128601,,11,1,0.09090909090909091,13,6,0.46153846153846156
SAN PEDRO POCHUTLA,768402,SNPO 7684 ROP LOPEZ MATEOS,15,0,0,13,6,0.46153846153846156
"LOMA BONITA, OAXACA",88402,LBTA 884 ROP 16 DE SEPTIEMBRE,16,1,0.0625,13,6,0.46153846153846156
"PLAYA VICENTE, VER",128601,PLVT 1286 MUE LERDO,11,1,0.09090909090909091,13,6,0.46153846153846156
IZTAPALAPA D.F.,140102,IZTP 1401 ROP TLAHUAC,13,0,0,13,6,0.46153846153846156
IZTAPALAPA D.F.,101602,IZTP 1016 ROP LOMAS ESTRELLA,13,0,0,13,6,0.46153846153846156
TLAJOMULCO DE Z,656801,,12,0,0,13,6,0.46153846153846156
IZTAPALAPA D.F.,37101,IZTP 371 MUE GRANJAS ESMERALDA,12,0,0,13,6,0.46153846153846156
OAXACA OAXACA,781901,OAXC 7819 MUE LA VIGUERA,13,0,0,13,6,0.46153846153846156
"SAHUAYO, MICHOA",782901,,13,0,0,13,6,0.46153846153846156
"MEXICALI, BCN.",761001,,12,0,0,13,6,0.46153846153846156
"TELOLOAPAN, GRO",87601,TLLP 876 MUE CLUB DE LEONES,12,1,0.08333333333333333,13,6,0.46153846153846156
NICOLAS ROMERO E MEX,108002,NRMR 1080 ROP TOWN CENTER,14,0,0,13,6,0.46153846153846156
ATOTONILCO EL ALTO,106801,,12,0,0,13,6,0.46153846153846156
"TAMPICO, TAM.",15801,TMPC 158 MUE EJERCITO,13,0,0,13,6,0.46153846153846156
"ZACUALTIPAN, HIDALGO",775002,,13,0,0,13,6,0.46153846153846156
"GUADALUPE, N.L.",13801,,13,1,0.07692307692307693,13,6,0.46153846153846156
CHIMALHUACAN EM,25502,,14,0,0,13,6,0.46153846153846156
"COMPOSTELA, NAY",30401,,13,0,0,13,6,0.46153846153846156
CHALCO EDO MEX,120101,CHLC 1201 MUE CUAUTZINGO,12,2,0.16666666666666666,13,6,0.46153846153846156
"NAVOLATO, SIN.",654202,,15,0,0,13,6,0.46153846153846156
"LOMA BONITA, OAXACA",88402,,17,0,0,13,6,0.46153846153846156
"TIZAYUCA, HIDALGO",773301,,13,0,0,13,6,0.46153846153846156
"CD OBREGON, SON",3402,CDOB 34 ROP OBREGON,13,1,0.07692307692307693,13,6,0.46153846153846156
"CD OBREGON, SON",3401,CDOB 34 MUE OBREGON,12,1,0.08333333333333333,13,6,0.46153846153846156
S CRISTOBAL CHI,68102,SNCC 681 NICARAGUA,12,0,0,13,6,0.46153846153846156
CUAUHTEMOC D.F.,657602,CTMC 6576 ROP PLAZA TLALTELOLC,13,1,0.07692307692307693,13,6,0.46153846153846156
CHIMALHUACAN EM,657401,,12,0,0,13,6,0.46153846153846156
"TIJUANA, BCN",10202,TJNA 102 ROP MATAMOROS,23,1,0.043478260869565216,26,12,0.46153846153846156
"TIJUANA, BCN",43701,TJNA 437 MUE PLAZA EL REGUGIO,12,1,0.08333333333333333,13,6,0.46153846153846156
EL ORO ESTADO DE MEX,666301,,12,0,0,13,6,0.46153846153846156
CULIACAN SIN.,46901,CLCN 469 MUE LAS TORRES,12,1,0.08333333333333333,13,6,0.46153846153846156
"TIJUANA, BCN",7601,TJNA 76 MUE CARDENAS,12,3,0.25,13,6,0.46153846153846156
NANCHITAL DE LAZARO,132301,NCHT 1323 MUE LAZARO C NANCHIT,13,1,0.07692307692307693,13,6,0.46153846153846156
SAN LUIS RIO CO,770301,SNRC 7703 MUE MONTERREY,13,1,0.07692307692307693,13,6,0.46153846153846156
"MEXICALI, BCN.",9001,,12,1,0.08333333333333333,13,6,0.46153846153846156
"YURIRIA, GTO",780002,,13,0,0,13,6,0.46153846153846156
VERACRUZ VER,110201,VRCZ 1102 MUE NUCLEO DEPORTIVO,13,1,0.07692307692307693,13,6,0.46153846153846156
CULIACAN SIN.,46901,,13,0,0,13,6,0.46153846153846156
"JIMENEZ, CHIH",112601,,13,0,0,13,6,0.46153846153846156
"JUANACATLAN,JAL",793502,JCTN 7935 ROP VILLAS ANDALUCIA,12,0,0,13,6,0.46153846153846156
"EL SALTO, DGO",776802,ELSO 7768 ROP PLAZA EL SALTO,12,0,0,13,6,0.46153846153846156
TLAXCO TLAXCALA,784901,,12,0,0,13,6,0.46153846153846156
BENITO JUAREZ QROO,26902,CNCN 269 ROP CRUCERO,13,1,0.07692307692307693,13,6,0.46153846153846156
"MONTERREY, N.L.",10801,,12,0,0,13,6,0.46153846153846156
CADEREYTA DE MONTES,777801,CDYT 7778 MUE MELCHOR OCAMPO,13,0,0,13,6,0.46153846153846156
"DURANGO, DGO.",126802,DRGO 1268 ROP COLOSIO,12,0,0,13,6,0.46153846153846156
SN FELIPE D PROGRESO,674301,#N/A,15,0,0,13,6,0.46153846153846156
EL ORO ESTADO DE MEX,666301,#N/A,11,1,0.09090909090909091,13,6,0.46153846153846156
SANTA ROSALIA,84502,STAR 845 ROP SANTA ROSALIA,12,0,0,13,6,0.46153846153846156
S CRISTOBAL CHI,68102,,12,0,0,13,6,0.46153846153846156
GENERAL ESCOBED,121102,,14,1,0.07142857142857142,13,6,0.46153846153846156
CUAUHTEMOC D.F.,657602,,13,1,0.07692307692307693,13,6,0.46153846153846156
S JOSE DEL CABO,666801,SNJC 6668 MUE PLAZA KABS,15,0,0,13,6,0.46153846153846156
ATIZAPAN DE ZAR,46402,ATZP 464 ROP LAGO DE GUADALUPE,13,0,0,13,6,0.46153846153846156
"TOLUCA, EDO MEX",15902,TOLC 159 ROP 5 DE MAYO,14,2,0.14285714285714285,13,6,0.46153846153846156
"TOLUCA, EDO MEX",44601,TOLC 446 MUE ENRIQUEZ,13,0,0,13,6,0.46153846153846156
GENERAL ESCOBED,121101,,11,2,0.18181818181818182,13,6,0.46153846153846156
"CD JUAREZ, CHIU",14202,CDJZ 142 ROP ZARAGOZA,12,1,0.08333333333333333,13,6,0.46153846153846156
CD DEL CARMEN,21301,,20,0,0,24,11,0.4583333333333333
ESCARCEGA,103701,ESCG 1037 MUE JUSTO GUERRA,22,1,0.045454545454545456,24,11,0.4583333333333333
"CD JUAREZ, CHIU",46702,,23,1,0.043478260869565216,24,11,0.4583333333333333
"CD JUAREZ, CHIU",46702,CDJZ 467 ROP INDEPENDENCIA,23,2,0.08695652173913043,24,11,0.4583333333333333
LAGOS DE MORENO,780302,,11,0,0,11,5,0.45454545454545453
LAGOS DE MORENO,780301,,11,0,0,11,5,0.45454545454545453
"CD JUAREZ, CHIU",766701,CDJZ 7667 MUE ALTA VISTA II,10,1,0.1,11,5,0.45454545454545453
"DURANGO, DGO.",6102,,12,2,0.16666666666666666,11,5,0.45454545454545453
LAGOS DE MORENO,780302,LMRN 7803 ROP PORTAL LAGOS DE,11,0,0,11,5,0.45454545454545453
LAGOS DE MORENO,780301,LMRN 7803 MUE PORTAL LAGOS DE,11,0,0,11,5,0.45454545454545453
"APASEO EL ALTO, GTO",768502,APEA 7685 ROP INDEPENDENCIA,13,1,0.07692307692307693,11,5,0.45454545454545453
VENUSTIANO C.DF,138102,,11,1,0.09090909090909091,11,5,0.45454545454545453
COACALCO DE BAR,143001,,13,1,0.07692307692307693,11,5,0.45454545454545453
CUAUTLA MORELOS,22001,,18,1,0.05555555555555555,22,10,0.45454545454545453
"ZACATECAS, ZAC",766301,,10,0,0,11,5,0.45454545454545453
"ZACATECAS, ZAC",766302,,11,2,0.18181818181818182,11,5,0.45454545454545453
GUADALAJARA JAL,14401,GDLJ 144 MUE ARBOLEDAS,12,0,0,11,5,0.45454545454545453
"PIEDRAS NEGRAS, COAH",28302,,28,1,0.03571428571428571,22,10,0.45454545454545453
PUERTO ESCONDIDO,650302,,22,0,0,22,10,0.45454545454545453
PUERTO ESCONDIDO,650302,PTOE 6503 ROP AV OAXACA,22,1,0.045454545454545456,22,10,0.45454545454545453
TLAJOMULCO DE Z,760701,,11,0,0,11,5,0.45454545454545453
"GUACHOCHI, CHIH",656302,GUHI 6563 ROP LAS GARZAS,10,0,0,11,5,0.45454545454545453
TLAJOMULCO DE Z,84701,,11,0,0,11,5,0.45454545454545453
"SOTO LA MARINA, TAM",796501,SMAR 7965 MUE SOTO LA MARINA,11,0,0,11,5,0.45454545454545453
"MONCLOVA, COAH.",769401,,11,1,0.09090909090909091,11,5,0.45454545454545453
TLAJOMULCO DE Z,130001,,11,0,0,11,5,0.45454545454545453
"ZAPOPAN, JAL.",115001,,10,1,0.1,11,5,0.45454545454545453
SAN LUIS POTOSI,53502,,10,2,0.2,11,5,0.45454545454545453
GUADALAJARA JAL,105002,,10,1,0.1,11,5,0.45454545454545453
"GOMEZ PAL, DGO.",777301,,11,0,0,11,5,0.45454545454545453
GUSTAVO A MADERO DF,763101,GAMD 7631 MUE VISTA NORTE,11,0,0,11,5,0.45454545454545453
GUADALAJARA JAL,14401,,11,1,0.09090909090909091,11,5,0.45454545454545453
"ZACUALTIPAN, HIDALGO",775001,,11,0,0,11,5,0.45454545454545453
"MAZATLAN, SIN.",100202,,12,0,0,11,5,0.45454545454545453
"BALANCAN, TAB",124302,,11,0,0,11,5,0.45454545454545453
"CHIHUAHUA, CHI",18201,,11,0,0,11,5,0.45454545454545453
"EL SALTO, DGO",776801,ELSO 7768 MUE PLAZA EL SALTO,11,1,0.09090909090909091,11,5,0.45454545454545453
TAMAZULA DE GORDIANO,108301,TMZL 1083 MUE CORONA,11,0,0,11,5,0.45454545454545453
"MONCLOVA, COAH.",769402,MNCV 7694 ROP PASEO MONCLOVA,10,2,0.2,11,5,0.45454545454545453
CHETUMAL QROO,95302,CHTM 953 ROP HEROES,10,0,0,11,5,0.45454545454545453
"GOMEZ PAL, DGO.",777301,GPLC 7773 MUE FILADELFIA,10,1,0.1,11,5,0.45454545454545453
"SOTO LA MARINA, TAM",796501,,11,0,0,11,5,0.45454545454545453
ATIZAPAN DE ZAR,83401,ATZP 834 IGNACIO ZARAGOZA,11,0,0,11,5,0.45454545454545453
NAUCALPAN EDO MEX,144601,,11,0,0,11,5,0.45454545454545453
NAUCALPAN EDO MEX,770602,,11,0,0,11,5,0.45454545454545453
ATIZAPAN DE ZAR,83401,,11,2,0.18181818181818182,11,5,0.45454545454545453
"NAOLINCO, VER",149701,,11,0,0,11,5,0.45454545454545453
"ENSENADA, BCN",11002,ENSD 110 ROP JUAREZ VI,29,1,0.034482758620689655,31,14,0.45161290322580644
HUAMANTLA,49302,HMTL 493 ROP MORELOS,19,1,0.05263157894736842,20,9,0.45
STA ANA CHIAUTE,38702,STCH 387 ROP SALDAÑA,20,0,0,20,9,0.45
"TEPEACA, PUE",89702,TPCA 897 ROP CUAUHTEMOC,23,1,0.043478260869565216,20,9,0.45
TUXTLA GUTIERRE,33601,TXGT 336 MUE PRIMERA PONIENTE,17,0,0,20,9,0.45
"CD JUAREZ, CHIU",665702,,18,0,0,20,9,0.45
HUAMANTLA,49302,,19,0,0,20,9,0.45
"CD JUAREZ, CHIU",665702,CDJZ 6657 ROP TALAMAS,18,1,0.05555555555555555,20,9,0.45
STA ANA CHIAUTE,38702,,20,1,0.05,20,9,0.45
"TOLUCA, EDO MEX",6401,TOLC 64 MUE JUAREZ II,19,0,0,20,9,0.45
"IRAPUATO, GTO.",8502,,17,2,0.11764705882352941,18,8,0.4444444444444444
COACALCO DE BAR,661202,CCLC 6612 ROP COACALCO,9,0,0,9,4,0.4444444444444444
CUAUTITLAN RR,123602,,7,0,0,9,4,0.4444444444444444
CUAUTITLAN RR,123602,CTLN 1236 ROP PLAZA CENTELLA,7,0,0,9,4,0.4444444444444444
SALINA CRUZ OAX,761102,,17,0,0,18,8,0.4444444444444444
COACALCO DE BAR,661202,,8,1,0.125,9,4,0.4444444444444444
NEZAHUALCOYOTL,794801,#N/A,11,0,0,9,4,0.4444444444444444
"CD OBREGON, SON",62302,,9,1,0.1111111111111111,9,4,0.4444444444444444
"YAHUALICA, JAL",650502,,8,0,0,9,4,0.4444444444444444
SALINA CRUZ OAX,761102,SCRZ 7611 ROP SALINA CRUZ,17,1,0.058823529411764705,18,8,0.4444444444444444
"TIJUANA, BCN",34102,,25,2,0.08,27,12,0.4444444444444444
"TIJUANA, BCN",667302,,12,0,0,18,8,0.4444444444444444
"TEMIXCO, MORELOS",86901,TMXC 869 MUE HACIENDA,15,1,0.06666666666666667,18,8,0.4444444444444444
"PATZCUARO, MICH",94402,,18,0,0,18,8,0.4444444444444444
CULIACAN SIN.,46902,,16,0,0,18,8,0.4444444444444444
"TIJUANA, BCN",667302,TJNA 6673 ROP MACLOVIO ROJAS,12,0,0,18,8,0.4444444444444444
ATLACOMULCO,143502,,9,0,0,9,4,0.4444444444444444
"RINCONADA, VER",656902,RIDA 6569 ROP INDEPENDENCIA,9,0,0,9,4,0.4444444444444444
"CORDOBA, VER.",50001,,17,0,0,18,8,0.4444444444444444
XICOTEPEC DE JUAREZ,111001,,19,1,0.05263157894736842,18,8,0.4444444444444444
"MEXICALI, BCN.",2902,MXLI 29 ROP CACHANILLA II,20,0,0,27,12,0.4444444444444444
"CORDOBA, VER.",50001,CRDB 500 MUE AVENIDA 11,17,0,0,18,8,0.4444444444444444
PEDRO ESCOBEDO,673101,#N/A,12,1,0.08333333333333333,9,4,0.4444444444444444
"MONTERREY, N.L.",24701,,9,1,0.1111111111111111,9,4,0.4444444444444444
"MERIDA, YUCATAN",23102,,18,2,0.1111111111111111,18,8,0.4444444444444444
TLATLAUQUITEPEC,94101,,18,0,0,18,8,0.4444444444444444
"PATZCUARO, MICH",94402,PTZC 944 ROP CARDENAS,18,0,0,18,8,0.4444444444444444
CABO SAN LUCAS,300450,CSLC INVENTARIOS ZONA I,8,1,0.125,9,4,0.4444444444444444
CULIACAN SIN.,46902,CLCN 469 ROP LAS TORRES,16,1,0.0625,18,8,0.4444444444444444
CD DEL CARMEN,21301,CDCN 213 MUE CARMEN,22,0,0,25,11,0.44
COMITAN D D CHI,32601,,23,0,0,25,11,0.44
"URIANGATO, GTO",47401,URGT 474 MUE GALERIAS,17,1,0.058823529411764705,16,7,0.4375
"ALTAMIRA, TAM",91702,,16,0,0,16,7,0.4375
AGUASCALIENTES,39702,AGCS 397 ROP ASUNCION,15,0,0,16,7,0.4375
VILLA VICTORIA,791101,,16,0,0,16,7,0.4375
"IXTAPALUCA, E.M",22601,,14,0,0,16,7,0.4375
"URIANGATO, GTO",47401,,17,0,0,16,7,0.4375
"XALAPA,VERACRUZ",784502,XLPA 7845 ROP SAYAGO,12,1,0.08333333333333333,16,7,0.4375
"XALAPA,VERACRUZ",28701,XLPA 287 MUE PLAZA NEZA,16,1,0.0625,16,7,0.4375
SALINA CRUZ OAX,43001,,16,1,0.0625,16,7,0.4375
CUAJIMALPA D.F.,22401,CJMP 224 MUE JUAREZ,14,1,0.07142857142857142,16,7,0.4375
TAMAZUNCHALE,105702,,17,3,0.17647058823529413,16,7,0.4375
"MISANTLA, VER",93602,,15,1,0.06666666666666667,16,7,0.4375
"ALTAMIRA, TAM",91702,ALTM 917 ROP PUERTO INDUSTRIAL,16,0,0,16,7,0.4375
"GUASAVE, SIN.",682002,,17,2,0.11764705882352941,16,7,0.4375
"XALISCO, NAY",87002,,17,1,0.058823529411764705,16,7,0.4375
CUAUTLA MORELOS,22002,CTLA 220 ROP ARTILLERO,16,0,0,16,7,0.4375
SAN NICOLAS N.L,8702,SNNG 87 ROP SNG STO DOMING,15,1,0.06666666666666667,16,7,0.4375
"MATEHUALA, SLP",94602,,16,0,0,16,7,0.4375
AGUASCALIENTES,39702,,17,1,0.058823529411764705,16,7,0.4375
"COMALCALCO, TAB",32901,CMLC 329 MUE LOPEZ MATEOS,16,3,0.1875,16,7,0.4375
HUEHUETOCA,94001,,15,0,0,16,7,0.4375
SANTIAGO PAPASQUIARO,89002,,14,0,0,16,7,0.4375
SAN LUIS RIO CO,39401,,16,2,0.125,16,7,0.4375
"MINATITLAN, VER",794302,#N/A,16,0,0,16,7,0.4375
"NOGALES, SONORA",28101,NGLS 281 MUE COLOSIO,17,0,0,16,7,0.4375
"XALAPA,VERACRUZ",28701,,16,0,0,16,7,0.4375
SANTIAGO PAPASQUIARO,89002,SNPP 890 ROP HIDALGO,14,0,0,16,7,0.4375
"DURANGO, DGO.",12901,DRGO 129 MUE JARDINES,15,0,0,16,7,0.4375
VILLA VICTORIA,791101,VLLV 7911 MUE VILLA VICTORIA,15,1,0.06666666666666667,16,7,0.4375
CUAUHTEMOC D.F.,98302,,14,0,0,16,7,0.4375
A. OBREGON D.F.,141101,,17,2,0.11764705882352941,16,7,0.4375
HUEHUETOCA,94001,HHTA 940 MUE PLAZA LA CABA#A,15,0,0,16,7,0.4375
ECATEPEC DE MOR,143201,,24,0,0,23,10,0.43478260869565216
"TORREON, COAH.",2702,,24,2,0.08333333333333333,23,10,0.43478260869565216
"MINATITLAN, VER",14301,MNTN 143 MUE HIDALGO,19,0,0,23,10,0.43478260869565216
LAZARO CARDENAS,13302,,24,1,0.041666666666666664,23,10,0.43478260869565216
"MARAVATIO, MICH",101401,MRVT 1014 MUE LIBRAMIENTO,23,1,0.043478260869565216,23,10,0.43478260869565216
"TANTOYUCA, VER",32501,,23,2,0.08695652173913043,23,10,0.43478260869565216
"DURANGO, DGO.",308103,,5,0,0,7,3,0.42857142857142855
"TANGANCICUARO, MICH",82101,TGCC 821 TANGACICUARO,12,1,0.08333333333333333,14,6,0.42857142857142855
CHIMALHUACAN EM,61602,CHCN 616 CHIMALHUACAN,8,1,0.125,7,3,0.42857142857142855
"TIJUANA, BCN",17901,,13,0,0,14,6,0.42857142857142855
"POZA RICA, VER.",772602,PZRC 7726 ROP RUIZ CORTINEZ,14,1,0.07142857142857142,14,6,0.42857142857142855
"POZA RICA, VER.",87401,PZRC MUE 874 GRAN PATIO,14,0,0,14,6,0.42857142857142855
"PACHUCA,HIDALGO",19401,,21,1,0.047619047619047616,21,9,0.42857142857142855
"ZIMAPAN, HIDALGO",112902,ZMPN 1129 ROP COLEGIO MILITAR,7,0,0,7,3,0.42857142857142855
FRANCISCO I MADERO,128902,,13,1,0.07692307692307693,14,6,0.42857142857142855
"LEON, GTO.",104402,,7,0,0,7,3,0.42857142857142855
"TECAMAC, EDO ME",70302,TCMC 703 OZUMBILLA,7,1,0.14285714285714285,7,3,0.42857142857142855
"TECAMAC, EDO ME",61302,TCMC 613 PLAZA MEXIQUENSE,7,0,0,7,3,0.42857142857142855
"TECAMAC, EDO ME",653101,TCMC 6531 MUE SIERRA HERMOSA,14,0,0,14,6,0.42857142857142855
"CELAYA, GTO.",16201,,14,0,0,14,6,0.42857142857142855
BAHIA DE BANDERAS,109302,BDBN 1093 ROP LAGO REAL,14,1,0.07142857142857142,14,6,0.42857142857142855
LA PEÑITA DE JALTEMB,783601,LPÑJ 7836 MUE GUAYABITOS,14,0,0,14,6,0.42857142857142855
"TALA, JAL",777102,TALA 7771 ROP TALA,7,1,0.14285714285714285,7,3,0.42857142857142855
"TAMUIN, SLP",771202,TAIN 7712 ROP RAYON,7,1,0.14285714285714285,7,3,0.42857142857142855
"ENSENADA, BCN",300436,,5,1,0.2,7,3,0.42857142857142855
CABO SAN LUCAS,99002,,7,0,0,7,3,0.42857142857142855
"RIO VERDE, SLP",90301,RVDE 903 MUE PLAZA PRINCIPAL,21,1,0.047619047619047616,21,9,0.42857142857142855
MARTINEZ DE TOR,60702,,6,1,0.16666666666666666,7,3,0.42857142857142855
PASO DE OVEJAS,113302,,6,1,0.16666666666666666,7,3,0.42857142857142855
"POZA RICA, VER.",772602,,14,0,0,14,6,0.42857142857142855
"LA PAZ, BCS",782601,,13,1,0.07692307692307693,14,6,0.42857142857142855
ECATEPEC DE MOR,74902,,7,0,0,7,3,0.42857142857142855
S JOSE DEL CABO,761801,,13,1,0.07692307692307693,14,6,0.42857142857142855
"LEON, GTO.",104402,LEON 1044 ROP TORRES LANDA,7,0,0,7,3,0.42857142857142855
OZUMBA,99501,,13,0,0,14,6,0.42857142857142855
"CELAYA, GTO.",16201,CLYA 162 MUE CELAYA,14,1,0.07142857142857142,14,6,0.42857142857142855
TEZIUTLAN,767602,TZTL 7676 ROP PLAZA EDEN,13,0,0,14,6,0.42857142857142855
"URUAPAN, MICH.",129502,,14,2,0.14285714285714285,14,6,0.42857142857142855
GUADALAJARA JAL,51102,GDLJ 511 -135 CANADA SAN,6,0,0,7,3,0.42857142857142855
GUADALAJARA JAL,50302,GDLJ 503 -122 CANADA JUAR,7,0,0,7,3,0.42857142857142855
"PUEBLA, PUEBLA.",126302,PBLA 1263 ROP SAN PEDRO,6,0,0,7,3,0.42857142857142855
"XOCHIMILCO, D.F",56702,XOCH 567 -397 CANADA XOCH,7,0,0,7,3,0.42857142857142855
"TORREON, COAH.",24502,,14,0,0,14,6,0.42857142857142855
"TAMUIN, SLP",771202,,7,0,0,7,3,0.42857142857142855
AGUAPRIETA SON,356907,,6,0,0,7,3,0.42857142857142855
TLAHUAC D.F.,764201,TLHC 7642 MUE PZA JUAN DE DIOS,15,0,0,14,6,0.42857142857142855
"TONALA,JALISCO",17601,,14,0,0,14,6,0.42857142857142855
"ISLA, VERACRUZ",71702,ISLA 717 RAUL SANDOVAL,7,0,0,7,3,0.42857142857142855
OXKUTZCAB,120901,,14,0,0,14,6,0.42857142857142855
IZTAPALAPA D.F.,31001,IZTP 310 MUE SANTA MARTHA,15,0,0,14,6,0.42857142857142855
"TANGANCICUARO, MICH",82101,,12,0,0,14,6,0.42857142857142855
ALAMO TEMAPACHE,300678,,6,0,0,7,3,0.42857142857142855
"SAHUAYO, MICHOA",81201,,13,1,0.07692307692307693,14,6,0.42857142857142855
TEJUPILCO EDO MEX,48902,,14,0,0,14,6,0.42857142857142855
OZUMBA,99501,OZMB 995 MUE ALZATE,13,1,0.07692307692307693,14,6,0.42857142857142855
SN FELIPE D PROGRESO,674301,,15,0,0,14,6,0.42857142857142855
"CD GUZMAN, JAL",50402,,7,1,0.14285714285714285,7,3,0.42857142857142855
"MATAMOROS, TAM.",659102,MTMS 6591 ROP PATIO MATAMOROS,7,0,0,7,3,0.42857142857142855
"REYNOSA, TAM.",85702,RYNS 857 ROP PERIFERICO,29,1,0.034482758620689655,28,12,0.42857142857142855
"CAMPECHE, CAMPE",101902,,15,0,0,14,6,0.42857142857142855
"TEPEACA, PUE",89702,,23,0,0,21,9,0.42857142857142855
"RIO GRANDE, ZACATECA",123701,,12,0,0,14,6,0.42857142857142855
CARMEN N.L.,777701,ECMN 7777 MUE BUENAVISTA,15,0,0,14,6,0.42857142857142855
"TALA, JAL",777102,,6,0,0,7,3,0.42857142857142855
LA PEÑITA DE JALTEMB,783601,,14,0,0,14,6,0.42857142857142855
SALINAS VICTORIA NL,72702,SVIC 727 MIRAPLAZA,7,0,0,7,3,0.42857142857142855
GUADALAJARA JAL,97902,,14,2,0.14285714285714285,14,6,0.42857142857142855
"IXTAPALUCA, E.M",74502,IXTP 745 ZARAGOZA,2,0,0,7,3,0.42857142857142855
"IXTAPALUCA, E.M",44701,IXTP MUE 447 PLAZA SENDERO,14,0,0,14,6,0.42857142857142855
GUADALAJARA JAL,51102,,6,0,0,7,3,0.42857142857142855
CIUDAD HIDALGO CHIAP,664002,,12,0,0,14,6,0.42857142857142855
"MONTERREY, N.L.",49601,MTRY 496 MUE MITRAS,13,1,0.07692307692307693,14,6,0.42857142857142855
AGUAPRIETA SON,356907,AGPT INVENTARIOS ZONA I,6,1,0.16666666666666666,7,3,0.42857142857142855
CULIACAN SIN.,63302,CLCN 633 -642 CANADA CUL,7,0,0,7,3,0.42857142857142855
"ENSENADA, BCN",11001,ENSD 110 MUE JUAREZ VI,19,0,0,21,9,0.42857142857142855
CULIACAN SIN.,202,,38,1,0.02631578947368421,7,3,0.42857142857142855
"CD OBREGON, SON",13102,CDOB 131 ROP ELIAS CALLES,14,0,0,14,6,0.42857142857142855
HUIMANGUILLO TA,33402,HMGO 334 ROP JUAREZ,16,0,0,14,6,0.42857142857142855
CUNDUACAN TABAS,35502,CNDN 355 ROP UNIVERSIDAD,15,2,0.13333333333333333,14,6,0.42857142857142855
TAPACHULA CHIAP,58602,TPCH 586 -516 CANADA TAPA,7,0,0,7,3,0.42857142857142855
"PUEBLA, PUEBLA.",663401,,13,0,0,14,6,0.42857142857142855
"TECAMAC, EDO ME",70302,,7,0,0,7,3,0.42857142857142855
"TEPEJI D RIO D O,HGO",300417,,6,0,0,7,3,0.42857142857142855
CULIACAN SIN.,20401,CLCN 204 MUE HUMAYA,13,0,0,14,6,0.42857142857142855
"ISLA, VERACRUZ",71702,,8,0,0,7,3,0.42857142857142855
"QUERETARO, QRO.",55102,,7,0,0,7,3,0.42857142857142855
ZACATLAN D L MA,656702,,7,0,0,7,3,0.42857142857142855
"CATEMACO, VERACRUZ",76702,CTMO 767 ROP CARRANZA,7,0,0,7,3,0.42857142857142855
NAUCALPAN EDO MEX,140801,NCPN 1408 MUE SAN ESTEBAN,14,1,0.07142857142857142,14,6,0.42857142857142855
CUAUTITLAN IZCA,17301,,14,0,0,14,6,0.42857142857142855
BENITO JUAREZ QROO,26801,,12,1,0.08333333333333333,14,6,0.42857142857142855
OXKUTZCAB,120901,OKTB 1209 MUE ERMITA,14,1,0.07142857142857142,14,6,0.42857142857142855
ESCARCEGA,103702,ESCG 1037 ROP JUSTO GUERRA,20,2,0.1,21,9,0.42857142857142855
"XALAPA,VERACRUZ",72902,,6,2,0.3333333333333333,7,3,0.42857142857142855
"MONTERREY, N.L.",49601,,14,0,0,14,6,0.42857142857142855
"CD JUAREZ, CHIU",658602,,14,0,0,14,6,0.42857142857142855
AZCAPOTZALCO DF,119902,AZCP 1199 ROP EL ROSARIO,6,1,0.16666666666666666,7,3,0.42857142857142855
CHIMALHUACAN EM,61602,,8,0,0,7,3,0.42857142857142855
VILLAHERMOSA,67602,,6,3,0.5,7,3,0.42857142857142855
"PIEDRAS NEGRAS, COAH",28302,PNGS 283 ROP PLAZA FIESTA,20,3,0.15,21,9,0.42857142857142855
"XALAPA,VERACRUZ",137101,,15,0,0,14,6,0.42857142857142855
"DURANGO, DGO.",308103,DRGO ZONA III,4,1,0.25,7,3,0.42857142857142855
NICOLAS ROMERO E MEX,108001,,13,1,0.07692307692307693,14,6,0.42857142857142855
AUTLAN DE NAVARRO,96801,ATLN 968 MUE CORONA,22,1,0.045454545454545456,21,9,0.42857142857142855
NAUCALPAN EDO MEX,140801,,13,1,0.07692307692307693,14,6,0.42857142857142855
"PURUANDIRO, MICH",121801,PRND 1218 MUE VILLALONGIN,13,0,0,14,6,0.42857142857142855
MUGICA MICH,127302,MGCA 1273 ROP CARDENAS,15,0,0,14,6,0.42857142857142855
NAUCALPAN EDO MEX,124701,,7,1,0.14285714285714285,7,3,0.42857142857142855
"CAMPECHE, CAMPE",101902,CMPE 1019 ROP SAN RAFAEL,14,1,0.07142857142857142,14,6,0.42857142857142855
TAPACHULA CHIAP,58602,,7,0,0,7,3,0.42857142857142855
"TEPEJI D RIO D O,HGO",300417,TPJI INVENTARIOS ZONA I,6,0,0,7,3,0.42857142857142855
"EL FUERTE, SIN",37401,FRTE 374 MUE OBREGON,14,1,0.07142857142857142,14,6,0.42857142857142855
SAN RAFAEL VERACRUZ,663801,,15,0,0,14,6,0.42857142857142855
"CD JUAREZ, CHIU",786302,CDJZ 7863 ROP SENDERO LAS TORR,21,0,0,21,9,0.42857142857142855
GUSTAVO A MADERO DF,664201,,10,1,0.1,7,3,0.42857142857142855
"CD MADERO, TAMA",100902,,13,1,0.07692307692307693,14,6,0.42857142857142855
S JOSE DEL CABO,761801,SNJC 7618 MUE VISTA HERMOSA,14,0,0,14,6,0.42857142857142855
LERMA DE VILLADA EDM,33901,LERM 339 MUE SENDERO,19,1,0.05263157894736842,21,9,0.42857142857142855
"REYNOSA, TAM.",85702,,29,1,0.034482758620689655,28,12,0.42857142857142855
CABO SAN LUCAS,99002,CSLC 990 ROP CABO NORTE,7,0,0,7,3,0.42857142857142855
CABO SAN LUCAS,793801,CSLC 7938 MUE PASEO PACIFICO,13,0,0,14,6,0.42857142857142855
"TOLUCA, EDO MEX",108202,TOLC 1082 ROP COLON,6,0,0,7,3,0.42857142857142855
ATIZAPAN DE ZAR,761302,,14,1,0.07142857142857142,14,6,0.42857142857142855
"MAPASTEPEC, CHIAPAS",659602,,15,0,0,14,6,0.42857142857142855
CD DEL CARMEN,49502,,14,1,0.07142857142857142,14,6,0.42857142857142855
HUIMANGUILLO TA,33402,,16,1,0.0625,14,6,0.42857142857142855
"GOMEZ PAL, DGO.",79902,,6,1,0.16666666666666666,7,3,0.42857142857142855
A. OBREGON D.F.,141102,,14,0,0,14,6,0.42857142857142855
"GUASAVE, SIN.",101801,GSVE 1018 MUE BAMOA,13,0,0,14,6,0.42857142857142855
AZCAPOTZALCO DF,119902,,7,0,0,7,3,0.42857142857142855
"GUASAVE, SIN.",801,GSVE 8 MUE CARRASCO,26,0,0,28,12,0.42857142857142855
CIUDAD HIDALGO CHIAP,664002,CDHO 6640 ROP CIUDAD HIDALGO,12,0,0,14,6,0.42857142857142855
CUNDUACAN TABAS,35502,,14,1,0.07142857142857142,14,6,0.42857142857142855
TEXCOCO EDO MEX,70502,,8,1,0.125,7,3,0.42857142857142855
COMITAN D D CHI,780801,,13,1,0.07692307692307693,14,6,0.42857142857142855
ALAMO TEMAPACHE,300678,ALMT INVENTARIOS ZONA I,6,1,0.16666666666666666,7,3,0.42857142857142855
"OCOSINGO, CHIAPAS",100801,OCSG 1008 MUE PERIFERICO,20,1,0.05,21,9,0.42857142857142855
ZACATLAN D L MA,656702,ZCTL 6567 ROP FRANCISCO COSIO,7,0,0,7,3,0.42857142857142855
CARLOS A CARRILLO VE,772402,,7,2,0.2857142857142857,7,3,0.42857142857142855
"TEPIC, NAY",2102,TPIC 21 ROP PUEBLA,41,3,0.07317073170731707,40,17,0.425
AGUAPRIETA SON,24002,AGPT 240 ROP CALLE 13,24,2,0.08333333333333333,26,11,0.4230769230769231
"CHIHUAHUA, CHI",21002,CHUA 210 ROP FUENTES MARES,27,0,0,26,11,0.4230769230769231
COMITAN D D CHI,32601,CMTN 326 MUE DOMINGUEZ,22,2,0.09090909090909091,26,11,0.4230769230769231
"CHIHUAHUA, CHI",21002,,26,1,0.038461538461538464,26,11,0.4230769230769231
"CD JUAREZ, CHIU",102,,24,3,0.125,26,11,0.4230769230769231
"DOLORES HIDALGO,GTO",38401,,18,1,0.05555555555555555,19,8,0.42105263157894735
"NAVOJOA, SON.",11902,,18,1,0.05555555555555555,19,8,0.42105263157894735
"CD SERDAN, PUEBLA",102301,CDSN 1023 MUE REVOLUCION,19,0,0,19,8,0.42105263157894735
"TLAXIACO, OAX",108101,TLXI 1081 MUE HIPODROMO,18,2,0.1111111111111111,19,8,0.42105263157894735
"TEPIC, NAY",14102,TPIC 141 ROP LA CIGARRERA,19,0,0,19,8,0.42105263157894735
"TECOMAN, COLIMA",14602,,18,1,0.05555555555555555,19,8,0.42105263157894735
"LA BARCA, JAL.",5001,,19,2,0.10526315789473684,19,8,0.42105263157894735
"TEPIC, NAY",14102,,19,1,0.05263157894736842,19,8,0.42105263157894735
"TORREON, COAH.",2701,,18,0,0,19,8,0.42105263157894735
"ENSENADA, BCN",7702,,17,1,0.058823529411764705,19,8,0.42105263157894735
ZACATLAN D L MA,36601,,19,0,0,19,8,0.42105263157894735
"SOLEDAD DE DOBLADO,",798901,SDBL 7989 MUE SOLEDAD DE DOBLA,14,2,0.14285714285714285,19,8,0.42105263157894735
"NARANJOS, VER",107301,,19,1,0.05263157894736842,19,8,0.42105263157894735
ZACATLAN D L MA,36601,ZCTL 366 MUE CABRERA,19,2,0.10526315789473684,19,8,0.42105263157894735
"TUXPAN,VERACRUZ",136902,TXPN 1369 ROP CUAUHTEMOC,10,3,0.3,12,5,0.4166666666666667
PONCITLAN,115801,PNTL 1158 MUE DONATO GUERRA,12,0,0,12,5,0.4166666666666667
S FCO D RINCON,771802,,12,0,0,12,5,0.4166666666666667
TLAQUEPAQUE,17502,TLQP 175 ROP GOBERNADOR,14,0,0,12,5,0.4166666666666667
CHICOLOAPAN EM,44102,SNVC 441 ROP ENCINO,12,0,0,12,5,0.4166666666666667
"LEON, GTO.",111502,,12,0,0,12,5,0.4166666666666667
S FCO D RINCON,771802,SNFR 7718 ROP GALERIAS METROPO,12,1,0.08333333333333333,12,5,0.4166666666666667
"TULANCINGO, HGO",143402,TNGO 1434 ROP PATIO TULANCINGO,11,1,0.09090909090909091,12,5,0.4166666666666667
CHICOLOAPAN EM,44102,,12,0,0,12,5,0.4166666666666667
"ZACUALTIPAN, HIDALGO",775001,ZCTL 7750 MUE FELIPE ANGELES,11,1,0.09090909090909091,12,5,0.4166666666666667
"TONALA,JALISCO",135202,TNLA 1352 ROP TONALTECAS,12,1,0.08333333333333333,12,5,0.4166666666666667
"TONALA,JALISCO",135201,TNLA 1352 MUE TONALTECAS,12,0,0,12,5,0.4166666666666667
"CD JUAREZ, CHIU",149401,CDJZ 1494 MUE MINA,12,0,0,12,5,0.4166666666666667
IXMIQUILPAN HDG,50601,IXMQ 506 MUE PLAZA IXMIQUILPAN,12,1,0.08333333333333333,12,5,0.4166666666666667
"COLIMA, COL.",38001,CLMA 380 MUE PLACETAS,13,0,0,12,5,0.4166666666666667
"TULTITLAN,EDO M",17402,TTLN 174 ROP SAN ANTONIO,12,1,0.08333333333333333,12,5,0.4166666666666667
"APASEO EL ALTO, GTO",768502,,13,0,0,12,5,0.4166666666666667
"CD JUAREZ, CHIU",30201,CDJZ MUE 302 PONCIANO ARR,12,0,0,12,5,0.4166666666666667
ECATEPEC DE MOR,48002,ECTP 480 ROP PABELLON,12,1,0.08333333333333333,12,5,0.4166666666666667
VENUSTIANO C.DF,138101,,12,0,0,12,5,0.4166666666666667
IXMIQUILPAN HDG,50602,,12,1,0.08333333333333333,12,5,0.4166666666666667
TLALPAN D.F.,786402,,12,1,0.08333333333333333,12,5,0.4166666666666667
IXMIQUILPAN HDG,50601,,12,0,0,12,5,0.4166666666666667
"PACHUCA,HIDALGO",765102,PCHC 7651 ROP BONFIL,11,1,0.09090909090909091,12,5,0.4166666666666667
"XALAPA,VERACRUZ",108602,,14,0,0,12,5,0.4166666666666667
"DURANGO, DGO.",126801,,11,1,0.09090909090909091,12,5,0.4166666666666667
"CD JUAREZ, CHIU",5601,CDJZ 56 MUE PLAZA JUAREZ,13,0,0,12,5,0.4166666666666667
ECATEPEC DE MOR,45102,,12,0,0,12,5,0.4166666666666667
ECATEPEC DE MOR,48002,,12,0,0,12,5,0.4166666666666667
IZTACALCO D.F,93302,,12,0,0,12,5,0.4166666666666667
CUAUTITLAN IZCA,141901,CTLZ 1419 MUE ARKANA,13,0,0,12,5,0.4166666666666667
"LEON, GTO.",111502,LEON 1115 ROP SAN JUAN BOSCO,12,0,0,12,5,0.4166666666666667
"TELOLOAPAN, GRO",87602,,12,0,0,12,5,0.4166666666666667
"IXTAPALUCA, E.M",766502,,12,1,0.08333333333333333,12,5,0.4166666666666667
"HUITZUCO, GUERRERO",781401,,12,0,0,12,5,0.4166666666666667
"IRAPUATO, GTO.",35202,IRPT 352 ROP DIAZ ORDAZ,13,0,0,12,5,0.4166666666666667
SN SALVADOR HUIXCOLO,663701,#N/A,13,0,0,12,5,0.4166666666666667
CHALCO EDO MEX,143701,,11,0,0,12,5,0.4166666666666667
"NOGALES, SONORA",6301,,11,0,0,12,5,0.4166666666666667
GUADALAJARA JAL,84602,GDLJ 846 ROP 8 DE JULIO,11,1,0.09090909090909091,12,5,0.4166666666666667
"CD OBREGON, SON",16401,,12,1,0.08333333333333333,12,5,0.4166666666666667
"CHAHUITES, OAXACA",776502,CHHE 7765 ROP LOS MANGOS,12,1,0.08333333333333333,12,5,0.4166666666666667
"GUERRERO, CHIH",762901,GURO 7629 MUE JUAREZ,12,0,0,12,5,0.4166666666666667
VENUSTIANO C.DF,138101,VCZA 1381 MUE SONORA,12,0,0,12,5,0.4166666666666667
TLALPAN D.F.,786402,TLPN 7864 ROP PUERTA AJUSCO,12,0,0,12,5,0.4166666666666667
"PARRAS, COAH",770201,,12,0,0,12,5,0.4166666666666667
"TONALA,JALISCO",135202,,12,0,0,12,5,0.4166666666666667
"TONALA,JALISCO",135201,,11,0,0,12,5,0.4166666666666667
TLAJOMULCO DE Z,31702,,12,0,0,12,5,0.4166666666666667
"SAYULA, JAL",107501,,12,0,0,12,5,0.4166666666666667
"SOTO LA MARINA, TAM",796502,SMAR 7965 ROP SOTO LA MARINA,12,0,0,12,5,0.4166666666666667
"TOLUCA, EDO MEX",57302,,11,0,0,12,5,0.4166666666666667
"TELOLOAPAN, GRO",87602,TLLP 876 ROP CLUB DE LEONES,12,0,0,12,5,0.4166666666666667
"CD GUZMAN, JAL",32401,,11,1,0.09090909090909091,12,5,0.4166666666666667
JIUTEPEC MORELO,664301,#N/A,13,0,0,12,5,0.4166666666666667
CHIMALHUACAN EM,667101,,13,1,0.07692307692307693,12,5,0.4166666666666667
LA PEÑITA DE JALTEMB,783602,,12,1,0.08333333333333333,12,5,0.4166666666666667
"NAVOLATO, SIN.",654201,NVLT 1542 MUE VILLA JUAREZ,14,3,0.21428571428571427,12,5,0.4166666666666667
SAN NICOLAS N.L,119501,SNNG 1195 MUE LAS PUENTES,12,1,0.08333333333333333,12,5,0.4166666666666667
CHALCO EDO MEX,143701,CHLC 1437 MUE VICENTE GUERRERO,10,1,0.1,12,5,0.4166666666666667
"NAVOLATO, SIN.",654201,,15,0,0,12,5,0.4166666666666667
"COATZINTLA, VER",136801,,11,0,0,12,5,0.4166666666666667
"LOS REYES, MICH",123502,,13,0,0,12,5,0.4166666666666667
"FRESNILLO, ZAC.",769002,,12,1,0.08333333333333333,12,5,0.4166666666666667
REFORMA CHIAPAS,118202,RFMA 1182 ROP LOPEZ MATEOS,13,0,0,12,5,0.4166666666666667
AGUASCALIENTES,4901,,12,0,0,12,5,0.4166666666666667
"TULTITLAN,EDO M",17402,,11,0,0,12,5,0.4166666666666667
"TIJUANA, BCN",9902,TJNA 99 ROP GATO BRONCO,11,1,0.09090909090909091,12,5,0.4166666666666667
NAUCALPAN EDO MEX,46102,NCPN 461 ROP ARENERA,13,1,0.07692307692307693,12,5,0.4166666666666667
SAN JUAN D RIO,145502,,12,0,0,12,5,0.4166666666666667
A. OBREGON D.F.,16702,ALOB 167 ROP OBSERVATORIO,12,0,0,12,5,0.4166666666666667
"CHAHUITES, OAXACA",776502,,12,1,0.08333333333333333,12,5,0.4166666666666667
CUAUTITLAN IZCA,18702,,12,0,0,12,5,0.4166666666666667
CUAUTITLAN IZCA,141901,,13,0,0,12,5,0.4166666666666667
CADEREYTA DE MONTES,777802,,12,0,0,12,5,0.4166666666666667
"NOGALES, SONORA",6301,NGLS 63 MUE ELIAS C II,11,1,0.09090909090909091,12,5,0.4166666666666667
MEOQUI,781502,,12,0,0,12,5,0.4166666666666667
"TUXPAN,VERACRUZ",136902,,13,0,0,12,5,0.4166666666666667
"GUERRERO, CHIH",762901,,12,0,0,12,5,0.4166666666666667
"CD JUAREZ, CHIU",149401,,11,0,0,12,5,0.4166666666666667
"CD JUAREZ, CHIU",30201,,12,0,0,12,5,0.4166666666666667
"CD JUAREZ, CHIU",5601,,12,1,0.08333333333333333,12,5,0.4166666666666667
"SAYULA, JAL",107501,SYUL 1075 MUE 16 DE SEPTIEMBRE,12,1,0.08333333333333333,12,5,0.4166666666666667
"MONCLOVA, COAH.",16301,MNCV 163 MUE HUEMAC,11,2,0.18181818181818182,12,5,0.4166666666666667
"MERIDA, YUCATAN",31402,MRDA 314 ROP PLAZA FIESTA,11,1,0.09090909090909091,12,5,0.4166666666666667
"APAXCO, EDO DE MEX",122002,APXC 1220 ROP JUAREZ,12,0,0,12,5,0.4166666666666667
"SOTO LA MARINA, TAM",796502,,12,0,0,12,5,0.4166666666666667
NAUCALPAN EDO MEX,46102,,13,0,0,12,5,0.4166666666666667
"XALAPA,VERACRUZ",782301,,12,0,0,12,5,0.4166666666666667
"CD JUAREZ, CHIU",58702,CDJZ 587 PLZ LAS TORRES,12,1,0.08333333333333333,12,5,0.4166666666666667
REFORMA CHIAPAS,118202,,12,0,0,12,5,0.4166666666666667
SAN JUAN D RIO,145502,SNJR 1455 ROP PLAZA GALERIAS,12,0,0,12,5,0.4166666666666667
"TOLUCA, EDO MEX",57302,TOLC 573 RAYON,11,1,0.09090909090909091,12,5,0.4166666666666667
"MANZANILLO, COL",70201,MZLL 702 MUE VALLE DE L GARZAS,10,1,0.1,12,5,0.4166666666666667
"MAZATLAN, SIN.",3002,,27,2,0.07407407407407407,29,12,0.41379310344827586
"GUAMUCHIL, SIN.",901,GMCH 9 MUE DE LA TORRE,26,2,0.07692307692307693,29,12,0.41379310344827586
S FCO D RINCON,21801,,19,2,0.10526315789473684,17,7,0.4117647058823529
"TLAXIACO, OAX",108102,,17,0,0,17,7,0.4117647058823529
"TEMIXCO, MORELOS",86901,,15,0,0,17,7,0.4117647058823529
"APIZACO, TLAX",101101,APZC 1011 MUE 16 DE SEPTIEMBRE,16,0,0,17,7,0.4117647058823529
SANTA LUCIA DEL CAMI,117502,,15,2,0.13333333333333333,17,7,0.4117647058823529
"MINATITLAN, VER",794302,,16,0,0,17,7,0.4117647058823529
"PUEBLA, PUEBLA.",37301,PBLA 373 MUE BOSQUES,17,1,0.058823529411764705,17,7,0.4117647058823529
"TLAXIACO, OAX",108102,TLXI 1081 ROP HIPODROMO,17,1,0.058823529411764705,17,7,0.4117647058823529
OAXACA OAXACA,38502,,16,0,0,17,7,0.4117647058823529
OAXACA OAXACA,38502,OAXC 385 ROP SANTA ROSA,16,1,0.0625,17,7,0.4117647058823529
"CORDOBA, VER.",655002,,15,0,0,17,7,0.4117647058823529
"LA BARCA, JAL.",5002,,17,0,0,17,7,0.4117647058823529
MOTUL,36701,,16,1,0.0625,17,7,0.4117647058823529
GUSTAVO A MADERO DF,18402,GAMD 184 ROP CUAUTEPEC,16,1,0.0625,17,7,0.4117647058823529
"TUXPAN, NAYARIT",48601,,15,2,0.13333333333333333,17,7,0.4117647058823529
"CAMPECHE, CAMPE",101901,,16,2,0.125,17,7,0.4117647058823529
CULIACAN SIN.,1302,,14,1,0.07142857142857142,17,7,0.4117647058823529
EL ORO ESTADO DE MEX,666302,,16,0,0,17,7,0.4117647058823529
"TULTITLAN,EDO M",87101,,17,0,0,17,7,0.4117647058823529
"ALTAMIRANO, GUERRERO",105302,,17,0,0,17,7,0.4117647058823529
"JILOTEPEC, EDO MEX",48402,,16,1,0.0625,17,7,0.4117647058823529
"CORDOBA, VER.",655002,CRDB 6550 ROP AVENIDA 2,15,0,0,17,7,0.4117647058823529
CHETUMAL QROO,651401,CHTM 1514 MUE COROZAL,16,0,0,17,7,0.4117647058823529
EL ORO ESTADO DE MEX,666302,#N/A,16,0,0,17,7,0.4117647058823529
"ALTAMIRANO, GUERRERO",105302,ALTN 1053 ROP CARDENAS,17,0,0,17,7,0.4117647058823529
"MARAVATIO, MICH",101402,MRVT 1014 ROP LIBRAMIENTO,17,0,0,17,7,0.4117647058823529
GUSTAVO A MADERO DF,18402,,16,0,0,17,7,0.4117647058823529
CUAUHTEMOC D.F.,140202,,15,0,0,17,7,0.4117647058823529
"MORELIA, MICH.",98701,MORL 987 MUE ESTADIO,16,0,0,17,7,0.4117647058823529
CHALCO EDO MEX,40901,,19,0,0,22,9,0.4090909090909091
"MINATITLAN, VER",14301,,19,0,0,22,9,0.4090909090909091
"GARCIA, NUEVO LEON",104001,,21,0,0,22,9,0.4090909090909091
CUAUTLA MORELOS,22001,CTLA 220 MUE ARTILLERO,19,1,0.05263157894736842,22,9,0.4090909090909091
"GARCIA, NUEVO LEON",104001,GRCI 1040 MUE LAS ARBOLEDAS,21,0,0,22,9,0.4090909090909091
"CARDEL, VER",95202,CADL 952 ROP ZAPATA,20,0,0,22,9,0.4090909090909091
CD CONSTITUCION,47702,,21,3,0.14285714285714285,22,9,0.4090909090909091
"CARDEL, VER",95202,,20,0,0,22,9,0.4090909090909091
CULIACAN SIN.,23002,,25,1,0.04,27,11,0.4074074074074074
"DURANGO, DGO.",668701,,5,0,0,5,2,0.4
"MOROLEON, GTO",792901,,3,2,0.6666666666666666,5,2,0.4
CHIMALHUACAN EM,672201,#N/A,5,0,0,5,2,0.4
"OCOTLAN, JAL",787601,OCTL 7876 MUE OCOTLAN,5,0,0,5,2,0.4
"TULTITLAN,EDO M",671101,TTLN 6711 MUE TULTITLAN,5,0,0,5,2,0.4
AZCAPOTZALCO DF,126702,AZCP 1267 ROP PABELLON AZCAPOT,11,0,0,10,4,0.4
SAN ANDRES TUXTLA,61202,,10,0,0,10,4,0.4
"ZAMORA, MICH.",650102,ZMRA 1501 ROP SENTURA,5,0,0,5,2,0.4
"CD VICTORIA,TAM",315001,,5,0,0,5,2,0.4
"TEPATITLAN,JAL",27201,TPTN 272 MUE TEPATITLAN,14,0,0,15,6,0.4
IXMIQUILPAN HDG,786901,IXMQ 7869 MUE IXMIQUILPAN,3,2,0.6666666666666666,5,2,0.4
"TUXTEPEC, OAX",665501,,5,0,0,5,2,0.4
"PROGRESO DE OBR, HGO",786701,PROG 7867 MUE PROGRESO,4,0,0,5,2,0.4
"PROGRESO DE OBR, HGO",786701,,4,0,0,5,2,0.4
"ACAMBARO, GTO",797101,,5,0,0,5,2,0.4
"COMONFORT, GTO",103602,CMNF 1036 ROP COMONFORT,15,0,0,15,6,0.4
IXMIQUILPAN HDG,786901,,5,0,0,5,2,0.4
COACALCO DE BAR,143001,CCLC 1430 MUE LAS FLORES,11,0,0,10,4,0.4
"URIANGATO, GTO",47402,URGT 474 ROP GALERIAS,14,0,0,15,6,0.4
NEZAHUALCOYOTL,794801,,11,0,0,10,4,0.4
"LORETO, ZAC",300657,LOTO INVENTARIOS ZONA I3,3,0,0,5,2,0.4
TAMAZUNCHALE,674901,#N/A,5,0,0,5,2,0.4
NEZAHUALCOYOTL,319101,,3,0,0,5,2,0.4
RINCON DE ROMOS,102902,RNCN 1029 ROP MORELOS,16,0,0,15,6,0.4
"TIJUANA, BCN",36901,,16,0,0,15,6,0.4
SOLEDAD DE G S,28902,SGRN 289 ROP LOS PINOS,13,2,0.15384615384615385,15,6,0.4
CUAUTITLAN IZCA,317902,CTLZ REGIONAL,7,1,0.14285714285714285,10,4,0.4
"ACAMBARO, GTO",797101,ACBO 7971 MUE SALVATIERRA,5,0,0,5,2,0.4
"TIJUANA, BCN",67202,,8,0,0,10,4,0.4
"ZACATECAS, ZAC",308301,ZCTS ZONA,5,0,0,5,2,0.4
JOSE AZUETA GRO,356962,ZIHT INVENTARIOS ZONA I,4,0,0,5,2,0.4
"TIJUANA, BCN",135702,,8,1,0.125,10,4,0.4
"ZACATEPEC DE HGO,MOR",86302,,9,0,0,10,4,0.4
"ZARAGOZA, PUE",130502,ZAZA 1305 ROP MORELOS,10,1,0.1,10,4,0.4
JOSE AZUETA GRO,32302,ZIHT 323 ROP MORELOS,19,0,0,20,8,0.4
"EMILIANO ZAPATA, VER",121001,EMZT 1210 MUE LAS TRANCAS,13,0,0,15,6,0.4
HUEJOTZINGO,112502,HJTZ 1125 ROP AV MARTINEZ,15,2,0.13333333333333333,15,6,0.4
"LEON, GTO.",11102,LEON 111 ROP PZA PRINCIPAL,15,0,0,15,6,0.4
"GUASAVE, SIN.",799501,,5,0,0,5,2,0.4
JIUTEPEC MORELO,666101,,5,0,0,5,2,0.4
"APIZACO, TLAX",300225,APZC INVENTARIOS ZONA I,4,0,0,5,2,0.4
"IXTAPALUCA, E.M",670701,,4,1,0.25,5,2,0.4
"IGUALA,GUERRERO",131701,,14,0,0,15,6,0.4
TEZIUTLAN,59002,TZTL 590 -529 CANADA TEZ,12,2,0.16666666666666666,10,4,0.4
NANCHITAL DE LAZARO,132302,,14,0,0,15,6,0.4
"MINATITLAN, VER",310102,,3,0,0,5,2,0.4
S JOSE DEL CABO,132102,,6,0,0,5,2,0.4
"PUEBLA, PUEBLA.",677601,,5,0,0,5,2,0.4
CHIAUTLA DE TAPIA,125101,CHTL 1251 MUE 5 DE MAYO,10,0,0,10,4,0.4
GUADALAJARA JAL,302701,GDLJ ZONA II,5,0,0,5,2,0.4
"URUAPAN, MICH.",48701,,15,0,0,15,6,0.4
"AMOZOC, PUEBLA",79302,AMZC 793 CHAPULTEPEC,10,1,0.1,10,4,0.4
"CD SERDAN, PUEBLA",300227,CDSN INVENTARIOS ZONA I,5,0,0,5,2,0.4
"RIO GRANDE, OAX",764801,,18,0,0,15,6,0.4
"APIZACO, TLAX",300225,,4,0,0,5,2,0.4
NEZAHUALCOYOTL,319101,NZTL ZONA,4,0,0,5,2,0.4
"ZACATECAS, ZAC",308301,,5,0,0,5,2,0.4
TAMAZUNCHALE,674901,,5,0,0,5,2,0.4
"RIO GRANDE, OAX",764801,RIOG 7648 MUE AV PUEBLA,16,0,0,15,6,0.4
"ZAMORA, MICH.",650102,,5,0,0,5,2,0.4
SOLEDAD DE G S,28902,,15,0,0,15,6,0.4
SANTIAGO JUXTLAHUACA,128402,SJXT 1284 ROP LAZARO CARDENAS,14,1,0.07142857142857142,15,6,0.4
"TOLUCA, EDO MEX",6401,,19,0,0,20,8,0.4
BAHIAS DE HUATULCO,788201,BHTC 7882 MUE BAHIAS DE HUATUL,5,0,0,5,2,0.4
"TEPIC, NAY",119601,TPIC 1196 MUE LA CANTERA,14,0,0,15,6,0.4
HUAJUAPAN D LEON OAX,300624,HJPN INVENTARIOS ZONA I,6,0,0,5,2,0.4
TIERRA BLANCA,787701,TBCA 7877 MUE TIERRA BLANCA,4,2,0.5,5,2,0.4
"TEPATITLAN,JAL",27201,,14,0,0,15,6,0.4
OAXACA OAXACA,798601,OAXC 7986 MUE PLAZA BELLA,4,1,0.25,5,2,0.4
"JIMENEZ, CHIH",300595,JMNZ INVENTARIOS ZONA I,4,0,0,5,2,0.4
"CORDOBA, VER.",651101,,14,0,0,5,2,0.4
OAXACA OAXACA,652601,OAXC 6526 MUE OAXACA,15,0,0,15,6,0.4
"TUXTEPEC, OAX",665501,TXTP 6655 MUE TUXTEPEC,5,1,0.2,5,2,0.4
"OCOTLAN, JAL",787601,,5,0,0,5,2,0.4
OAXACA OAXACA,798601,,4,0,0,5,2,0.4
"DE LAS CHOAPAS, VER",676401,,5,0,0,5,2,0.4
ACAXOCHITLAN,672901,,13,1,0.07692307692307693,10,4,0.4
"CD GUZMAN, JAL",300518,,5,0,0,5,2,0.4
"ARMERIA, COLIMA",127202,,5,0,0,5,2,0.4
"REYNOSA, TAM.",300683,RYNS INVENTARIOS ZONA II,4,0,0,5,2,0.4
"ZAPOPAN, JAL.",782202,,11,1,0.09090909090909091,10,4,0.4
NICOLAS ROMERO E MEX,331501,NRMR ZONA,5,0,0,5,2,0.4
JIUTEPEC MORELO,666101,#N/A,5,0,0,5,2,0.4
"TORREON, COAH.",775301,,15,1,0.06666666666666667,15,6,0.4
CUAUTLA MORELOS,778402,CTLA 7784 ROP REVOLUCION,14,0,0,15,6,0.4
CIUDAD MANTE,780101,CDMT 7801 MUE MOTOS CD MANTE,5,0,0,5,2,0.4
"CD VICTORIA,TAM",315001,CDVC ZONA,5,1,0.2,5,2,0.4
"IGUALA,GUERRERO",131701,IGLA 1317 MUE VALLE ESCONDIDO,14,0,0,15,6,0.4
CD CUAUHTEMOC,8002,CDCC 80 ROP ALLENDE,15,1,0.06666666666666667,15,6,0.4
GUADALAJARA JAL,302701,,5,0,0,5,2,0.4
GENERAL ESCOBED,659302,GESC 6593 ROP SENDERO ESCOBEDO,6,0,0,5,2,0.4
STA CATARINA NL,683002,#N/A,11,1,0.09090909090909091,5,2,0.4
ESCARCEGA,300472,,4,0,0,5,2,0.4
"NARANJOS, VER",791801,,5,0,0,5,2,0.4
SAN JUAN DLL JA,677501,,5,0,0,5,2,0.4
"SALTILLO, COAH.",5102,SALT 51 ROP ALDAMA,16,0,0,15,6,0.4
"LORETO, ZAC",300657,,3,0,0,5,2,0.4
IXTAPAN DE LA SAL,59702,,10,0,0,10,4,0.4
"ENSENADA, BCN",302603,ENSD ZONA III,6,1,0.16666666666666666,5,2,0.4
CULIACAN SIN.,779802,CLCN 7798 ROP EXPLANADA CULIAC,9,1,0.1111111111111111,10,4,0.4
"CALIMAYA, EDO DE MEX",784002,,10,0,0,10,4,0.4
"PALENQUE, CHIAPAS",786201,PLNQ 7862 MUE PALENQUE,5,1,0.2,5,2,0.4
"TIJUANA, BCN",325501,TJNA ZONA,4,0,0,5,2,0.4
HUIMANGUILLO TA,33401,HMGO 334 MUE JUAREZ,19,1,0.05263157894736842,20,8,0.4
CUNDUACAN TABAS,300247,CNDN INVENTARIOS ZONA I,4,0,0,5,2,0.4
CIUDAD DE HIDALGO,94501,,20,0,0,20,8,0.4
"ARCELIA, GERRERO",74302,,10,0,0,10,4,0.4
"APATZINGAN,MICH",791301,,5,0,0,5,2,0.4
"TIJUANA, BCN",67202,TJNA 672 -819 CANADA TIJ,8,0,0,10,4,0.4
"TULTITLAN,EDO M",671101,,5,0,0,5,2,0.4
"MONTERREY, N.L.",317503,,4,1,0.25,5,2,0.4
TULTEPEC,94301,,13,2,0.15384615384615385,15,6,0.4
CHIAUTLA DE TAPIA,125101,,10,0,0,10,4,0.4
VILLAHERMOSA,300237,VLLH INVENTARIOS ZONA II,5,0,0,5,2,0.4
"TULA, HIDALGO",300414,,4,0,0,5,2,0.4
"TIJUANA, BCN",18102,,15,1,0.06666666666666667,15,6,0.4
TEQUISQUIAPAN QRTO,669101,,4,1,0.25,5,2,0.4
"SOLEDAD DE DOBLADO,",98602,SDBL 986 ROP MORELOS,9,0,0,10,4,0.4
COATZACOALCOS,23402,,15,0,0,15,6,0.4
NANCHITAL DE LAZARO,132302,NCHT 1323 ROP LAZARO C NANCHIT,14,0,0,15,6,0.4
"PIEDRAS NEGRAS, VER",92302,PNGV 923 ROP 3 DE DICIEMBRE,18,1,0.05555555555555555,15,6,0.4
"PIEDRAS NEGRAS, VER",92301,PNGV 923 MUE 3 DE DICIEMBRE,19,0,0,15,6,0.4
"DE LAS CHOAPAS, VER",676401,#N/A,5,0,0,5,2,0.4
ZACATLAN D L MA,300496,,4,0,0,5,2,0.4
"MEXICALI, BCN.",30001,MXLI 300 MUE PALACO,15,1,0.06666666666666667,15,6,0.4
HUEHUETOCA,94002,,15,0,0,15,6,0.4
"JILOTEPEC, EDO MEX",663901,,5,0,0,5,2,0.4
SAN ANDRES TUXTLA,61202,SNAT 612 -565 CANADA SAT,10,0,0,10,4,0.4
HUAJUAPAN D LEON OAX,300624,,6,0,0,5,2,0.4
CUAUTITLAN IZCA,317902,,8,0,0,10,4,0.4
"MINATITLAN, VER",310102,MNTN ZONA II,2,1,0.5,5,2,0.4
COATZACOALCOS,23402,CTZC 234 ROP PZA EL PALMAR,15,1,0.06666666666666667,15,6,0.4
COATZACOALCOS,91602,CTZC 916 ROP PLAZA FORUM,14,1,0.07142857142857142,15,6,0.4
ESCARCEGA,300472,ESCG INVENTARIOS ZONA I,4,0,0,5,2,0.4
"JIMENEZ, CHIH",300595,,4,0,0,5,2,0.4
VERACRUZ VER,137901,VRCZ 1379 MUE RIO MEDIO,15,0,0,15,6,0.4
"DELICIAS, CHIU.",300590,,4,0,0,5,2,0.4
"MEXICALI, BCN.",139401,,5,0,0,5,2,0.4
"CD JUAREZ, CHIU",47002,,20,0,0,20,8,0.4
VILLAHERMOSA,300237,,5,0,0,5,2,0.4
BENITO JUAREZ QROO,26901,CNCN 269 MUE CRUCERO,15,0,0,15,6,0.4
"VALLE HERMOSO, TAM",43502,,14,2,0.14285714285714285,15,6,0.4
"SOLEDAD DE DOBLADO,",98602,,9,1,0.1111111111111111,10,4,0.4
"ARMERIA, COLIMA",127202,AMRA 1272 ROP ARMERIA,5,0,0,5,2,0.4
"TORREON, COAH.",12701,TRRN 127 MUE MUZQUIZ,10,0,0,10,4,0.4
"DURANGO, DGO.",668701,DRGO 6687 MUE 20 DE NOVIEMBRE,5,0,0,5,2,0.4
NICOLAS ROMERO E MEX,331501,,4,0,0,5,2,0.4
TUXTLA GUTIERRE,33601,,17,1,0.058823529411764705,20,8,0.4
"CD JUAREZ, CHIU",303001,CDJZ ZONA II,4,0,0,5,2,0.4
"CALIMAYA, EDO DE MEX",784002,CALI 7840 ROP CALIMAYA,10,0,0,10,4,0.4
"JILOTEPEC, EDO MEX",663901,JLME 6639 MUE JILOTEPEC,5,0,0,5,2,0.4
IXTAPAN DE LA SAL,59702,IXPN 597 ROP INDEPENDENCIA,10,0,0,10,4,0.4
AZCAPOTZALCO DF,109402,AZCP 1094 ROP LAS ARMAS,1,0,0,5,2,0.4
VILLA CORREGIDORA,41402,VCRG 414 ROP PLAZA CANDILES,16,1,0.0625,15,6,0.4
TAPACHULA CHIAP,26401,,19,0,0,20,8,0.4
"TIANGUISTENCO,EDOMEX",792201,SNTG 7922 SANTIAGO TIANGUISTEN,5,0,0,5,2,0.4
ATLACOMULCO,143502,ATLC 1435 ROP NICOLAS BRAVO,9,1,0.1111111111111111,10,4,0.4
"PATZCUARO, MICH",795101,PTZC 7951 MUE PATZCUARO,5,0,0,5,2,0.4
"CD GUZMAN, JAL",300518,CDGZ INVENTARIOS ZONA I,4,0,0,5,2,0.4
CIUDAD MANTE,780101,,5,0,0,5,2,0.4
"ZITACUARO, MICH",774501,ZTCR 7745 MUE COPPEL MOTOS ZIT,5,0,0,5,2,0.4
S JOSE DEL CABO,132102,SNJC 1321 ROP TRANSPENINSULAR,6,1,0.16666666666666666,5,2,0.4
JOSE AZUETA GRO,356962,,4,0,0,5,2,0.4
"APATZINGAN,MICH",791301,APTZ 7913 MOT APATZINGAN,5,0,0,5,2,0.4
CUAUHTEMOC D.F.,140201,,15,1,0.06666666666666667,15,6,0.4
"ENSENADA, BCN",302603,,6,0,0,5,2,0.4
"PALENQUE, CHIAPAS",786201,,5,0,0,5,2,0.4
"GUASAVE, SIN.",799501,GSVE 7995 MUE GUASAVE,5,1,0.2,5,2,0.4
"CD JUAREZ, CHIU",47002,CDJZ 470 ROP SENDERO,20,1,0.05,20,8,0.4
"TULA, HIDALGO",300414,TULA INVENTARIOS ZONA I,4,0,0,5,2,0.4
"REYNOSA, TAM.",300683,,4,0,0,5,2,0.4
"NARANJOS, VER",791801,NRJS 7918 MOT NRANJOS,5,0,0,5,2,0.4
"CD JUAREZ, CHIU",15002,CDJZ 150 ROP AEROPUERTO,19,0,0,20,8,0.4
CHIMALHUACAN EM,672201,,5,0,0,5,2,0.4
HUEHUETOCA,94002,HHTA 940 ROP PLAZA LA CABA#A,14,2,0.14285714285714285,15,6,0.4
ZACATLAN D L MA,300496,ZCTL INVENTARIOS ZONA I,3,0,0,5,2,0.4
TLAQUEPAQUE,331403,TLQP ZONA III,6,0,0,5,2,0.4
"GUAMUCHIL, SIN.",901,,26,0,0,28,11,0.39285714285714285
LAZARO CARDENAS,13302,LCRS 133 ROP CARDENAS,24,1,0.041666666666666664,23,9,0.391304347826087
S CRISTOBAL CHI,30301,,22,3,0.13636363636363635,23,9,0.391304347826087
ECATEPEC DE MOR,98101,,18,1,0.05555555555555555,18,7,0.3888888888888889
CUAUHTEMOC D.F.,140202,CTMC 1402 ROP SALTO DEL AGUA,15,0,0,18,7,0.3888888888888889
"PIEDRAS NEGRAS, COAH",28301,,11,1,0.09090909090909091,18,7,0.3888888888888889
OCOTLAN DE MORELOS,68902,OCDM 689 ROP MATAMOROS,18,1,0.05555555555555555,18,7,0.3888888888888889
"LOMA BONITA, OAXACA",88401,LBTA 884 MUE 16 DE SEPTIEMBRE,17,0,0,18,7,0.3888888888888889
OCOTLAN DE MORELOS,68902,,17,1,0.058823529411764705,18,7,0.3888888888888889
JIUTEPEC MORELO,31101,JUTP 311 MUE TEJALPA,15,0,0,18,7,0.3888888888888889
CUAUTLA MORELOS,93702,CTLA 937 ROP REFORMA,17,0,0,18,7,0.3888888888888889
"TAMPICO, TAM.",7402,TMPC 74 ROP DIAZ MIRON,18,0,0,18,7,0.3888888888888889
GENERAL ESCOBED,11801,GESC 118 MUE ESC SOLIDARID,18,1,0.05555555555555555,18,7,0.3888888888888889
"LOMA BONITA, OAXACA",88401,,16,0,0,18,7,0.3888888888888889
"LOS REYES, MICH",123501,,18,1,0.05555555555555555,18,7,0.3888888888888889
"CORDOBA, VER.",7801,,17,0,0,18,7,0.3888888888888889
"TAMPICO, TAM.",7402,,18,0,0,18,7,0.3888888888888889
"MERIDA, YUCATAN",23102,MRDA 231 ROP PLAZA CANEK,19,2,0.10526315789473684,18,7,0.3888888888888889
"LOS REYES, MICH",123501,RYDS 1235 MUE LOS REYES,19,0,0,18,7,0.3888888888888889
GUSTAVO A MADERO DF,18401,,17,0,0,18,7,0.3888888888888889
GENERAL ESCOBED,11801,,18,0,0,18,7,0.3888888888888889
XICOTEPEC DE JUAREZ,111001,XTPC 1110 MUE ZARAGOZA,18,0,0,18,7,0.3888888888888889
"TUXPAN,VERACRUZ",136901,TXPN 1369 MUE CUAUHTEMOC,13,0,0,13,5,0.38461538461538464
CHIMALHUACAN EM,657402,CHCN 6574 ROP ARCA DE NOE,12,3,0.25,13,5,0.38461538461538464
"LA PIEDAD, MICH",661801,LPDD 6618 MUE LAZARO CARDENAS,11,0,0,13,5,0.38461538461538464
"TIJUANA, BCN",9901,,13,1,0.07692307692307693,13,5,0.38461538461538464
"ABASOLO, GUANAJUATO",133902,,13,0,0,13,5,0.38461538461538464
"ABASOLO, GUANAJUATO",133902,ABSL 1339 ROP COPPEL LERDO,13,1,0.07692307692307693,13,5,0.38461538461538464
"PUEBLA, PUEBLA.",134902,,15,0,0,13,5,0.38461538461538464
CUERAMARO,81501,CRMO 815 MUE COPPEL HIDALGO,13,2,0.15384615384615385,13,5,0.38461538461538464
"LORETO, ZAC",111101,LOTO 1111 MUE MADERO,13,0,0,13,5,0.38461538461538464
IZTAPALAPA D.F.,101602,,13,0,0,13,5,0.38461538461538464
"ORIZABA, VER.",61002,,12,3,0.25,13,5,0.38461538461538464
"MINERAL DE LA R,HGO",31902,,13,1,0.07692307692307693,13,5,0.38461538461538464
"TELOLOAPAN, GRO",87601,,12,0,0,13,5,0.38461538461538464
JIUTEPEC MORELO,664301,,13,0,0,13,5,0.38461538461538464
SAN PEDRO POCHUTLA,768402,,15,0,0,13,5,0.38461538461538464
"XALAPA,VERACRUZ",784501,XLPA 7845 MUE SAYAGO,12,0,0,13,5,0.38461538461538464
"XALAPA,VERACRUZ",782301,XLPA 7823 MUE ARCO SUR,12,1,0.08333333333333333,13,5,0.38461538461538464
"HUIXQUILUCAN,EDO MEX",779501,HXLC 7795 MUE PALO SOLO,13,0,0,13,5,0.38461538461538464
"GUASAVE, SIN.",101802,,12,1,0.08333333333333333,13,5,0.38461538461538464
"AHOME, SIN",55401,,12,0,0,13,5,0.38461538461538464
"TIJUANA, BCN",43701,,13,0,0,13,5,0.38461538461538464
GUADALAJARA JAL,97901,GDLJ 979 MUE PLAZA FORUM,11,2,0.18181818181818182,13,5,0.38461538461538464
"PUEBLA, PUEBLA.",134902,PBLA 1349 ROP CRISTAL,15,0,0,13,5,0.38461538461538464
GUADALAJARA JAL,41901,GDLJ 419 MUE EL TINTERO,13,0,0,13,5,0.38461538461538464
"QUERETARO, QRO.",9401,QRTO 94 MUE QUINTANA CC,12,0,0,13,5,0.38461538461538464
"CD OBREGON, SON",3401,,12,0,0,13,5,0.38461538461538464
"CD OBREGON, SON",3402,,14,1,0.07142857142857142,13,5,0.38461538461538464
"VALLE NACIONAL, OAX",103501,VLLN 1035 MUE JUAREZ,13,0,0,13,5,0.38461538461538464
TLALNEPANTLA DE,661402,TLNP 6614 ROP FASHION MALL TLA,12,0,0,13,5,0.38461538461538464
CIUDAD HIDALGO CHIAP,664001,,11,0,0,13,5,0.38461538461538464
MEOQUI,781501,MQUI 7815 MUE MEOQUI CENTRO,13,0,0,13,5,0.38461538461538464
ANGOSTURA SIN,39001,AGTR 390 MUE MENDOZA,12,0,0,13,5,0.38461538461538464
"LA PIEDAD, MICH",661801,,11,0,0,13,5,0.38461538461538464
"COLIMA, COL.",38001,,13,1,0.07692307692307693,13,5,0.38461538461538464
"CD GUZMAN, JAL",772801,,13,1,0.07692307692307693,13,5,0.38461538461538464
"GUADALUPE, N.L.",13801,GDLP 138 MUE ACAPULCO,14,1,0.07142857142857142,13,5,0.38461538461538464
BENITO JUAREZ QROO,26902,,13,0,0,13,5,0.38461538461538464
GUADALAJARA JAL,41901,,13,1,0.07692307692307693,13,5,0.38461538461538464
"IXTAPALUCA, E.M",44702,IXTP ROP 447 PLAZA SENDERO,13,1,0.07692307692307693,13,5,0.38461538461538464
"IXTAPALUCA, E.M",788001,IXTP 7880 MUE PLAZA IXTAPALUCA,13,1,0.07692307692307693,13,5,0.38461538461538464
"LORETO, ZAC",111101,,13,0,0,13,5,0.38461538461538464
"CUERNAVACA, MOR",655501,CNVC 6555 MUE GALERIAS 10,12,1,0.08333333333333333,13,5,0.38461538461538464
"SALTILLO, COAH.",31502,SALT 315 ROP ECHEVARRIA,13,0,0,13,5,0.38461538461538464
GUSTAVO A MADERO DF,84201,GAMD 842 MUE VENUSTIANO CARRAN,14,1,0.07142857142857142,13,5,0.38461538461538464
"EL DORADO, SIN",18501,,12,1,0.08333333333333333,13,5,0.38461538461538464
AGUASCALIENTES,5502,,14,1,0.07142857142857142,13,5,0.38461538461538464
"CALERA, ZAC",796701,,12,1,0.08333333333333333,13,5,0.38461538461538464
CULIACAN SIN.,764601,,13,2,0.15384615384615385,13,5,0.38461538461538464
"CHIHUAHUA, CHI",4702,CHUA 47 ROP LA SIERRA,13,1,0.07692307692307693,13,5,0.38461538461538464
ANGOSTURA SIN,39001,,12,0,0,13,5,0.38461538461538464
"MACUSPANA,TABAS",41802,MCSP 418 ROP REFORMA,17,0,0,13,5,0.38461538461538464
AGUASCALIENTES,5501,,11,2,0.18181818181818182,13,5,0.38461538461538464
"RIO BLANCO, VER",74702,RBCO 747 ROP LOS PINOS,11,1,0.09090909090909091,13,5,0.38461538461538464
"RIO BLANCO, VER",74701,RBCO 747 MUE LOS PINOS,13,0,0,13,5,0.38461538461538464
"MEXICALI, BCN.",9001,MXLI 90 MUE VILLANOVA C C,13,0,0,13,5,0.38461538461538464
"SANTIAGO TUXTLA, VER",118001,SNTX 1180 MUE REVOLUCION,14,0,0,13,5,0.38461538461538464
"HERMOSILLO, SON",106501,HLLO 1065 MUE PALO VERDE,14,0,0,13,5,0.38461538461538464
"XALAPA,VERACRUZ",137102,,14,0,0,13,5,0.38461538461538464
BOCA DEL RIO,653602,BRIO 6536 ROP EJERCITO MEXICAN,13,0,0,13,5,0.38461538461538464
BENITO JUAREZ QROO,787802,,13,0,0,13,5,0.38461538461538464
"TLAHUELILPAN, HID",781302,,14,1,0.07142857142857142,13,5,0.38461538461538464
"TUXPAN,VERACRUZ",136901,,13,1,0.07692307692307693,13,5,0.38461538461538464
MEOQUI,781501,,13,1,0.07692307692307693,13,5,0.38461538461538464
"XALAPA,VERACRUZ",782302,,12,1,0.08333333333333333,13,5,0.38461538461538464
"CHIHUAHUA, CHI",4702,,13,0,0,13,5,0.38461538461538464
"SABINAS, COAH",115501,SBNA 1155 MUE MADERO,13,0,0,13,5,0.38461538461538464
"CD JUAREZ, CHIU",14202,,12,0,0,13,5,0.38461538461538464
S PEDRO D L COL,34501,SNPD 345 MUE SAN PEDRO,12,0,0,13,5,0.38461538461538464
"TAMPICO, TAM.",15801,,13,0,0,13,5,0.38461538461538464
"SANTIAGO TUXTLA, VER",118001,,14,0,0,13,5,0.38461538461538464
"MONTERREY, N.L.",11401,,13,0,0,13,5,0.38461538461538464
NICOLAS ROMERO E MEX,108002,,14,0,0,13,5,0.38461538461538464
A. OBREGON D.F.,16701,ALOB 167 MUE OBSERVATORIO,12,1,0.08333333333333333,13,5,0.38461538461538464
"TLAXCALA, TLAXC",655301,,13,1,0.07692307692307693,13,5,0.38461538461538464
S PEDRO D L COL,34501,,12,0,0,13,5,0.38461538461538464
LAZARO CARDENAS,32101,,15,1,0.06666666666666667,13,5,0.38461538461538464
"AHOME, SIN",55401,AHME 554 MUE AHOME,12,1,0.08333333333333333,13,5,0.38461538461538464
GUSTAVO A MADERO DF,84201,,14,0,0,13,5,0.38461538461538464
S JOSE DEL CABO,14501,SNJC 145 MUE MANUEL DOBLAD,12,1,0.08333333333333333,13,5,0.38461538461538464
SN SALVADOR HUIXCOLO,663701,,13,0,0,13,5,0.38461538461538464
CIUDAD HIDALGO CHIAP,664001,CDHO 6640 MUE CIUDAD HIDALGO,11,1,0.09090909090909091,13,5,0.38461538461538464
"XALAPA,VERACRUZ",784501,,12,0,0,13,5,0.38461538461538464
"CD OBREGON, SON",1001,,20,0,0,21,8,0.38095238095238093
ESCARCEGA,103702,,20,0,0,21,8,0.38095238095238093
"CD OBREGON, SON",1001,CDOB 10 MUE NO REELECCION,20,1,0.05,21,8,0.38095238095238093
BENITO JUAREZ QROO,27001,,19,2,0.10526315789473684,21,8,0.38095238095238093
"ENSENADA, BCN",11001,,19,0,0,21,8,0.38095238095238093
CIUDAD DE HIDALGO,94501,HDGO 945 MUE MORELOS,20,1,0.05,21,8,0.38095238095238093
ATLACOMULCO,47802,ATLC 478 ROP GRUPO JOMA,21,1,0.047619047619047616,21,8,0.38095238095238093
"MAZATLAN, SIN.",3002,MZTN 30 ROP DEL MAR,27,1,0.037037037037037035,29,11,0.3793103448275862
SAN MIGUEL EL ALTO,109002,SMAL 1090 ROP RAMIREZ,8,0,0,8,3,0.375
"PIEDRAS NEGRAS, VER",92301,,19,0,0,16,6,0.375
"ACTOPAN, HIDALGO",78102,ACPN 781 ACTOPAN,7,0,0,8,3,0.375
"PACHUCA,HIDALGO",300483,,7,1,0.14285714285714285,8,3,0.375
"LA BARCA, JAL.",54202,LBCA 542 SANTA MONICA,7,1,0.14285714285714285,8,3,0.375
SN DIEGO DE LA UNION,139202,SDON 1392 ROP JUAREZ,8,0,0,8,3,0.375
"PUEBLA, PUEBLA.",72102,,8,0,0,8,3,0.375
ECATEPEC DE MOR,74902,ECTP 749 BOSQUES,7,0,0,8,3,0.375
"JUVENTINO ROSAS, GTO",77002,JVER 770 ROP HIDALGO,9,0,0,8,3,0.375
CABO SAN LUCAS,657202,,7,1,0.14285714285714285,8,3,0.375
"JUVENTINO ROSAS, GTO",104902,JVER 1049 ROP CORREGIDORA,17,0,0,16,6,0.375
SANTIAGO PINOTEPA NA,772202,,16,0,0,16,6,0.375
"TIJUANA, BCN",77902,,8,0,0,8,3,0.375
"XALISCO, NAY",87002,XLSC 870 ROP DEL SOL,17,2,0.11764705882352941,16,6,0.375
"CERRO AZUL, VER",774002,,16,0,0,16,6,0.375
NEZAHUALCOYOTL,35701,,14,1,0.07142857142857142,16,6,0.375
"MOROLEON, GTO",73502,MRLN 735 HIDALGO,8,0,0,8,3,0.375
"ZITACUARO, MICH",47902,,15,1,0.06666666666666667,16,6,0.375
"SALAMANCA, GTO",32002,SLMC 320 ROP SANCHEZ TORRADO,16,0,0,16,6,0.375
"TIJUANA, BCN",68502,,7,0,0,8,3,0.375
AGUASCALIENTES,32201,AGCS 322 MUE PLAZA VELARIA,15,1,0.06666666666666667,16,6,0.375
"NATIVITAS, TLAXCALA",781202,NATI 7812 ROP ESTRELLA,8,0,0,8,3,0.375
SAN NICOLAS N.L,8702,,16,0,0,16,6,0.375
"MISANTLA, VER",93602,MSNT 936 ROP COMONFORT,16,0,0,16,6,0.375
VILLA VICTORIA,110402,,7,0,0,8,3,0.375
"MINATITLAN, VER",60902,,15,0,0,16,6,0.375
CUAUTLA MORELOS,22002,,16,0,0,16,6,0.375
SAN SALVADOR EL SECO,127902,SNSS 1279 ROP 2 DE ABRIL,8,0,0,8,3,0.375
SANTIAGO PINOTEPA NA,772202,SNTP 7722 ROP PLAZA LAS FLORES,16,0,0,16,6,0.375
S ANDRES CHOLULA PUE,75002,CHLA 750 CHOLULA,8,0,0,8,3,0.375
"NOGALES, SONORA",28101,,17,0,0,16,6,0.375
"PUEBLA, PUEBLA.",72102,PBLA 721 REFORMA,8,0,0,8,3,0.375
"TOLUCA, EDO MEX",761602,,16,0,0,16,6,0.375
SAN SALVADOR EL SECO,127902,,8,0,0,8,3,0.375
"TEPIC, NAY",53702,TPIC 537 -289 CANADA TEP,7,0,0,8,3,0.375
BAHIAS DE HUATULCO,97502,BHTC 975 ROP PLAZA CHAHUE,16,0,0,16,6,0.375
"TORREON, COAH.",775302,,16,0,0,16,6,0.375
SALINA CRUZ OAX,43001,SCRZ 430 MUE AVIACION,15,1,0.06666666666666667,16,6,0.375
"CORONANGO, PUE",126002,,8,1,0.125,8,3,0.375
"PAPANTLA, VERACRUZ",125002,,8,0,0,8,3,0.375
"LA PIEDAD, MICH",43101,,14,0,0,16,6,0.375
"DE LAS CHOAPAS, VER",90802,,16,0,0,16,6,0.375
CD DEL CARMEN,49501,,14,1,0.07142857142857142,16,6,0.375
CIUDAD MANTE,65902,CDMT 659 JUAREZ PONIENTE,8,1,0.125,8,3,0.375
"CD MADERO, TAMA",356996,CDMD INVENTARIOS ZONA I,7,1,0.14285714285714285,8,3,0.375
GUSTAVO A MADERO DF,789501,GAMD 7895 MUE PLAZA ATANA,1,0,0,8,3,0.375
ACATLAN DE JUAREZ JA,794502,,7,0,0,8,3,0.375
"NAVOLATO, SIN.",82001,,9,1,0.1111111111111111,8,3,0.375
GPE VICTORIA MX,36801,GPEV 368 MUE VALLE DE GUADALUP,14,3,0.21428571428571427,16,6,0.375
GPE VICTORIA MX,36801,,15,0,0,16,6,0.375
NAUCALPAN EDO MEX,144702,NCPN 1447 ROP 1 DE MAYO,8,0,0,8,3,0.375
CULIACAN SIN.,20402,,14,2,0.14285714285714285,16,6,0.375
CULIACAN SIN.,39201,,21,3,0.14285714285714285,24,9,0.375
CULIACAN SIN.,23001,,14,2,0.14285714285714285,16,6,0.375
CUAUHTEMOC D.F.,356952,CTMC INVENTARIOS ZONA I,7,1,0.14285714285714285,8,3,0.375
"TIJUANA, BCN",77902,TJNA 779 LIBERTAD,8,1,0.125,8,3,0.375
AGUASCALIENTES,32201,,15,0,0,16,6,0.375
TAPACHULA CHIAP,26402,TPCH 264 ROP CRISTAL,15,0,0,16,6,0.375
SN DIEGO DE LA UNION,139202,,8,0,0,8,3,0.375
"MEXICALI, BCN.",300902,MXLI REGIONAL,7,0,0,8,3,0.375
"MEXICALI, BCN.",300902,,7,0,0,8,3,0.375
"DE LAS CHOAPAS, VER",90802,LCHP 908 ROP 20 DE NOVIEMBRE,16,0,0,16,6,0.375
"ANGEL R CABADA, VER",74802,ARCB 748 ANGEL R CABADA,8,2,0.25,8,3,0.375
"HUATUSCO, VERACRUZ",653502,HTSO 1535 ROP 2 PONIENTE,8,0,0,8,3,0.375
HUAJUAPAN D LEON OAX,49201,,24,1,0.041666666666666664,24,9,0.375
HUAJUAPAN D LEON OAX,670501,,13,1,0.07692307692307693,8,3,0.375
"MINATITLAN, VER",60902,MNTN 609 ROP HIDALGO,15,1,0.06666666666666667,16,6,0.375
"COYOTEPEC, ESTADO DE",130102,,7,0,0,8,3,0.375
TLAXCO TLAXCALA,113102,,8,1,0.125,8,3,0.375
"GOMEZ PAL, DGO.",356938,,7,0,0,8,3,0.375
"GOMEZ PAL, DGO.",356938,GPLC INVENTARIOS ZONA I,7,0,0,8,3,0.375
CHETUMAL QROO,20101,CHTM 201 MUE PZA AMERICAS,24,0,0,24,9,0.375
"TORREON, COAH.",775302,TRRN 7753 ROP NAZAS,15,1,0.06666666666666667,16,6,0.375
TUXTLA GUTIERRE,52702,,9,1,0.1111111111111111,8,3,0.375
"CD MADERO, TAMA",356996,,7,0,0,8,3,0.375
VILLA VICTORIA,110402,VLLV 1104 ROP CARDENAS,7,0,0,8,3,0.375
GUERRERO NEGRO,132202,GRNO 1322 ROP GUERRERO NEGRO,6,2,0.3333333333333333,8,3,0.375
GUSTAVO A MADERO DF,789501,,1,0,0,8,3,0.375
GUSTAVO A MADERO DF,84901,,9,0,0,8,3,0.375
"ZITACUARO, MICH",47902,ZCTR 479 ROP REVOLUCION,15,0,0,16,6,0.375
CUAUHTEMOC D.F.,98301,,17,1,0.058823529411764705,16,6,0.375
CUAUHTEMOC D.F.,356952,,7,0,0,8,3,0.375
"TOLUCA, EDO MEX",761602,TOLC 7616 ROP GRAN PATIO,16,0,0,16,6,0.375
"URUAPAN, MICH.",48701,URPN 487 MUE DE LA FUENTE,15,0,0,16,6,0.375
"NATIVITAS, TLAXCALA",781202,,8,0,0,8,3,0.375
"CERRO AZUL, VER",774002,CEAZ 7740 ROP HIDALGO,16,1,0.0625,16,6,0.375
"PALENQUE, CHIAPAS",791902,,8,0,0,8,3,0.375
"PAPANTLA, VERACRUZ",125002,PPTL 1250 ROP AQUILES SERDAN,8,0,0,8,3,0.375
"REYNOSA, TAM.",96702,RYNS 967 ROP CITADINA,19,0,0,19,7,0.3684210526315789
"VALLARTA, JAL.",27102,,17,2,0.11764705882352941,19,7,0.3684210526315789
"NAVOJOA, SON.",11902,NVJA 119 ROP GUERRERO II,19,0,0,19,7,0.3684210526315789
"ALTAMIRANO, GUERRERO",105301,,19,0,0,19,7,0.3684210526315789
"ALTAMIRANO, GUERRERO",105301,ALTN 1053 MUE CARDENAS,17,1,0.058823529411764705,19,7,0.3684210526315789
"REYNOSA, TAM.",96702,,19,0,0,19,7,0.3684210526315789
"NARANJOS, VER",107301,NRJS 1073 MUE JUSTO SIERRA,19,2,0.10526315789473684,19,7,0.3684210526315789
CHIMALHUACAN EM,667101,#N/A,13,1,0.07692307692307693,11,4,0.36363636363636365
ECATEPEC DE MOR,785701,ECTP 7857 MUE LAS BRISAS,11,0,0,11,4,0.36363636363636365
ECATEPEC DE MOR,785701,,11,0,0,11,4,0.36363636363636365
SAN LUIS POTOSI,53502,SNLP 535 -278 CANADA SLP,10,1,0.1,11,4,0.36363636363636365
"JUCHITEPEC, EDO DE M",136501,,11,1,0.09090909090909091,11,4,0.36363636363636365
"PEROTE, VERACRUZ",42701,PRTE 427 MUE HUMBOLT,22,1,0.045454545454545456,22,8,0.36363636363636365
"CUERNAVACA, MOR",762202,,11,1,0.09090909090909091,11,4,0.36363636363636365
GUADALAJARA JAL,105002,GDLJ 1050 ROP R MICHEL,11,0,0,11,4,0.36363636363636365
"PUEBLA, PUEBLA.",142401,PBLA 1424 MUE SAN PEDRO,13,0,0,11,4,0.36363636363636365
TLAQUEPAQUE,777202,,11,2,0.18181818181818182,11,4,0.36363636363636365
OAXACA OAXACA,131601,OAXC 1316 MUE MIGUEL CABRERA,9,0,0,11,4,0.36363636363636365
OAXACA OAXACA,38501,OAXC 385 MUE SANTA ROSA,21,2,0.09523809523809523,22,8,0.36363636363636365
"ZACATEPEC DE HGO,MOR",86302,ZCTH 863 ROP ESCUADRON 201,9,0,0,11,4,0.36363636363636365
"CD VICTORIA,TAM",665902,CDVC 6659 ROP TAMATAN,9,0,0,11,4,0.36363636363636365
"MORELIA, MICH.",65302,,12,1,0.08333333333333333,11,4,0.36363636363636365
OAXACA OAXACA,131601,,10,0,0,11,4,0.36363636363636365
"MONTERREY, N.L.",652102,MTRY 1521 ROP SAN JOSE,11,0,0,11,4,0.36363636363636365
"BADIRAGUATO, SIN",651002,,10,0,0,11,4,0.36363636363636365
CUAUTITLAN IZCA,770902,,10,1,0.1,11,4,0.36363636363636365
"MERIDA, YUCATAN",774901,,11,0,0,11,4,0.36363636363636365
"GUACHOCHI, CHIH",656302,,10,0,0,11,4,0.36363636363636365
"CD JUAREZ, CHIU",766701,,11,0,0,11,4,0.36363636363636365
"MONCLOVA, COAH.",769401,MNCV 7694 MUE PASEO MONCLOVA,12,1,0.08333333333333333,11,4,0.36363636363636365
"MERIDA, YUCATAN",774901,MRDA 7749 MUE SAMBULA,11,1,0.09090909090909091,11,4,0.36363636363636365
GUSTAVO A MADERO DF,763101,,11,0,0,11,4,0.36363636363636365
CD CONSTITUCION,47702,CDCT 477 ROP OLACHEA,20,1,0.05,22,8,0.36363636363636365
"MORELIA, MICH.",65302,MORL 653 ROP PLAZA MORELIA,12,0,0,11,4,0.36363636363636365
ATIZAPAN DE ZAR,143901,ATZP 1439 MUE ATIZAPAN,11,1,0.09090909090909091,11,4,0.36363636363636365
ATIZAPAN DE ZAR,143901,,11,0,0,11,4,0.36363636363636365
SAN ANDRES TUXTLA,40002,,12,1,0.08333333333333333,11,4,0.36363636363636365
"CD JUAREZ, CHIU",5402,CDJZ 54 ROP LOPEZ MATEOS,25,1,0.04,25,9,0.36
"PAPANTLA, VERACRUZ",49701,,25,0,0,25,9,0.36
"PAPANTLA, VERACRUZ",49701,PPTL 497 MUE 16 DE SEPTIEMBRE,24,0,0,25,9,0.36
TLAQUEPAQUE,42002,TLQP 420 ROP CENTRO SUR,11,1,0.09090909090909091,14,5,0.35714285714285715
"OCOTLAN, JAL",87902,OCTL 879 ROP INDEPENDENCIA,14,1,0.07142857142857142,14,5,0.35714285714285715
"EMILIANO ZAPATA, VER",121001,,13,0,0,14,5,0.35714285714285715
"TUXTEPEC, OAX",121202,,15,1,0.06666666666666667,14,5,0.35714285714285715
"APASEO EL ALTO, GTO",768501,,13,1,0.07692307692307693,14,5,0.35714285714285715
TLAHUAC D.F.,764201,,15,0,0,14,5,0.35714285714285715
IZTAPALAPA D.F.,31001,,15,0,0,14,5,0.35714285714285715
"AMECA, JALISCO",14701,AMCA 147 MUE ZEPEDA,14,2,0.14285714285714285,14,5,0.35714285714285715
"FRESNILLO, ZAC.",3602,FLLO 36 ROP MADERO,13,1,0.07692307692307693,14,5,0.35714285714285715
"ACAPULCO, GRO",40402,,14,2,0.14285714285714285,14,5,0.35714285714285715
"ACAPULCO, GRO",651601,,13,1,0.07692307692307693,14,5,0.35714285714285715
"YAUTEPEC, MORELOS",139601,,13,0,0,14,5,0.35714285714285715
VALLE DE CHALCO,22702,,15,0,0,14,5,0.35714285714285715
JIUTEPEC MORELO,664302,,13,0,0,14,5,0.35714285714285715
"IXTAPALUCA, E.M",44701,,13,1,0.07692307692307693,14,5,0.35714285714285715
CUAUTLA MORELOS,142801,,13,0,0,14,5,0.35714285714285715
SAN FCO TOTIMEHUACAN,772502,SNFT 7725 ROP SAN FRANCISCO,13,0,0,14,5,0.35714285714285715
"MIGUEL ALEMAN, SON",104502,,14,0,0,14,5,0.35714285714285715
"ACAPULCO, GRO",651601,ACPO 6516 MUE CAYACO,14,0,0,14,5,0.35714285714285715
NEZAHUALCOYOTL,790302,NZTL 7903 ROP SOR JUANA,13,0,0,14,5,0.35714285714285715
"VALLARTA, JAL.",131902,PVLL 1319 ROP IXTAPA,14,0,0,14,5,0.35714285714285715
"CUITLAHUAC, VER",125502,,14,1,0.07142857142857142,14,5,0.35714285714285715
"ZAMORA, MICH.",5301,,14,1,0.07142857142857142,14,5,0.35714285714285715
TLAQUEPAQUE,42002,,11,0,0,14,5,0.35714285714285715
"EL ROSARIO, SIN",42101,ELRO 421 MUE REFORMA,14,0,0,14,5,0.35714285714285715
"EL DORADO, SIN",18502,ELDR 185 ROP MATAMOROS,13,0,0,14,5,0.35714285714285715
"GUASAVE, SIN.",801,,26,0,0,28,10,0.35714285714285715
"CHAPALA, JALISC",85302,,14,0,0,14,5,0.35714285714285715
"YAUTEPEC, MORELOS",139601,YTPC 1396 MUE TLAHUICA,13,0,0,14,5,0.35714285714285715
"REYNOSA, TAM.",12202,RYNS 122 ROP HIDALGO,14,0,0,14,5,0.35714285714285715
"REYNOSA, TAM.",111701,RYNS 1117 MUE LAS FUENTES,13,0,0,14,5,0.35714285714285715
NICOLAS ROMERO E MEX,108001,NRMR 1080 MUE TOWN CENTER,13,0,0,14,5,0.35714285714285715
"VALLARTA, JAL.",131902,,14,0,0,14,5,0.35714285714285715
CUAUTLA MORELOS,142801,CTLA 1428 MUE PLAZA FIESTA,13,0,0,14,5,0.35714285714285715
CD CUAUHTEMOC,38202,CDCC 382 ROP BAEZA,13,1,0.07692307692307693,14,5,0.35714285714285715
VALLE DE CHALCO,22702,VCHA 227 ROP TEZOZOMOC,15,1,0.06666666666666667,14,5,0.35714285714285715
"NUEVO LAREDO, T",12301,NLRD 123 MUE TECNOLOGICO,14,0,0,14,5,0.35714285714285715
BAHIA DE BANDERAS,109302,,13,0,0,14,5,0.35714285714285715
"AMECA, JALISCO",14701,,14,0,0,14,5,0.35714285714285715
"MIGUEL ALEMAN, SON",104502,MGAL 1045 ROP CALLE 12,14,0,0,14,5,0.35714285714285715
SAN FCO TOTIMEHUACAN,772502,,13,0,0,14,5,0.35714285714285715
"FRESNILLO, ZAC.",3602,,14,0,0,14,5,0.35714285714285715
CULIACAN SIN.,1101,,13,0,0,14,5,0.35714285714285715
"PALENQUE, CHIAPAS",673002,#N/A,17,2,0.11764705882352941,14,5,0.35714285714285715
CULIACAN SIN.,23002,CLCN 230 ROP FORUM,24,0,0,28,10,0.35714285714285715
"TIJUANA, BCN",34102,TJNA 341 ROP INSURGENTES,25,1,0.04,28,10,0.35714285714285715
"NUEVO LAREDO, T",12301,,14,1,0.07142857142857142,14,5,0.35714285714285715
"TIJUANA, BCN",41701,TJNA 417 MUE SANTA ANITA,13,0,0,14,5,0.35714285714285715
CULIACAN SIN.,1101,CLCN 11 MUE CAMPIÑA,12,0,0,14,5,0.35714285714285715
FRANCISCO I MADERO,128902,FCIM 1289 ROP FRANCISCO I MADE,14,0,0,14,5,0.35714285714285715
SAN JUAN SABINA,34302,NVAR 343 ROP LOPEZ MATEOS,13,0,0,14,5,0.35714285714285715
CD CUAUHTEMOC,38202,,14,0,0,14,5,0.35714285714285715
CD DEL CARMEN,49502,CDCN 495 ROP CALLE 41,14,0,0,14,5,0.35714285714285715
"CHAPALA, JALISC",85302,CHPL 853 ROP MADERO,14,1,0.07142857142857142,14,5,0.35714285714285715
"CHAPALA, JALISC",85301,CHPL 853 MUE MADERO,14,0,0,14,5,0.35714285714285715
"METEPEC,EDO D M",20801,MTPC 208 MUE PILARES,13,2,0.15384615384615385,14,5,0.35714285714285715
"SAHUAYO, MICHOA",81201,SHYO 812 CONSTITUCION,13,0,0,14,5,0.35714285714285715
"REYNOSA, TAM.",89102,,13,0,0,14,5,0.35714285714285715
"LA PAZ, BCS",782601,LPAZ 7826 MUE ALAMEDA,14,0,0,14,5,0.35714285714285715
"CERRO AZUL, VER",101201,CEAZ 1012 MUE INDEPENDENCIA,14,1,0.07142857142857142,14,5,0.35714285714285715
"TIJUANA, BCN",41701,,13,1,0.07692307692307693,14,5,0.35714285714285715
S FCO D RINCON,21801,SNFR 218 MUE DIAZ MIRON,18,0,0,17,6,0.35294117647058826
"DURANGO, DGO.",12902,,15,2,0.13333333333333333,17,6,0.35294117647058826
"JUVENTINO ROSAS, GTO",104901,,17,1,0.058823529411764705,17,6,0.35294117647058826
"ACAMBARO, GTO",23201,,18,0,0,17,6,0.35294117647058826
CIUDAD ACU#A CO,35001,,15,0,0,17,6,0.35294117647058826
"ACAMBARO, GTO",23201,ACBO 232 MUE HIDALGO,18,0,0,17,6,0.35294117647058826
"ZACATECAS, ZAC",9201,ZCTS 92 MUE ZACATECAS,15,0,0,17,6,0.35294117647058826
"APIZACO, TLAX",101101,,16,0,0,17,6,0.35294117647058826
ATOYAC DE ALVAREZ,110501,ATYC 1105 MUE JUAN ALVAREZ,17,1,0.058823529411764705,17,6,0.35294117647058826
CHETUMAL QROO,651401,,16,0,0,17,6,0.35294117647058826
"ATLIXCO, PUEBLA",762302,ATLX 7623 ROP PLAZA MORALEDA,16,1,0.0625,17,6,0.35294117647058826
"ACAPULCO, GRO",85402,ACPO 854 ROP LLANO LARGO,18,0,0,17,6,0.35294117647058826
TIERRA BLANCA,112001,TBCA 1120 MUE SERDAN,14,1,0.07142857142857142,17,6,0.35294117647058826
TENANCINGO EDM,33701,,16,0,0,17,6,0.35294117647058826
"TEMIXCO, MORELOS",762001,TMXC 7620 MUE ACATLIPA,36,1,0.027777777777777776,17,6,0.35294117647058826
"MARAVATIO, MICH",101402,,16,0,0,17,6,0.35294117647058826
CULIACAN SIN.,1302,CLCN 13 ROP ANDRADE,14,1,0.07142857142857142,17,6,0.35294117647058826
"AGUA DULCE, VERACRUZ",90902,ADCE 909 ROP MADERO,16,1,0.0625,17,6,0.35294117647058826
MOTUL,36701,MTUL 367 MUE CALLE 28,15,1,0.06666666666666667,17,6,0.35294117647058826
"CABORCA, SON.",3101,CBRC 31 MUE 6 DE ABRIL,14,2,0.14285714285714285,17,6,0.35294117647058826
"COZUMEL, QROO",92902,CZML 929 ROP EL CARACOL,16,3,0.1875,17,6,0.35294117647058826
PYA D CARMEN QR,30101,PLYC 301 MUE CENTRO MAYA,17,0,0,17,6,0.35294117647058826
SAN MIGUEL DE ALLEND,102801,,18,2,0.1111111111111111,17,6,0.35294117647058826
TENANCINGO EDM,33701,TNCG 337 MUE GUADALUPE VICTORI,16,1,0.0625,17,6,0.35294117647058826
"COZUMEL, QROO",92902,,17,0,0,17,6,0.35294117647058826
"MINATITLAN, VER",794301,,20,1,0.05,20,7,0.35
IXMIQUILPAN HDG,29001,,18,0,0,20,7,0.35
"LOS MOCHIS, SIN",791602,,19,0,0,20,7,0.35
"ENSENADA, BCN",7702,ENSD 77 ROP MISION,17,0,0,20,7,0.35
"TIJUANA, BCN",36502,TJNA 365 ROP EL SOLER,18,0,0,20,7,0.35
SAN LUIS RIO CO,2402,SNRC 24 ROP OBREGON 11,20,3,0.15,20,7,0.35
"CD JUAREZ, CHIU",15002,,19,0,0,20,7,0.35
CD DEL CARMEN,21302,CDCN 213 ROP CARMEN,19,0,0,20,7,0.35
JOSE AZUETA GRO,32302,,19,1,0.05263157894736842,20,7,0.35
HUIMANGUILLO TA,33401,,19,0,0,20,7,0.35
"LOS MOCHIS, SIN",791602,LMCH 7916 ROP HIDALGO,19,1,0.05263157894736842,20,7,0.35
"RIO VERDE, SLP",90301,,37,0,0,23,8,0.34782608695652173
CULIACAN SIN.,301,CLCN 3 MUE ESCOBEDO,19,2,0.10526315789473684,23,8,0.34782608695652173
"TORREON, COAH.",2702,TRRN 27 ROP CARRANZA,23,2,0.08695652173913043,23,8,0.34782608695652173
"TANTOYUCA, VER",32501,TTYC 325 MUE DEMOCRACIA,23,5,0.21739130434782608,23,8,0.34782608695652173
SAN ANDRES TUXTLA,37601,,28,5,0.17857142857142858,29,10,0.3448275862068966
"CABORCA, SON.",3102,,29,0,0,29,10,0.3448275862068966
"CABORCA, SON.",3102,CBRC 31 ROP 6 DE ABRIL,29,0,0,29,10,0.3448275862068966
"TUXPAN,VERACRUZ",327601,TXPN ZONA,3,0,0,3,1,0.3333333333333333
S FCO D RINCON,771801,,12,0,0,12,4,0.3333333333333333
PENJAMO,46002,,14,1,0.07142857142857142,15,5,0.3333333333333333
"LEON, GTO.",318901,,9,0,0,6,2,0.3333333333333333
SAN JUAN DLL JA,356977,SNJL INVENTARIOS ZONA I,2,0,0,3,1,0.3333333333333333
CHICOLOAPAN EM,74601,SNVC 746 MUE CHICOLOAPAN,6,0,0,6,2,0.3333333333333333
CHICOLOAPAN EM,25002,,11,1,0.09090909090909091,12,4,0.3333333333333333
CHICOLOAPAN EM,25002,SNVC 250 ROP REVOLUCION,12,0,0,12,4,0.3333333333333333
S FCO D RINCON,771801,SNFR 7718 MUE GALERIAS METROPO,12,0,0,12,4,0.3333333333333333
"ZAMORA, MICH.",53102,ZMRA 531 -257 CANADA ZAM,9,1,0.1111111111111111,9,3,0.3333333333333333
"TLAHUELILPAN, HID",781301,TLHP 7813 MUE GUERRERO,10,1,0.1,12,4,0.3333333333333333
"IRAPUATO, GTO.",797802,,12,0,0,12,4,0.3333333333333333
"IRAPUATO, GTO.",35202,,13,0,0,12,4,0.3333333333333333
IXMIQUILPAN HDG,50602,IXMQ 506 ROP PLAZA IXMIQUILPAN,12,0,0,12,4,0.3333333333333333
IXMIQUILPAN HDG,29001,IXMQ 290 MUE DEL ROSAL,18,0,0,21,7,0.3333333333333333
"GUANAJUATO, GTO",312301,,3,0,0,3,1,0.3333333333333333
"COMONFORT, GTO",677401,,5,0,0,3,1,0.3333333333333333
"APODACA, N.L.",300681,,5,0,0,6,2,0.3333333333333333
"ENSENADA, BCN",26502,,15,1,0.06666666666666667,15,5,0.3333333333333333
GUTIERREZ ZAMORA,300673,,3,0,0,3,1,0.3333333333333333
"TIJUANA, BCN",654002,,6,1,0.16666666666666666,6,2,0.3333333333333333
"COMONFORT, GTO",356991,,3,0,0,3,1,0.3333333333333333
ECATEPEC DE MOR,300486,ECTP INVENTARIOS ZONA I,3,0,0,3,1,0.3333333333333333
"CELAYA, GTO.",791001,,12,0,0,12,4,0.3333333333333333
"CELAYA, GTO.",356964,,3,0,0,3,1,0.3333333333333333
"SAN BLAS, NAY",129901,SABL 1299 MUE JUAREZ SAN BLAS,12,0,0,12,4,0.3333333333333333
ECATEPEC DE MOR,328201,ECTP ZONA V,5,0,0,3,1,0.3333333333333333
"AHUALULCO DE ME, JAL",120802,AHLC 1208 ROP JAVIER MINA,11,1,0.09090909090909091,12,4,0.3333333333333333
ECATEPEC DE MOR,785702,ECTP 7857 ROP LAS BRISAS,12,0,0,12,4,0.3333333333333333
ECATEPEC DE MOR,40702,ECTP 407 ROP CENTRAL,12,0,0,12,4,0.3333333333333333
CHICOLOAPAN EM,74601,,6,0,0,6,2,0.3333333333333333
ECATEPEC DE MOR,40502,ECTP 405 SAN CRISTOBAL,14,3,0.21428571428571427,15,5,0.3333333333333333
ECATEPEC DE MOR,98101,ECTP 981 MUE SAN ANDRES,18,0,0,18,6,0.3333333333333333
VENUSTIANO C.DF,783801,,11,0,0,12,4,0.3333333333333333
GUSTAVO A MADERO DF,356953,GAMD INVENTARIOS ZONA I,5,0,0,6,2,0.3333333333333333
"URIANGATO, GTO",356985,URGT INVENTARIOS ZONA I,2,0,0,3,1,0.3333333333333333
LA PEÑITA DE JALTEMB,783602,LPÑJ 7836 ROP GUAYABITOS,12,0,0,12,4,0.3333333333333333
"PUEBLA, PUEBLA.",322201,,2,0,0,3,1,0.3333333333333333
TLAHUAC D.F.,120402,,6,0,0,6,2,0.3333333333333333
VILLANUEVA,138602,VIVA 1386 ROP LIBERTAD,6,0,0,6,2,0.3333333333333333
"XILITLA, SLP",300661,XILA INVENTARIOS ZONA I,2,0,0,3,1,0.3333333333333333
"TECPAN DE GALEANA, G",300281,,2,0,0,3,1,0.3333333333333333
"PUEBLA, PUEBLA.",322101,,3,0,0,3,1,0.3333333333333333
AXTLA DE TERRAZAS,148802,AXTZ 1488 ROP JUAREZ,6,0,0,6,2,0.3333333333333333
"PUEBLA, PUEBLA.",300218,,3,0,0,3,1,0.3333333333333333
"XALISCO, NAY",87001,XLSC 870 MUE DEL SOL,14,0,0,15,5,0.3333333333333333
CALVILLO AGUASC,115702,CLVL 1157 ROP INDEPENDENCIA,12,1,0.08333333333333333,12,4,0.3333333333333333
CALVILLO AGUASC,115701,CLVL 1157 MUE INDEPENDENCIA,14,2,0.14285714285714285,15,5,0.3333333333333333
ECATEPEC DE MOR,328201,,5,0,0,3,1,0.3333333333333333
JESUS MARIA,113502,JSMA 1135 ROP ALDAMA,12,0,0,12,4,0.3333333333333333
ECATEPEC DE MOR,785702,,12,0,0,12,4,0.3333333333333333
CABO SAN LUCAS,300450,,8,0,0,9,3,0.3333333333333333
NEZAHUALCOYOTL,102501,,12,0,0,12,4,0.3333333333333333
"COATEPEC, VER",300675,,5,0,0,6,2,0.3333333333333333
MAGDALENA C. DF,106102,,6,0,0,6,2,0.3333333333333333
IZTAPALAPA D.F.,315401,,4,0,0,3,1,0.3333333333333333
ECATEPEC DE MOR,40702,,12,0,0,12,4,0.3333333333333333
ECATEPEC DE MOR,40502,,15,0,0,15,5,0.3333333333333333
CHETUMAL QROO,651402,,12,0,0,12,4,0.3333333333333333
"RIO GRANDE, ZACATECA",75702,RGDE 757 CONSTITUCION,6,0,0,6,2,0.3333333333333333
SOMBRERETE ZAC,300652,SMBR INVENTARIOS ZONA I,3,0,0,3,1,0.3333333333333333
"TUXTEPEC, OAX",30602,,12,0,0,12,4,0.3333333333333333
STA CATARINA NL,27402,,14,0,0,15,5,0.3333333333333333
"TLAXIACO, OAX",784702,,7,0,0,9,3,0.3333333333333333
"ZACATECAS, ZAC",24302,ZCTS 243 ROP TACUBA,14,0,0,12,4,0.3333333333333333
IXTLAN D RIO NA,653002,IXRI 1530 ROP IXTLAN DEL RIO,6,0,0,6,2,0.3333333333333333
IXTLAN D RIO NA,33002,IXRI 330 ROP ALLENDE,19,0,0,18,6,0.3333333333333333
SAN JUAN DLL JA,356977,,2,0,0,3,1,0.3333333333333333
IZTACALCO D.F,300264,,3,0,0,3,1,0.3333333333333333
"GUANAJUATO, GTO",312301,GJTO ZONA,3,0,0,3,1,0.3333333333333333
DEL COYOACAN DF,142901,,11,2,0.18181818181818182,12,4,0.3333333333333333
SAN LUIS POTOSI,306001,SNLP ZONA,4,0,0,3,1,0.3333333333333333
CUAUTITLAN IZCA,40802,CTLZ 408 ROP TEPOJACO,12,0,0,12,4,0.3333333333333333
IZUCAR DE MAT P,311401,,3,0,0,3,1,0.3333333333333333
SAN PABLO DEL MONTE,110802,,13,0,0,15,5,0.3333333333333333
"FRESNILLO, ZAC.",769002,FLLO 7690 ROP PORTAL FRESNILLO,12,0,0,12,4,0.3333333333333333
B. JUAREZ D.F.,31802,,14,0,0,15,5,0.3333333333333333
SABINAS HIDALGO NL,113202,,12,0,0,12,4,0.3333333333333333
CIENEGA DE FLORES,300612,,7,0,0,6,2,0.3333333333333333
ECATEPEC DE MOR,40501,,18,1,0.05555555555555555,18,6,0.3333333333333333
VEGA DE LA TORRE,651302,VEDA 1513 ROP JUAREZ II,8,1,0.125,6,2,0.3333333333333333
"ATEMPAN, PUEBLA",148402,ATAN 1484 ROP 16 DE SEPTIEMBRE,8,1,0.125,9,3,0.3333333333333333
"LEON, GTO.",318901,LEON ZONA IV,6,0,0,6,2,0.3333333333333333
"LEON, GTO.",773502,LEON 7735 ROP PLAZA AEROPUERTO,12,0,0,12,4,0.3333333333333333
"PUEBLA, PUEBLA.",25202,,15,0,0,15,5,0.3333333333333333
"TIJUANA, BCN",300431,,5,0,0,6,2,0.3333333333333333
ECATEPEC DE MOR,300486,,3,0,0,3,1,0.3333333333333333
TLAPACOYAN,300679,TLPC INVENTARIOS ZONA I,3,0,0,3,1,0.3333333333333333
TIERRA BLANCA,90001,,19,1,0.05263157894736842,21,7,0.3333333333333333
"GUASAVE, SIN.",300401,,6,0,0,6,2,0.3333333333333333
"GUADALUPE, N.L.",11702,,12,0,0,12,4,0.3333333333333333
"TAXCO, GUERRERO",145602,,12,0,0,12,4,0.3333333333333333
"COATEPEC, VER",300675,COTP INVENTARIOS ZONA I,5,0,0,6,2,0.3333333333333333
"TAXCO, GUERRERO",46602,,14,0,0,15,5,0.3333333333333333
"LIBRES, PUEBLA",300233,LBRS INVENTARIOS ZONA I,3,0,0,3,1,0.3333333333333333
"TEMIXCO, MORELOS",300294,,5,1,0.2,6,2,0.3333333333333333
CHETUMAL QROO,20101,,24,0,0,24,8,0.3333333333333333
SANTIAGO JUXTLAHUACA,300634,,2,0,0,3,1,0.3333333333333333
"PEROTE, VERACRUZ",675101,#N/A,14,0,0,6,2,0.3333333333333333
"IXTAPALUCA, E.M",148902,,12,1,0.08333333333333333,12,4,0.3333333333333333
SAN NICOLAS N.L,102701,,12,0,0,12,4,0.3333333333333333
"IXTAPALUCA, E.M",788002,,12,0,0,12,4,0.3333333333333333
SAN NICOLAS N.L,119501,,12,0,0,12,4,0.3333333333333333
MARTINEZ DE TOR,335801,MZDT ZONA,5,1,0.2,6,2,0.3333333333333333
GUADALAJARA JAL,356917,GDLJ INVENTAROS ZONA II,2,0,0,3,1,0.3333333333333333
"CELAYA, GTO.",791001,CLYA 7910 MUE PUNTA NORTE,11,0,0,12,4,0.3333333333333333
"HUITZUCO, GUERRERO",781402,,11,1,0.09090909090909091,12,4,0.3333333333333333
TEZIUTLAN,327901,TZTL ZONA,2,0,0,3,1,0.3333333333333333
"IRAPUATO, GTO.",797802,IRPT 7978 ROP ARIA,12,0,0,12,4,0.3333333333333333
SAN MARTIN T. P,303501,SNMT ZONA,3,0,0,3,1,0.3333333333333333
"CUERNAVACA, MOR",16902,,12,0,0,12,4,0.3333333333333333
"CUERNAVACA, MOR",762201,,12,0,0,12,4,0.3333333333333333
"TECPAN DE GALEANA, G",300281,TEGA INVENTARIOS ZONA I,2,1,0.5,3,1,0.3333333333333333
CUAUHTEMOC D.F.,140201,CTMC 1402 MUE SALTO DEL AGUA,15,0,0,15,5,0.3333333333333333
GUADALAJARA JAL,326403,GDLJ ZONA VII,3,0,0,3,1,0.3333333333333333
COACALCO DE BAR,81901,,10,2,0.2,12,4,0.3333333333333333
"CD VICTORIA,TAM",113601,,15,0,0,15,5,0.3333333333333333
"TEHUITZINGO, PUE",146902,THZG 1469 ROP INTERNACIONAL,9,0,0,9,3,0.3333333333333333
CUAUTLA MORELOS,300289,,5,0,0,6,2,0.3333333333333333
"OMETEPEC, GUERRERO",111401,OMTP 1114 MUE CUAUHTEMOC,23,0,0,24,8,0.3333333333333333
"AXOCHIAPAN, MOR",300299,AXCH INVENTARIOS ZONA I,3,1,0.3333333333333333,3,1,0.3333333333333333
SAN PABLO DEL MONTE,110802,SNPM 1108 ROP PABLO SIDAR,13,0,0,15,5,0.3333333333333333
GUADALAJARA JAL,75802,GDLJ 758 MESA DEL NORTE,6,0,0,6,2,0.3333333333333333
"AMOZOC, PUEBLA",300230,AMZC INVENTARIOS ZONA I,5,0,0,6,2,0.3333333333333333
"AMOZOC, PUEBLA",765602,AMZC 7656 ROP 2 SUR,8,0,0,9,3,0.3333333333333333
"AMOZOC, PUEBLA",353001,AMZC ZONA,6,0,0,6,2,0.3333333333333333
"PAPANTLA, VERACRUZ",300672,,5,0,0,6,2,0.3333333333333333
CHALCO EDO MEX,147902,,9,0,0,9,3,0.3333333333333333
IZUCAR DE MAT P,311401,IZCR ZONA,3,0,0,3,1,0.3333333333333333
"ATLIXCO, PUEBLA",762301,ATLX 7623 MUE PLAZA MORALEDA,14,1,0.07142857142857142,12,4,0.3333333333333333
"PUEBLA, PUEBLA.",300218,PBLA INVENTARIOS ZONA VI,2,0,0,3,1,0.3333333333333333
"PUEBLA, PUEBLA.",300213,PBLA INVENTARIOS ZONA I,3,0,0,3,1,0.3333333333333333
"PUEBLA, PUEBLA.",322201,PBLA ZONA IV,2,0,0,3,1,0.3333333333333333
"TIJUANA, BCN",338602,,6,0,0,6,2,0.3333333333333333
NEZAHUALCOYOTL,102501,NZTL 1025 MUE IMPULSORA,12,1,0.08333333333333333,12,4,0.3333333333333333
VILLANUEVA,138602,,6,1,0.16666666666666666,6,2,0.3333333333333333
"GUAYMAS, SONORA",356906,,6,0,0,6,2,0.3333333333333333
"XILITLA, SLP",300661,,2,0,0,3,1,0.3333333333333333
PUTLA VILLA DE GUERR,300627,,3,0,0,3,1,0.3333333333333333
"PUEBLA, PUEBLA.",25202,PBLA 252 ROP CRUZ DEL SUR,15,0,0,15,5,0.3333333333333333
NEZAHUALCOYOTL,790301,NZTL 7903 MUE SOR JUANA,11,0,0,12,4,0.3333333333333333
"PUEBLA, PUEBLA.",780501,PBLA 7805 MUE VIA AMALUCAN,13,1,0.07692307692307693,12,4,0.3333333333333333
"AMOZOC, PUEBLA",353001,,6,0,0,6,2,0.3333333333333333
TAMAZUNCHALE,341201,,1,1,1,3,1,0.3333333333333333
VENUSTIANO C.DF,783802,VCZA 7838 ROP ENCUENTRO OCEANI,12,0,0,12,4,0.3333333333333333
"SALTILLO, COAH.",301103,,6,0,0,3,1,0.3333333333333333
"ATEMPAN, PUEBLA",148402,,9,0,0,9,3,0.3333333333333333
VENUSTIANO C.DF,783801,VCZA 7838 MUE ENCUENTRO OCEANI,12,0,0,12,4,0.3333333333333333
"VALLARTA, JAL.",3902,PVLL 39 ROP LAS PALMAS,24,0,0,24,8,0.3333333333333333
"CABORCA, SON.",356902,,6,0,0,6,2,0.3333333333333333
AGUASCALIENTES,775502,,12,2,0.16666666666666666,12,4,0.3333333333333333
SOMBRERETE ZAC,113801,,12,0,0,12,4,0.3333333333333333
PUERTO ESCONDIDO,300628,,6,0,0,6,2,0.3333333333333333
"PUEBLA, PUEBLA.",300213,,3,0,0,3,1,0.3333333333333333
"TEPIC, NAY",666501,TPIC 6665 MUE TEPIC,5,0,0,3,1,0.3333333333333333
TLAHUAC D.F.,120402,TLHC 1204 ROP ZAPOTITLAN,5,0,0,6,2,0.3333333333333333
"ZAMORA, MICH.",53102,,9,0,0,9,3,0.3333333333333333
SOMBRERETE ZAC,300652,,3,0,0,3,1,0.3333333333333333
SANTIAGO JUXTLAHUACA,300634,SJXT INVENTARIOS ZONA I,2,0,0,3,1,0.3333333333333333
"TANTOYUCA, VER",300495,,5,0,0,6,2,0.3333333333333333
PUTLA VILLA DE GUERR,300627,PTLA INVENTARIOS ZONA I,3,0,0,3,1,0.3333333333333333
IZTAPALAPA D.F.,315401,IZTP ZONA,4,1,0.25,3,1,0.3333333333333333
TLAQUEPAQUE,51302,,6,0,0,6,2,0.3333333333333333
MARTINEZ DE TOR,335801,,3,0,0,6,2,0.3333333333333333
TLALNEPANTLA DE,110002,TLNP 1100 ROP RIO DE LOS REME,13,0,0,12,4,0.3333333333333333
"IXTEPEC, OAXACA",92601,IXTE 926 MUE MORELOS,15,0,0,15,5,0.3333333333333333
"LOS MOCHIS, SIN",300443,,9,0,0,9,3,0.3333333333333333
TIERRA BLANCA,334102,TBCA ZONA II,2,0,0,3,1,0.3333333333333333
SAN LUIS POTOSI,306001,,4,0,0,3,1,0.3333333333333333
"TECOMAN, COLIMA",778202,,12,0,0,12,4,0.3333333333333333
"TECOMAN, COLIMA",300515,,5,0,0,6,2,0.3333333333333333
"TIANGUISTENCO,EDOMEX",300547,,5,0,0,6,2,0.3333333333333333
SALINA CRUZ OAX,130302,SCRZ 1303 ROP AV ACAPULCO,16,0,0,12,4,0.3333333333333333
IZTACALCO D.F,300264,IZTC INVENTARIOS ZONA I,3,0,0,3,1,0.3333333333333333
"CD OBREGON, SON",62302,CDOB 623 TUTULI,9,0,0,9,3,0.3333333333333333
"TANGAMANDAPIO, MICH",779901,,13,2,0.15384615384615385,12,4,0.3333333333333333
OAXACA OAXACA,774702,OAXC 7747 ROP ALAMEDA,8,0,0,9,3,0.3333333333333333
TEJUPILCO EDO MEX,48901,,15,0,0,15,5,0.3333333333333333
"TUXTEPEC, OAX",30602,TXTP 306 ROP LIBERTAD,12,0,0,12,4,0.3333333333333333
"MANZANILLO, COL",70201,,12,0,0,12,4,0.3333333333333333
"MANZANILLO, COL",300516,,11,0,0,12,4,0.3333333333333333
"TECUALA, NAY",81002,TCLA 810 ROP HIDALGO,12,0,0,12,4,0.3333333333333333
B. JUAREZ D.F.,31802,BJRZ 318 ROP VIADUCTO,14,0,0,15,5,0.3333333333333333
GUSTAVO A MADERO DF,145002,GAMD 1450 ROP CIEN METROS,11,1,0.09090909090909091,12,4,0.3333333333333333
ALTO LUCERO DE GUTIE,95502,,12,1,0.08333333333333333,12,4,0.3333333333333333
OAXACA OAXACA,306601,,6,1,0.16666666666666666,6,2,0.3333333333333333
"MORELIA, MICH.",98702,,14,1,0.07142857142857142,15,5,0.3333333333333333
"CD GUZMAN, JAL",312801,,3,0,0,3,1,0.3333333333333333
"CD GUZMAN, JAL",772802,,11,2,0.18181818181818182,12,4,0.3333333333333333
"MATAMOROS, TAM.",41302,MTMS 413 ROP CONSTITUYENTES,17,0,0,18,6,0.3333333333333333
OXKUTZCAB,120902,,11,1,0.09090909090909091,12,4,0.3333333333333333
OAXACA OAXACA,652601,,15,0,0,15,5,0.3333333333333333
"MAZATLAN, SIN.",681601,#N/A,5,0,0,3,1,0.3333333333333333
"APODACA, N.L.",300681,APDC INVENTARIOS ZONA I,5,0,0,6,2,0.3333333333333333
"PARRAL, CHIHUAH",79802,PRRL 798 J.GARCIA Y PALMIL,6,0,0,6,2,0.3333333333333333
CUAUTLA MORELOS,300289,CTLA INVENTARIOS ZONA I,5,0,0,6,2,0.3333333333333333
NAUCALPAN EDO MEX,356957,NCPN INVENTARIOS ZONA II,3,0,0,3,1,0.3333333333333333
"GUADALUPE, N.L.",11702,GDLP 117 ROP GPE LAS QUINT,12,0,0,12,4,0.3333333333333333
"MAZATLAN, SIN.",300601,MZTN ZONA,3,0,0,3,1,0.3333333333333333
"XALISCO, NAY",87001,,14,0,0,15,5,0.3333333333333333
"MAZATLAN, SIN.",312701,MZTN ZONA II,3,0,0,3,1,0.3333333333333333
"TEHUITZINGO, PUE",146902,,9,0,0,9,3,0.3333333333333333
"MAZATLAN, SIN.",131202,MZTN 1312 ROP CAMARON SABALO,7,0,0,6,2,0.3333333333333333
"TAXCO, GUERRERO",145602,TXCO 1456 ROP LAS AMERICAS,12,0,0,12,4,0.3333333333333333
"CD MADERO, TAMA",100902,CDMD 1009 ROP MADERO,14,1,0.07142857142857142,15,5,0.3333333333333333
"TAXCO, GUERRERO",46602,TXCO 466 ROP PLATEROS,14,0,0,15,5,0.3333333333333333
AXTLA DE TERRAZAS,148802,,6,0,0,6,2,0.3333333333333333
"CALKINI, CAMPECHE",300478,,3,0,0,3,1,0.3333333333333333
"TEPIC, NAY",666501,,5,0,0,3,1,0.3333333333333333
"CD VICTORIA,TAM",113601,CDVC 1136 MUE HIDALGO,15,0,0,15,5,0.3333333333333333
"TEPIC, NAY",119601,,14,0,0,15,5,0.3333333333333333
CALVILLO AGUASC,115701,,14,0,0,15,5,0.3333333333333333
SABINAS HIDALGO NL,113202,SABH 1132 ROP LA CENTRAL,12,0,0,12,4,0.3333333333333333
"SAN BLAS, NAY",129901,,12,0,0,12,4,0.3333333333333333
CIENEGA DE FLORES,300612,CNGA INVENTARIOS ZONA I,6,0,0,6,2,0.3333333333333333
IXTLAN D RIO NA,653002,,5,1,0.2,6,2,0.3333333333333333
GUADALAJARA JAL,84602,,13,0,0,12,4,0.3333333333333333
"RIO GRANDE, ZACATECA",75702,,6,0,0,6,2,0.3333333333333333
GUADALAJARA JAL,326403,,2,0,0,3,1,0.3333333333333333
"IXTAPALUCA, E.M",316801,IXTP ZONA,2,0,0,3,1,0.3333333333333333
"IXTAPALUCA, E.M",788002,IXTP 7880 ROP PLAZA IXTAPALUCA,12,0,0,12,4,0.3333333333333333
"IXTAPALUCA, E.M",766502,IXTP 7665 ROP PLAZA HEROES,12,1,0.08333333333333333,12,4,0.3333333333333333
"IXTAPALUCA, E.M",148902,IXTP 1489 ROP SAN BUENA AVENTU,12,0,0,12,4,0.3333333333333333
STA CATARINA NL,27402,STCA 274 ROP COLOSIO,14,1,0.07142857142857142,15,5,0.3333333333333333
GUADALAJARA JAL,356917,,2,0,0,3,1,0.3333333333333333
GUADALAJARA JAL,356916,,3,0,0,3,1,0.3333333333333333
SAN NICOLAS N.L,102701,SNNG 1027 MUE LA FE,12,0,0,12,4,0.3333333333333333
CHALCO EDO MEX,147902,CHLC 1479 ROP SAN SEBASTIAN,9,0,0,9,3,0.3333333333333333
"COCULA, JALISCO",657802,,12,1,0.08333333333333333,12,4,0.3333333333333333
"MONTERREY, N.L.",300206,MTRY INVENTARIOS ZONA VII,6,0,0,6,2,0.3333333333333333
"AMECA, JALISCO",135302,,5,2,0.4,6,2,0.3333333333333333
"AHUALULCO DE ME, JAL",120802,,12,0,0,12,4,0.3333333333333333
"MONTERREY, N.L.",776902,MTRY 7769 ROP JUAREZ I,6,0,0,6,2,0.3333333333333333
RINCON DE ROMOS,102902,,16,0,0,15,5,0.3333333333333333
"CUERNAVACA, MOR",16902,CNVC 169 ROP LOPEZ MATEOS,12,0,0,12,4,0.3333333333333333
"CUERNAVACA, MOR",762201,CNVC 7622 MUE EL VERGEL,11,1,0.09090909090909091,12,4,0.3333333333333333
"MONTERREY, N.L.",24701,MTRY 247 MUE TOPOCHICO,8,0,0,9,3,0.3333333333333333
"MAZATLAN, SIN.",300601,,3,0,0,3,1,0.3333333333333333
NAUCALPAN EDO MEX,85001,NCPN 850 MUE EL MOLINITO,12,1,0.08333333333333333,12,4,0.3333333333333333
"SALTILLO, COAH.",301103,SALT ZONA III,6,0,0,3,1,0.3333333333333333
"CHIHUAHUA, CHI",300201,CHUA ZONA I,4,0,0,3,1,0.3333333333333333
"CHIHUAHUA, CHI",146802,CHUA 1468 ROP SENDERO,6,0,0,6,2,0.3333333333333333
CULIACAN SIN.,49002,CLCN 490 ROP LA PRIMAVERA,3,1,0.3333333333333333,3,1,0.3333333333333333
CHIAUTLA DE TAPIA,300404,,3,0,0,3,1,0.3333333333333333
CULIACAN SIN.,125202,,17,1,0.058823529411764705,18,6,0.3333333333333333
"TIJUANA, BCN",300431,TJNA INVENTARIOS ZONA III,5,0,0,6,2,0.3333333333333333
"CD VALLES, SLP",677801,,5,0,0,3,1,0.3333333333333333
"ZONGOLICA, VER",769202,,8,0,0,9,3,0.3333333333333333
"RIO BLANCO, VER",74702,,12,0,0,12,4,0.3333333333333333
"DE LAS CHOAPAS, VER",334001,,3,0,0,3,1,0.3333333333333333
"TORREON, COAH.",24501,,11,2,0.18181818181818182,12,4,0.3333333333333333
"TORREON, COAH.",657302,,6,0,0,6,2,0.3333333333333333
"TORREON, COAH.",356937,,6,0,0,6,2,0.3333333333333333
CALVILLO AGUASC,115702,,12,0,0,12,4,0.3333333333333333
BUENAVISTA TOMATLAN,779602,,12,0,0,12,4,0.3333333333333333
"TIJUANA, BCN",338602,TJNA ZONA VI,6,1,0.16666666666666666,6,2,0.3333333333333333
"CD OBREGON, SON",16401,CDOB 164 MUE CALIFORNIA,12,1,0.08333333333333333,12,4,0.3333333333333333
CULIACAN SIN.,329104,,3,1,0.3333333333333333,3,1,0.3333333333333333
"TIJUANA, BCN",654002,TJNA 1540 ROP LA VILLA,6,0,0,6,2,0.3333333333333333
"TIJUANA, BCN",68502,TJNA 685 5 Y 10,7,0,0,9,3,0.3333333333333333
S CRISTOBAL CHI,300245,SNCC INVENTARIOS ZONA I,3,0,0,3,1,0.3333333333333333
"TLAHUELILPAN, HID",781301,,11,0,0,12,4,0.3333333333333333
CULIACAN SIN.,49002,,2,0,0,3,1,0.3333333333333333
"GUAYMAS, SONORA",356906,GYMS INVENTARIOS ZONA I,6,0,0,6,2,0.3333333333333333
TUXTLA GUTIERRE,786001,TXGT 7860 MUE BELISARIO DOMING,12,0,0,12,4,0.3333333333333333
"TIJUANA, BCN",18102,TJNA 181 ROP OTAY,15,0,0,15,5,0.3333333333333333
"GUAYMAS, SONORA",674002,#N/A,14,0,0,3,1,0.3333333333333333
"TIJUANA, BCN",9702,TJNA 97 ROP LAS BRISAS,15,1,0.06666666666666667,18,6,0.3333333333333333
"COMALCALCO, TAB",300239,CMLC INVENTARIOS ZONA I,5,0,0,6,2,0.3333333333333333
"LIBRES, PUEBLA",300233,,3,0,0,3,1,0.3333333333333333
"TIJUANA, BCN",19801,TJNA 198 MUE PLAZA CORTEZ,12,0,0,12,4,0.3333333333333333
VILLAHERMOSA,52602,VLLH 526 GUAYABAL,7,0,0,6,2,0.3333333333333333
"ZONGOLICA, VER",769202,ZGCA 7692 ROP ALDAMA,8,1,0.125,9,3,0.3333333333333333
CULIACAN SIN.,41501,CLCN 415 MUE UNIVERSITARIOS,17,2,0.11764705882352941,18,6,0.3333333333333333
TEPOTZOTLAN,300412,,3,1,0.3333333333333333,3,1,0.3333333333333333
"TEPEJI D RIO D O,HGO",44501,,18,0,0,18,6,0.3333333333333333
SAN JUAN D RIO,304402,,2,0,0,3,1,0.3333333333333333
"TIJUANA, BCN",9702,,16,0,0,18,6,0.3333333333333333
"QUERETARO, QRO.",326701,,1,0,0,3,1,0.3333333333333333
"HERMOSILLO, SON",64002,HLLO 640 -681 CANADA HMO,5,1,0.2,6,2,0.3333333333333333
"QUERETARO, QRO.",134301,,16,2,0.125,15,5,0.3333333333333333
"DE LAS CHOAPAS, VER",334001,LCHP ZONA,3,1,0.3333333333333333,3,1,0.3333333333333333
"MEXICALI, BCN.",130802,,6,0,0,6,2,0.3333333333333333
"GUADALUPE, N.L.",300600,,4,1,0.25,6,2,0.3333333333333333
CUAUTEPEC DE HINOJOS,119402,,13,0,0,12,4,0.3333333333333333
"CARDEL, VER",334701,CADL ZONA,4,0,0,3,1,0.3333333333333333
EZEQUIEL MONTES,117301,,14,0,0,15,5,0.3333333333333333
CUAUTITLAN IZCA,144402,,12,1,0.08333333333333333,12,4,0.3333333333333333
"COZUMEL, QROO",92901,,15,0,0,15,5,0.3333333333333333
"CALKINI, CAMPECHE",300478,CAKI INVENTARIOS ZONA I,3,0,0,3,1,0.3333333333333333
"TUXPAN,VERACRUZ",327601,,3,0,0,3,1,0.3333333333333333
"TICUL, YUCATAN",300477,TICL INVENTARIOS ZONA I,3,0,0,3,1,0.3333333333333333
"MINATITLAN, VER",794301,#N/A,20,0,0,18,6,0.3333333333333333
COATZACOALCOS,91602,,14,0,0,15,5,0.3333333333333333
"AMOZOC, PUEBLA",765602,,8,0,0,9,3,0.3333333333333333
OXKUTZCAB,120902,OKTB 1209 ROP ERMITA,12,0,0,12,4,0.3333333333333333
AMEALCO DE BONFIL,300424,,3,0,0,3,1,0.3333333333333333
"COMALCALCO, TAB",300239,,5,0,0,6,2,0.3333333333333333
"EL FUERTE, SIN",679001,,5,0,0,3,1,0.3333333333333333
"PARRAL, CHIHUAH",79802,,6,0,0,6,2,0.3333333333333333
VERACRUZ VER,326203,VRCZ ZONA IV,3,0,0,3,1,0.3333333333333333
VERACRUZ VER,326202,VRCZ ZONA III,2,0,0,3,1,0.3333333333333333
VERACRUZ VER,17102,VRCZ 171 ROP DIAZ MIRON,14,0,0,15,5,0.3333333333333333
"GUACHOCHI, CHIH",656301,,12,1,0.08333333333333333,12,4,0.3333333333333333
"COZUMEL, QROO",92901,CZML 929 MUE EL CARACOL,15,0,0,15,5,0.3333333333333333
VILLA DE ALVAREZ,129402,VIAL 1294 ROP JUAREZ,6,0,0,6,2,0.3333333333333333
"CHIHUAHUA, CHI",300588,,8,1,0.125,9,3,0.3333333333333333
UNION DE TULA,115202,UNTL 1152 ROP YUCATAN,6,0,0,6,2,0.3333333333333333
"CD JUAREZ, CHIU",766702,,9,0,0,9,3,0.3333333333333333
"CD JUAREZ, CHIU",786302,,21,0,0,21,7,0.3333333333333333
EZEQUIEL MONTES,117301,EZQM 1173 MUE PLAZA LAS FUENTE,15,0,0,15,5,0.3333333333333333
SALVATIERRA,90101,,18,1,0.05555555555555555,18,6,0.3333333333333333