Ciudad,# Centro,Centro,# Planta Mensual,# Bajas Mensual,% Rotación Mensual,Planta Promedio AM,# Bajas Anual Movil,Rotacion AM
"CHIHUAHUA, CHI",215415,CHUA TRASLADO,15,4,0.26666666666666666,13,41,3.1538461538461537
"CHIHUAHUA, CHI",215415,,14,2,0.14285714285714285,13,40,3.076923076923077
"PUEBLA, PUEBLA.",153307,,1,1,1,1,3,3
"LINARES, N.L",161602,LNRS DISTRIBUCION FORANEO,6,0,0,6,17,2.8333333333333335
"GUADALUPE, N.L.",200535,GDLP TRASLADO,19,1,0.05263157894736842,18,49,2.7222222222222223
"LINARES, N.L",161602,,6,0,0,6,16,2.6666666666666665
AZCAPOTZALCO DF,215709,,0,0,0,2,5,2.5
AZCAPOTZALCO DF,215709,AZCP PICKING DOBLADO,0,0,0,2,5,2.5
BENITO JUAREZ QROO,159605,CNCN DISTRIBUCION RAC,2,0,0,2,5,2.5
BENITO JUAREZ QROO,159605,,2,0,0,2,5,2.5
"GUADALUPE, N.L.",200535,,19,2,0.10526315789473684,18,41,2.2777777777777777
"GUADALUPE, N.L.",200525,GDLP DESCARGA,31,10,0.3225806451612903,31,69,2.225806451612903
"GUADALUPE, N.L.",200525,,34,4,0.11764705882352941,32,71,2.21875
"TECAMAC, EDO ME",201825,,34,1,0.029411764705882353,31,65,2.096774193548387
"TECAMAC, EDO ME",201825,TCMC TRASLADO,34,5,0.14705882352941177,31,65,2.096774193548387
"CHIHUAHUA, CHI",215416,CHUA DESCARGA,19,3,0.15789473684210525,18,37,2.0555555555555554
"PUEBLA, PUEBLA.",153307,PBLA MEDIA MILLA,1,0,0,1,2,2
OAXACA OAXACA,157503,,1,0,0,1,2,2
"TIJUANA, BCN",153511,,1,0,0,1,2,2
AZCAPOTZALCO DF,215708,AZCP PICKING COLGADO,1,0,0,1,2,2
"TIJUANA, BCN",153511,TJNA COORDINACION TRANSPORTE,1,0,0,1,2,2
"PARRAL, CHIHUAH",156203,PRRL DISTRIBUCION FORANEO,1,1,1,2,4,2
"GUADALUPE, N.L.",200538,,3,1,0.3333333333333333,2,4,2
"PARRAL, CHIHUAH",156203,,2,0,0,2,4,2
"QUERETARO, QRO.",153003,,1,1,1,2,4,2
"TAMPICO, TAM.",153402,,1,0,0,1,2,2
"CHIHUAHUA, CHI",215416,,18,3,0.16666666666666666,18,35,1.9444444444444444
"TALA, JAL",348902,TALA DISTRIBUCION,13,4,0.3076923076923077,13,25,1.9230769230769231
"QUERETARO, QRO.",153004,QRTO DISTRIBUCION FORANEO,3,2,0.6666666666666666,5,9,1.8
"QUERETARO, QRO.",153004,,6,2,0.3333333333333333,5,9,1.8
"POZA RICA, VER.",161203,,5,2,0.4,5,9,1.8
SAN LUIS POTOSI,212206,,14,5,0.35714285714285715,14,25,1.7857142857142858
"TALA, JAL",348902,,15,2,0.13333333333333333,13,23,1.7692307692307692
"CD VICTORIA,TAM",160903,,4,0,0,4,7,1.75
"CD VICTORIA,TAM",160903,CDVC DISTRIBUCION FORANEO,4,0,0,4,7,1.75
"TUXPAN,VERACRUZ",165201,TXPN DISTRIBUCION,9,0,0,8,13,1.625
"LEON, GTO.",215301,,17,3,0.17647058823529413,16,26,1.625
"TUXPAN,VERACRUZ",165201,,9,0,0,8,13,1.625
SAN LUIS POTOSI,212206,#N/A,13,2,0.15384615384615385,13,21,1.6153846153846154
OAXACA OAXACA,157505,OAXC DISTRIBUCION I FORANEO,0,0,0,5,8,1.6
"POZA RICA, VER.",161203,PZRC DISTRIBUCION FORANEO,6,1,0.16666666666666666,5,8,1.6
"MEXICALI, BCN.",201413,,15,1,0.06666666666666667,16,25,1.5625
TLAQUEPAQUE,159508,TLQP EMBARQUES III,9,3,0.3333333333333333,13,20,1.5384615384615385
CUAUTITLAN IZCA,201314,CTLZ DESCARGA I,59,1,0.01694915254237288,53,81,1.528301886792453
"MONTERREY, N.L.",200513,,35,7,0.2,38,58,1.5263157894736843
CD CUAUHTEMOC,153802,CDCC DISTRIBUCION FORANEO,2,0,0,2,3,1.5
TLAQUEPAQUE,159505,TLQP DESCARGA II,30,6,0.2,34,51,1.5
"GUADALUPE, N.L.",200538,GDLP DISTRIBUCION III,3,0,0,2,3,1.5
"LOS MOCHIS, SIN",201514,LMCH LOTEO,8,3,0.375,10,15,1.5
"CHIHUAHUA, CHI",151603,CHUA DISTRIBUCION FORANEO,2,0,0,2,3,1.5
CUAUTITLAN IZCA,201327,,2,0,0,2,3,1.5
"GUADALUPE, N.L.",200529,,8,3,0.375,10,15,1.5
"LEON, GTO.",215301,LEON ZAPATERIA,16,4,0.25,16,24,1.5
"CHIHUAHUA, CHI",215414,CHUA SUMINISTROS,2,0,0,2,3,1.5
"MONTERREY, N.L.",154001,,9,1,0.1111111111111111,10,15,1.5
"QUERETARO, QRO.",153003,QRTO DISTRIBUCION RAC,1,1,1,2,3,1.5
AZCAPOTZALCO DF,210703,AZCP HABILITADO MOTOS,4,0,0,4,6,1.5
"MEXICALI, BCN.",201413,MXLI TRASLADO,15,1,0.06666666666666667,16,24,1.5
"CHIHUAHUA, CHI",215420,,5,1,0.2,6,9,1.5
AZCAPOTZALCO DF,210703,,4,0,0,4,6,1.5
CUAUTITLAN IZCA,201327,CTLZ SUMINISTROS,2,0,0,2,3,1.5
"LOS MOCHIS, SIN",201514,,10,1,0.1,10,15,1.5
TLAQUEPAQUE,218110,,19,3,0.15789473684210525,19,28,1.4736842105263157
CUAUTITLAN IZCA,201328,CTLZ TRASLADO,40,8,0.2,38,56,1.4736842105263157
GUADALAJARA JAL,215604,,16,3,0.1875,15,22,1.4666666666666666
GUADALAJARA JAL,215603,,15,1,0.06666666666666667,13,19,1.4615384615384615
TLAQUEPAQUE,159505,,34,2,0.058823529411764705,34,49,1.4411764705882353
TLAQUEPAQUE,159504,TLQP DESCARGA I,34,4,0.11764705882352941,37,53,1.4324324324324325
TLAQUEPAQUE,159504,,37,2,0.05405405405405406,37,53,1.4324324324324325
TEXCOCO EDO MEX,218230,,9,2,0.2222222222222222,7,10,1.4285714285714286
SAN JUAN D RIO,160202,SNJR DISTRIBUCION FORANEO,10,2,0.2,12,17,1.4166666666666667
"CUAUTLANCINGO, PUE",201207,,22,5,0.22727272727272727,29,41,1.4137931034482758
"CUAUTLANCINGO, PUE",201207,CTLG RACK,28,5,0.17857142857142858,30,42,1.4
OAXACA OAXACA,157505,,1,0,0,5,7,1.4
"MONTERREY, N.L.",200513,MTRY TRASLADO,41,5,0.12195121951219512,38,53,1.394736842105263
GUADALAJARA JAL,215603,GDLJ ZAPATERIA,14,1,0.07142857142857142,13,18,1.3846153846153846
TLAQUEPAQUE,159508,,12,0,0,13,18,1.3846153846153846
CUAUTITLAN IZCA,201326,CTLZ PISO,12,1,0.08333333333333333,11,15,1.3636363636363635
"GOMEZ PAL, DGO.",200317,,32,5,0.15625,36,49,1.3611111111111112
CUAUTITLAN IZCA,201314,,56,2,0.03571428571428571,54,73,1.3518518518518519
VERACRUZ VER,165303,,58,9,0.15517241379310345,59,79,1.3389830508474576
"CHIHUAHUA, CHI",215417,CHUA EMBARQUES,5,1,0.2,6,8,1.3333333333333333
SAN JUAN D RIO,160202,,13,1,0.07692307692307693,12,16,1.3333333333333333
GUADALAJARA JAL,153903,GDLJ EMBARQUES I,10,0,0,9,12,1.3333333333333333
AZCAPOTZALCO DF,215704,AZCP COLGADO II,4,0,0,6,8,1.3333333333333333
GUADALAJARA JAL,153903,,10,0,0,9,12,1.3333333333333333
"CHIHUAHUA, CHI",215420,CHUA ZONA CEDIS MUEBLES,6,1,0.16666666666666666,6,8,1.3333333333333333
SAN LUIS POTOSI,152207,,3,0,0,3,4,1.3333333333333333
GUADALAJARA JAL,215604,GDLJ DOBLADO,16,0,0,15,20,1.3333333333333333
SAN LUIS POTOSI,152207,SNLP II DISTRIBUCIÓN FORANEO ,3,0,0,3,4,1.3333333333333333
TLAQUEPAQUE,218110,TLQP HABILITADO,20,1,0.05,19,25,1.3157894736842106
CUAUTITLAN IZCA,201328,,40,2,0.05,39,51,1.3076923076923077
"TECAMAC, EDO ME",201821,TCMC LOTEO,13,0,0,13,17,1.3076923076923077
"MONTERREY, N.L.",200514,,25,2,0.08,23,30,1.3043478260869565
"GUADALUPE, N.L.",200526,,23,2,0.08695652173913043,20,26,1.3
"MONTERREY, N.L.",150716,MTRY DISTRIBUCION VII,16,2,0.125,17,22,1.2941176470588236
VERACRUZ VER,165303,VRCZ DESCARGA,64,6,0.09375,58,75,1.293103448275862
"IXTAPALUCA, E.M",201625,,7,0,0,7,9,1.2857142857142858
GUADALAJARA JAL,200611,,8,1,0.125,7,9,1.2857142857142858
"GOMEZ PAL, DGO.",200317,GPLC DESCARGA I,34,6,0.17647058823529413,36,46,1.2777777777777777
"MONTERREY, N.L.",150716,,17,1,0.058823529411764705,18,23,1.2777777777777777
CUAUTITLAN IZCA,201326,,12,1,0.08333333333333333,11,14,1.2727272727272727
"TECAMAC, EDO ME",201814,,10,1,0.1,11,14,1.2727272727272727
"TECAMAC, EDO ME",201814,TCMC EMBARQUES II,10,0,0,11,14,1.2727272727272727
"MONTERREY, N.L.",154001,MTRY EMBARQUES I,9,0,0,11,14,1.2727272727272727
"LA BARCA, JAL.",152501,,8,0,0,8,10,1.25
"CUAUTLANCINGO, PUE",169908,CTLG DESCARGA II,67,9,0.13432835820895522,60,75,1.25
"LA BARCA, JAL.",152501,LBCA DISTRIBUCION,8,1,0.125,8,10,1.25
"MONTERREY, N.L.",154006,,23,5,0.21739130434782608,25,31,1.24
TEXCOCO EDO MEX,218233,,17,2,0.11764705882352941,17,21,1.2352941176470589
"MONTERREY, N.L.",200514,MTRY RACK,25,2,0.08,23,28,1.2173913043478262
"LINARES, N.L",161601,,5,0,0,5,6,1.2
"GUADALUPE, N.L.",200529,GDLP LOTEO,10,2,0.2,10,12,1.2
"LINARES, N.L",161601,LNRS DISTRIBUCION,5,0,0,5,6,1.2
"TECAMAC, EDO ME",201812,TCMC DISTRIBUCION II,21,8,0.38095238095238093,20,24,1.2
"NAVOJOA, SON.",151302,,5,1,0.2,5,6,1.2
"GUADALUPE, N.L.",200526,GDLP DISTRIBUCION I,23,1,0.043478260869565216,20,24,1.2
"TAMPICO, TAM.",163003,,6,1,0.16666666666666666,6,7,1.1666666666666667
AZCAPOTZALCO DF,215704,,4,0,0,6,7,1.1666666666666667
"CHIHUAHUA, CHI",215418,,6,3,0.5,6,7,1.1666666666666667
TEXCOCO EDO MEX,218206,,28,3,0.10714285714285714,30,35,1.1666666666666667
TEXCOCO EDO MEX,218230,TXCC MODULO LINEA EXTENDIDA,7,1,0.14285714285714285,7,8,1.1428571428571428
TEZIUTLAN,164402,TZTL DISTRIBUCION FORANEO,6,0,0,7,8,1.1428571428571428
GUADALAJARA JAL,200611,GDLJ TALLER DE SERVICIOS 2,8,0,0,7,8,1.1428571428571428
TEXCOCO EDO MEX,218206,TXCC TRASLADO,30,1,0.03333333333333333,30,34,1.1333333333333333
TLAQUEPAQUE,202216,,22,3,0.13636363636363635,24,27,1.125
"MERIDA, YUCATAN",201726,,7,1,0.14285714285714285,8,9,1.125
"IXTAPALUCA, E.M",201625,IXTP PISO,7,2,0.2857142857142857,8,9,1.125
"MONTERREY, N.L.",154006,MTRY DESCARGA I,26,3,0.11538461538461539,25,28,1.12
TEXCOCO EDO MEX,218233,#N/A,17,0,0,17,19,1.1176470588235294
"HERMOSILLO, SON",200211,,28,4,0.14285714285714285,26,29,1.1153846153846154
"PUEBLA, PUEBLA.",216104,,24,5,0.20833333333333334,26,29,1.1153846153846154
"CUAUTLANCINGO, PUE",169908,,67,5,0.07462686567164178,62,69,1.1129032258064515
"TECAMAC, EDO ME",201812,,26,0,0,21,23,1.0952380952380953
CUAUTITLAN IZCA,157002,CTLZ DISTRIBUCION I,13,1,0.07692307692307693,11,12,1.0909090909090908
CUAUTITLAN IZCA,157002,,12,1,0.08333333333333333,11,12,1.0909090909090908
TEXCOCO EDO MEX,218236,,11,2,0.18181818181818182,12,13,1.0833333333333333
"TECAMAC, EDO ME",201821,,13,0,0,13,14,1.0769230769230769
SAN LUIS POTOSI,152202,SNLP DISTRIBUCION II,14,0,0,13,14,1.0769230769230769
"MONTERREY, N.L.",200512,MTRY LOTEO,15,2,0.13333333333333333,14,15,1.0714285714285714
TEXCOCO EDO MEX,218215,,13,2,0.15384615384615385,14,15,1.0714285714285714
OAXACA OAXACA,157502,,18,2,0.1111111111111111,16,17,1.0625
"CUAUTLANCINGO, PUE",201203,,16,1,0.0625,16,17,1.0625
"CUAUTLANCINGO, PUE",201203,CTLG TALLER DE SERVICIOS 1,17,1,0.058823529411764705,16,17,1.0625
TEXCOCO EDO MEX,218222,,23,5,0.21739130434782608,20,21,1.05
"MONTERREY, N.L.",154002,MTRY DISTRIBUCION II,24,3,0.125,22,23,1.0454545454545454
"GOMEZ PAL, DGO.",215812,GPLC HABILITADO,23,1,0.043478260869565216,22,23,1.0454545454545454
"MONTERREY, N.L.",154002,,23,2,0.08695652173913043,22,23,1.0454545454545454
"HERMOSILLO, SON",215909,HLLO PICKING DOBLADO,23,1,0.043478260869565216,23,24,1.0434782608695652
"PUEBLA, PUEBLA.",216104,PBLA COLGADO I,26,2,0.07692307692307693,26,27,1.0384615384615385
"CUAUTLANCINGO, PUE",169907,CTLG DISTRIBUCION V,31,3,0.0967741935483871,26,27,1.0384615384615385
"TECAMAC, EDO ME",201815,,50,2,0.04,52,53,1.0192307692307692
"CUAUTLANCINGO, PUE",201212,CTLG TLASLADO,58,3,0.05172413793103448,53,54,1.0188679245283019
"HERMOSILLO, SON",200225,,1,0,0,1,1,1
"MERIDA, YUCATAN",201717,MRDA LOTEO,10,0,0,10,10,1
"CHIHUAHUA, CHI",151602,,2,0,0,2,2,1
SAN LUIS POTOSI,152204,,1,0,0,1,1,1
"CHIHUAHUA, CHI",151603,,2,0,0,2,2,1
"GUADALUPE, N.L.",200534,,6,0,0,6,6,1
"MERIDA, YUCATAN",201726,MRDA HABILITADO MOTOS,8,0,0,8,8,1
"HERMOSILLO, SON",215909,,23,1,0.043478260869565216,23,23,1
"IXTAPALUCA, E.M",216911,,0,0,0,1,1,1
"CD VICTORIA,TAM",160902,,1,0,0,1,1,1
CD CUAUHTEMOC,153802,,2,0,0,2,2,1
"REYNOSA, TAM.",155102,RYNS DISTRIBUCION RAC,1,0,0,1,1,1
"OMETEPEC, GUERRERO",169002,,0,1,0,1,1,1
AYUTLA DE LOS LIBRES,159802,AYLI OPERACION Y EQ DE TRANSP,0,1,0,1,1,1
"CHIHUAHUA, CHI",215417,,5,0,0,6,6,1
"MEXICALI, BCN.",215209,MXLI COLGADO II,8,0,0,8,8,1
"LEON, GTO.",200425,LEON SUMINISTROS,2,1,0.5,2,2,1
LAZARO CARDENAS,156901,LCRS DISTRIBUCION,12,1,0.08333333333333333,11,11,1
"MAZATLAN, SIN.",150502,MZTN DISTRIBUCION RAC,3,0,0,3,3,1
OAXACA OAXACA,157506,OAXC DISTRIBUCION II FORANEO,0,0,0,5,5,1
"CHIHUAHUA, CHI",151602,CHUA DISTRIBUCIÓN RAC,2,0,0,2,2,1
SAN LUIS POTOSI,212201,,4,0,0,5,5,1
"CD OBREGON, SON",150402,CDOB DISTRIBUCION RAC,1,0,0,1,1,1
GUADALAJARA JAL,215610,,8,1,0.125,8,8,1
"MEXICALI, BCN.",215209,,7,1,0.14285714285714285,8,8,1
"GUADALUPE, N.L.",200533,,2,0,0,2,2,1
"ZACATECAS, ZAC",154403,ZCTS DISTRIBUCION RAC,2,0,0,2,2,1
AYUTLA DE LOS LIBRES,159802,,0,0,0,1,1,1
"OMETEPEC, GUERRERO",169001,,12,2,0.16666666666666666,9,9,1
"GUADALUPE, N.L.",200534,GDLP TALLER DE SERVICIOS,6,0,0,6,6,1
"NAVOJOA, SON.",151302,NVJA DISTRIBUCION FORANEO,5,0,0,5,5,1
SAN LUIS POTOSI,212201,#N/A,6,1,0.16666666666666666,5,5,1
"TECAMAC, EDO ME",201815,TCMC DESCARGA I,52,2,0.038461538461538464,52,52,1
ZACATLAN D L MA,162803,ZCTL DISTRIBUCION FORANEO,4,0,0,4,4,1
"HERMOSILLO, SON",200211,HLLO DISTRIBUCION III,26,6,0.23076923076923078,26,26,1
ZACATLAN D L MA,162803,,4,0,0,4,4,1
SAN LUIS POTOSI,152202,,14,0,0,13,13,1
VILLAHERMOSA,156707,VLLH DISTRIBUCION VI AA,2,0,0,2,2,1
"HERMOSILLO, SON",200225,HLLO SUMINISTROS,1,1,1,1,1,1
"TAMPICO, TAM.",163003,TMPC DISTRIBUCION FORANEO,6,1,0.16666666666666666,6,6,1
"MAZATLAN, SIN.",150502,,3,0,0,3,3,1
AGUASCALIENTES,212105,AGSC TRASLADO,11,0,0,10,10,1
"MONTERREY, N.L.",200512,,15,0,0,14,14,1
OAXACA OAXACA,157502,OAXC DISTRIBUCION II,18,1,0.05555555555555555,16,16,1
SAN LUIS POTOSI,151706,,6,1,0.16666666666666666,2,2,1
OAXACA OAXACA,157504,OAXC DISTRIBUCIÓN RAC II,2,0,0,1,1,1
"MATEHUALA, SLP",166901,MTHL DISTRIBUCION,6,0,0,6,6,1
"MORELIA, MICH.",152102,,2,0,0,1,1,1
"CD OBREGON, SON",150402,,1,0,0,1,1,1
ATLACOMULCO,164901,ATLC DISTRIBUCION,9,1,0.1111111111111111,8,8,1
"GUADALUPE, N.L.",200533,GDLP SUMINISTROS,2,0,0,2,2,1
LAZARO CARDENAS,156901,,11,2,0.18181818181818182,11,11,1
"IXTAPALUCA, E.M",216911,IXTP ENVIO A CLIENTES,0,0,0,1,1,1
"MONTERREY, N.L.",154007,MTRY EMBARQUES II,10,1,0.1,13,13,1
"MINERAL DE LA R,HGO",163302,,1,0,0,1,1,1
VILLA ALBERTO ALVARA,202402,VINO OPERACION Y EQ DE TRANSP,1,0,0,1,1,1
SAN LUIS POTOSI,212204,,2,0,0,2,2,1
CUAUTITLAN IZCA,216802,,17,2,0.11764705882352941,18,18,1
"CD VICTORIA,TAM",160902,CDVC DISTRIBUCION RAC,1,0,0,1,1,1
"MEXICALI, BCN.",150715,,4,2,0.5,3,3,1
SAN LUIS POTOSI,152204,SNLP DISTRIBUCION RAC,1,0,0,1,1,1
"MEXICALI, BCN.",201423,,2,0,0,2,2,1
"LEON, GTO.",200425,,2,0,0,2,2,1
GUADALAJARA JAL,200615,,11,0,0,10,10,1
"CD JUAREZ, CHIU",150106,CDJZ II DISTRIUCION FORANEO,2,0,0,2,2,1
"MINERAL DE LA R,HGO",163302,MNRL DISTRIBUCIÓN RAC,1,0,0,1,1,1
"TAMPICO, TAM.",153402,TMPC OPERACION Y EQ DE TRANSP,1,0,0,2,2,1
"MORELIA, MICH.",152102,MORL DISTRIBUCIÓN RAC,1,0,0,1,1,1
AZCAPOTZALCO DF,215708,,1,0,0,1,1,1
"MONTERREY, N.L.",154007,,10,0,0,13,13,1
"TECAMAC, EDO ME",201824,TCMC SUMINISTROS,2,0,0,2,2,1
"MEXICALI, BCN.",201423,MXLI COORDINACION TRANSP,2,0,0,2,2,1
SAN LUIS POTOSI,212204,#N/A,2,0,0,2,2,1
"MONTERREY, N.L.",215511,MTRY SORTER,43,1,0.023255813953488372,40,40,1
GUADALAJARA JAL,200615,GDLJ RACK,11,0,0,10,10,1
"TECAMAC, EDO ME",201820,TCMC BODEGA MUEBLES,6,0,0,5,5,1
"ZACATECAS, ZAC",154403,,2,0,0,2,2,1
TLAQUEPAQUE,202213,,3,1,0.3333333333333333,3,3,1
VILLA ALBERTO ALVARA,202402,,1,0,0,1,1,1
"IXTAPALUCA, E.M",201627,IXTP TRASLADO,26,1,0.038461538461538464,31,30,0.967741935483871
"IXTAPALUCA, E.M",201627,,33,1,0.030303030303030304,31,30,0.967741935483871
"MONTERREY, N.L.",215501,MTRY DOBLADO,55,3,0.05454545454545454,57,55,0.9649122807017544
"CUAUTLANCINGO, PUE",169907,,32,0,0,26,25,0.9615384615384616
"HERMOSILLO, SON",215910,HLLO STAFF BODEGA ROPA,16,3,0.1875,26,25,0.9615384615384616
TLAQUEPAQUE,202216,TLQP TRASLADO II,23,3,0.13043478260869565,25,24,0.96
"HERMOSILLO, SON",215910,,16,0,0,25,24,0.96
"GOMEZ PAL, DGO.",215812,,23,1,0.043478260869565216,22,21,0.9545454545454546
TUXTLA GUTIERRE,162501,TXGT DISTRIBUCION,22,1,0.045454545454545456,21,20,0.9523809523809523
TEXCOCO EDO MEX,218207,,18,6,0.3333333333333333,21,20,0.9523809523809523
"LA BARCA, JAL.",152502,,24,2,0.08333333333333333,21,20,0.9523809523809523
CUAUTITLAN IZCA,216802,CTLZ ZAPATERIA,18,4,0.2222222222222222,18,17,0.9444444444444444
"CUAUTLANCINGO, PUE",201212,,55,5,0.09090909090909091,54,51,0.9444444444444444
"GOMEZ PAL, DGO.",200318,GPLC DESCARGA II,37,4,0.10810810810810811,36,34,0.9444444444444444
"CUAUTLANCINGO, PUE",169905,CTLG DESCARGA,67,0,0,65,61,0.9384615384615385
"QUERETARO, QRO.",153002,,17,0,0,16,15,0.9375
"QUERETARO, QRO.",153002,QRTO DISTRIBUCION II,17,2,0.11764705882352941,16,15,0.9375
TEXCOCO EDO MEX,218204,TXCC DESCARGA 2,41,1,0.024390243902439025,42,39,0.9285714285714286
TEXCOCO EDO MEX,218215,TXCC EMBARQUE 2,14,1,0.07142857142857142,14,13,0.9285714285714286
"MONTERREY, N.L.",215511,,43,0,0,40,37,0.925
TEXCOCO EDO MEX,218236,#N/A,11,2,0.18181818181818182,12,11,0.9166666666666666
CUAUTITLAN IZCA,216809,CTLZ STAFF BODEGA ROPA,26,1,0.038461538461538464,24,22,0.9166666666666666
CUAUTITLAN IZCA,216801,CTLZ DOBLADO,24,0,0,23,21,0.9130434782608695
"MONTERREY, N.L.",215501,,54,3,0.05555555555555555,57,52,0.9122807017543859
"TAMPICO, TAM.",153401,,11,1,0.09090909090909091,11,10,0.9090909090909091
AGUASCALIENTES,212105,,11,1,0.09090909090909091,10,9,0.9
"MONTERREY, N.L.",154004,MTRY DISTRIBUCION IV,21,1,0.047619047619047616,20,18,0.9
"MONTERREY, N.L.",154009,MTRY DISTRIBUCION VI,10,1,0.1,10,9,0.9
"LA BARCA, JAL.",152502,LBCA DISTRIBUCION FORANEO,22,1,0.045454545454545456,20,18,0.9
TLAQUEPAQUE,202214,TLQP TLASLADO,21,2,0.09523809523809523,20,18,0.9
"MONTERREY, N.L.",154009,,10,0,0,10,9,0.9
"REYNOSA, TAM.",155101,,29,5,0.1724137931034483,29,26,0.896551724137931
CUAUTITLAN IZCA,201111,CTLZ HABILITADO MOTOS,9,0,0,9,8,0.8888888888888888
CUAUTITLAN IZCA,201313,,7,3,0.42857142857142855,9,8,0.8888888888888888
"OMETEPEC, GUERRERO",169001,OMTP DISTRIBUCION,11,1,0.09090909090909091,9,8,0.8888888888888888
"CHIHUAHUA, CHI",151605,CHUA OPERACION EQ TRANSPORTE,21,1,0.047619047619047616,18,16,0.8888888888888888
GUADALAJARA JAL,215608,GDLJ PICKING COLGADO,25,2,0.08,25,22,0.88
GUADALAJARA JAL,153901,,28,1,0.03571428571428571,25,22,0.88
"LEON, GTO.",215303,,15,3,0.2,16,14,0.875
"SALTILLO, COAH.",151501,,15,3,0.2,16,14,0.875
"GUADALUPE, N.L.",200528,,9,0,0,8,7,0.875
"GUADALUPE, N.L.",200528,GDLP EMBARQUES I,9,1,0.1111111111111111,8,7,0.875
GUADALAJARA JAL,215610,GDLJ STAFF BODEGA ROPA,8,1,0.125,8,7,0.875
ATLACOMULCO,164901,,9,1,0.1111111111111111,8,7,0.875
TLAQUEPAQUE,218104,,22,3,0.13636363636363635,23,20,0.8695652173913043
"MAZATLAN, SIN.",150501,MZTN DISTRIBUCION,22,3,0.13636363636363635,22,19,0.8636363636363636
"CHIHUAHUA, CHI",151601,,23,3,0.13043478260869565,22,19,0.8636363636363636
"GOMEZ PAL, DGO.",200325,GPLC TRASLADO,32,4,0.125,36,31,0.8611111111111112
TEZIUTLAN,164402,,7,0,0,7,6,0.8571428571428571
"MINERAL DE LA R,HGO",163303,,7,1,0.14285714285714285,7,6,0.8571428571428571
"MONTERREY, N.L.",154004,,21,2,0.09523809523809523,21,18,0.8571428571428571
IZTAPALAPA D.F.,201023,,7,1,0.14285714285714285,7,6,0.8571428571428571
"GUADALUPE, N.L.",200530,GDLP OFICINA CONTROL,7,0,0,7,6,0.8571428571428571
TLAQUEPAQUE,202214,,22,1,0.045454545454545456,21,18,0.8571428571428571
TUXTLA GUTIERRE,162501,,22,1,0.045454545454545456,21,18,0.8571428571428571
TEXCOCO EDO MEX,218222,TXCC DISTRIBUCION 2,22,1,0.045454545454545456,20,17,0.85
"TOLUCA, EDO MEX",202123,TOLC PISO,14,0,0,13,11,0.8461538461538461
"CUAUTLANCINGO, PUE",169905,,60,5,0.08333333333333333,65,55,0.8461538461538461
"IXTAPALUCA, E.M",201623,IXTP DESCARGA II,19,0,0,19,16,0.8421052631578947
GUADALAJARA JAL,153901,GDLJ DISTRIBUCION I,26,1,0.038461538461538464,25,21,0.84
GUADALAJARA JAL,215608,,25,1,0.04,25,21,0.84
"MONTERREY, N.L.",154003,,25,2,0.08,25,21,0.84
TEXCOCO EDO MEX,218204,,49,3,0.061224489795918366,43,36,0.8372093023255814
TLAQUEPAQUE,202212,,11,1,0.09090909090909091,12,10,0.8333333333333334
"HERMOSILLO, SON",200224,,4,1,0.25,6,5,0.8333333333333334
AZCAPOTZALCO DF,215702,,5,0,0,6,5,0.8333333333333334
TIERRA BLANCA,167102,,0,0,0,6,5,0.8333333333333334
"ALTAMIRANO, GUERRERO",168802,ALTN DISTRIBUCIÓN FORANEO,12,0,0,12,10,0.8333333333333334
"TECAMAC, EDO ME",201813,,12,0,0,12,10,0.8333333333333334
TEXCOCO EDO MEX,218209,TXCC RACK XL,24,1,0.041666666666666664,24,20,0.8333333333333334
"MATEHUALA, SLP",166901,,6,0,0,6,5,0.8333333333333334
"TECAMAC, EDO ME",201813,TCMC EMBARQUES I,12,0,0,12,10,0.8333333333333334
AZCAPOTZALCO DF,215702,AZCP ZAPATERIA,5,0,0,6,5,0.8333333333333334
"LEON, GTO.",201425,,7,1,0.14285714285714285,6,5,0.8333333333333334
"GUADALUPE, N.L.",200333,,7,1,0.14285714285714285,6,5,0.8333333333333334
"GOMEZ PAL, DGO.",200325,,32,1,0.03125,35,29,0.8285714285714286
TLAQUEPAQUE,218104,TLQP ZAPATERIA,20,3,0.15,23,19,0.8260869565217391
SAN LUIS POTOSI,152201,,12,0,0,11,9,0.8181818181818182
VERACRUZ VER,202018,VRCZ TRASLADO,36,3,0.08333333333333333,33,27,0.8181818181818182
"CHIHUAHUA, CHI",151601,CHUA DISTRIBUCION,22,2,0.09090909090909091,22,18,0.8181818181818182
AZCAPOTZALCO DF,200722,AZCP LOTEO,11,0,0,11,9,0.8181818181818182
PUERTO ESCONDIDO,167401,PTOE DISTRIBUCION,11,1,0.09090909090909091,11,9,0.8181818181818182
"TAMPICO, TAM.",153401,TMPC DISTRIBUCION,10,1,0.1,11,9,0.8181818181818182
AZCAPOTZALCO DF,200722,,10,0,0,11,9,0.8181818181818182
SAN LUIS POTOSI,152201,SNLP DISTRIBUCION,12,1,0.08333333333333333,11,9,0.8181818181818182
"GOMEZ PAL, DGO.",200318,,37,2,0.05405405405405406,37,30,0.8108108108108109
"TOLUCA, EDO MEX",153210,,30,4,0.13333333333333333,26,21,0.8076923076923077
"HERMOSILLO, SON",200223,HLLO RACK,9,4,0.4444444444444444,10,8,0.8
"HERMOSILLO, SON",200223,,10,0,0,10,8,0.8
TEXCOCO EDO MEX,218209,,25,1,0.04,25,20,0.8
VILLAHERMOSA,200916,,15,2,0.13333333333333333,15,12,0.8
"MERIDA, YUCATAN",201717,,10,0,0,10,8,0.8
"CD OBREGON, SON",150401,,10,1,0.1,10,8,0.8
"CUAUTLANCINGO, PUE",169901,,35,8,0.22857142857142856,25,20,0.8
"GOMEZ PAL, DGO.",200306,,18,2,0.1111111111111111,19,15,0.7894736842105263
TLAQUEPAQUE,159509,,34,6,0.17647058823529413,38,30,0.7894736842105263
TEXCOCO EDO MEX,218203,TXCC DESCARGA 1,42,3,0.07142857142857142,42,33,0.7857142857142857
CUAUTITLAN IZCA,216801,,25,0,0,23,18,0.782608695652174
SAN LUIS POTOSI,212205,,10,2,0.2,9,7,0.7777777777777778
"CUAUTLANCINGO, PUE",155202,,10,1,0.1,9,7,0.7777777777777778
"CUAUTLANCINGO, PUE",155202,CTLG ESTACION RAC,10,0,0,9,7,0.7777777777777778
VERACRUZ VER,155307,VRCZ DISTRIBUCION V AA,20,2,0.1,18,14,0.7777777777777778
IZTAPALAPA D.F.,201016,,38,4,0.10526315789473684,36,28,0.7777777777777778
VERACRUZ VER,165306,,8,1,0.125,9,7,0.7777777777777778
TLAQUEPAQUE,218109,TLQP STAFF BODEGA ROPA,19,3,0.15789473684210525,22,17,0.7727272727272727
TEXCOCO EDO MEX,218207,TXCC STAFF,22,1,0.045454545454545456,22,17,0.7727272727272727
"CUAUTLANCINGO, PUE",201204,CTLG TALLER DE SERVICIOS 2,27,3,0.1111111111111111,26,20,0.7692307692307693
TECAMAC,201841,,31,2,0.06451612903225806,30,23,0.7666666666666667
AZCAPOTZALCO DF,200716,AZCP DESCARGA I,32,4,0.125,30,23,0.7666666666666667
"MERIDA, YUCATAN",201709,MRDA DESCARGA I,50,6,0.12,47,36,0.7659574468085106
VERACRUZ VER,202018,,35,1,0.02857142857142857,34,26,0.7647058823529411
AGUASCALIENTES,151703,,19,2,0.10526315789473684,17,13,0.7647058823529411
"HERMOSILLO, SON",200212,HLLO DESCARGA I,20,1,0.05,21,16,0.7619047619047619
"MONTERREY, N.L.",154005,,27,4,0.14814814814814814,25,19,0.76
"REYNOSA, TAM.",155101,RYNS DISTRIBUCION,31,3,0.0967741935483871,29,22,0.7586206896551724
"LA PAZ, BCS",216504,LPAZ PICKING,9,1,0.1111111111111111,8,6,0.75
"GOMEZ PAL, DGO.",200323,GPLC RACK,16,1,0.0625,20,15,0.75
"ALTAMIRANO, GUERRERO",168802,,11,1,0.09090909090909091,12,9,0.75
BENITO JUAREZ QROO,169604,,4,0,0,4,3,0.75
SANTA ROSALIA,168401,,4,0,0,4,3,0.75
SANTA ROSALIA,168401,STAR DISTRIBUCION,4,0,0,4,3,0.75
TLAQUEPAQUE,202218,TLQP HABILITADO MOTOS,8,0,0,8,6,0.75
"DURANGO, DGO.",151003,DRGO DISTRIBUCION FORANEO,8,0,0,8,6,0.75
VILLA ALBERTO ALVARA,202401,,4,0,0,4,3,0.75
"CELAYA, GTO.",153211,CLYA DISTRIBUCION FORANEO,12,2,0.16666666666666666,12,9,0.75
"TOLUCA, EDO MEX",153208,TOLC DISTRIBUCION III,26,3,0.11538461538461539,24,18,0.75
TLAQUEPAQUE,202220,,9,2,0.2222222222222222,8,6,0.75
TLAQUEPAQUE,202212,TLQP PISO,12,0,0,12,9,0.75
"XALAPA,VERACRUZ",161304,XLPA DISTRIBUCION FORANEO,4,0,0,4,3,0.75
VERACRUZ VER,202017,,4,0,0,4,3,0.75
"GOMEZ PAL, DGO.",200323,,17,0,0,20,15,0.75
"MONTERREY, N.L.",210503,,4,0,0,4,3,0.75
VILLA ALBERTO ALVARA,202401,VINO DISTRIBUCION,2,2,1,4,3,0.75
NUEVO CASAS GRANDES,156202,NCGS DISTRIBUCION,5,1,0.2,4,3,0.75
"XALAPA,VERACRUZ",161304,,4,0,0,4,3,0.75
"MONTERREY, N.L.",215503,MTRY COLGADO I,28,3,0.10714285714285714,32,24,0.75
"MONTERREY, N.L.",210503,MTRY HABILITADO MOTOS,4,0,0,4,3,0.75
"CHIHUAHUA, CHI",215413,CHUA PISO,4,1,0.25,4,3,0.75
TECAMAC,201843,TCMD EMBARQUES II,3,0,0,4,3,0.75
"MONTERREY, N.L.",154005,MTRY DESCARGA II,29,1,0.034482758620689655,24,18,0.75
BENITO JUAREZ QROO,169604,CNCN DISTRIBUCION FORANEO,4,1,0.25,4,3,0.75
VERACRUZ VER,202017,VRCZ SUMINISTROS,4,0,0,4,3,0.75
"MONTERREY, N.L.",215512,MTRY CALIDAD,44,3,0.06818181818181818,43,32,0.7441860465116279
IZTAPALAPA D.F.,201016,IZTP DESCARGA I,39,3,0.07692307692307693,35,26,0.7428571428571429
TLAQUEPAQUE,202203,TLQP TALLER DE SERVICIOS 2,20,0,0,19,14,0.7368421052631579
"IXTAPALUCA, E.M",201623,,17,0,0,19,14,0.7368421052631579
"CHIHUAHUA, CHI",151605,,21,1,0.047619047619047616,19,14,0.7368421052631579
"MEXICALI, BCN.",150704,MXLI DESCARGA I,16,1,0.0625,19,14,0.7368421052631579
TECAMAC,201852,TCMD TRASLADO,16,0,0,15,11,0.7333333333333333
TECAMAC,201841,TCMC DESCARGA,30,1,0.03333333333333333,30,22,0.7333333333333333
"SALTILLO, COAH.",151501,SALT DISTRIBUCION,17,2,0.11764705882352941,15,11,0.7333333333333333
"MONTERREY, N.L.",154003,MTRY DISTRIBUCION III,26,1,0.038461538461538464,26,19,0.7307692307692307
"MERIDA, YUCATAN",201709,,51,2,0.0392156862745098,48,35,0.7291666666666666
TEXCOCO EDO MEX,218211,,11,1,0.09090909090909091,11,8,0.7272727272727273
PUERTO ESCONDIDO,167401,,11,0,0,11,8,0.7272727272727273
"MAZATLAN, SIN.",150501,,24,0,0,22,16,0.7272727272727273
GUADALAJARA JAL,200618,GDLJ TRASLADO,21,1,0.047619047619047616,22,16,0.7272727272727273
TLAQUEPAQUE,218109,,20,0,0,22,16,0.7272727272727273
"IXTAPALUCA, E.M",201622,IXTP LOTEO,10,0,0,11,8,0.7272727272727273
"QUERETARO, QRO.",153001,,22,4,0.18181818181818182,22,16,0.7272727272727273
"CD VICTORIA,TAM",160901,CDVC DISTRIBUCION,11,0,0,11,8,0.7272727272727273
"MONTERREY, N.L.",215502,,41,4,0.0975609756097561,40,29,0.725
"HERMOSILLO, SON",215906,,15,3,0.2,18,13,0.7222222222222222
"LEON, GTO.",200423,LEON RACK,14,0,0,18,13,0.7222222222222222
"GOMEZ PAL, DGO.",200316,,18,2,0.1111111111111111,18,13,0.7222222222222222
CUAUTITLAN IZCA,201310,CTLZ DISTRIBUCION III,18,0,0,18,13,0.7222222222222222
CUAUTITLAN IZCA,201310,,18,0,0,18,13,0.7222222222222222
"IXTAPALUCA, E.M",201607,,23,2,0.08695652173913043,25,18,0.72
"MONTERREY, N.L.",215503,,30,4,0.13333333333333333,32,23,0.71875
TLAQUEPAQUE,159509,TLQP DESCARGA 111,40,2,0.05,39,28,0.717948717948718
"CUAUTLANCINGO, PUE",201206,CTLG LOTEO,28,4,0.14285714285714285,28,20,0.7142857142857143
TIERRA BLANCA,167102,TBCA DISTRIBUCION FORANEO,0,0,0,7,5,0.7142857142857143
"TUXPAN,VERACRUZ",165202,TXPN DISTRIBUCION FORANEO,7,0,0,7,5,0.7142857142857143
"GUADALUPE, N.L.",200530,,8,0,0,7,5,0.7142857142857143
"GUADALUPE, N.L.",200527,,26,1,0.038461538461538464,21,15,0.7142857142857143
"HERMOSILLO, SON",215903,,13,3,0.23076923076923078,14,10,0.7142857142857143
"MINERAL DE LA R,HGO",163303,MNRL DISTRIBUCION FORANEO,7,0,0,7,5,0.7142857142857143
VILLAHERMOSA,200916,VLLH PISO,15,0,0,14,10,0.7142857142857143
TECAMAC,201869,,32,3,0.09375,7,5,0.7142857142857143
"CHIHUAHUA, CHI",215419,CHUA OFICINA CONTROL,7,0,0,7,5,0.7142857142857143
"CUAUTLANCINGO, PUE",201206,,27,2,0.07407407407407407,28,20,0.7142857142857143
PYA D CARMEN QR,162101,PLYC DISTRIBUCION,15,1,0.06666666666666667,14,10,0.7142857142857143
TEJUPILCO EDO MEX,164501,TJPC DISTRIBUCION,8,0,0,7,5,0.7142857142857143
"HERMOSILLO, SON",200212,,21,0,0,21,15,0.7142857142857143
"IXTAPALUCA, E.M",201335,IXTP DISTRIBUCION VI AA,7,1,0.14285714285714285,7,5,0.7142857142857143
"TOLUCA, EDO MEX",202127,,14,2,0.14285714285714285,14,10,0.7142857142857143
"IXTAPALUCA, E.M",201335,,7,1,0.14285714285714285,7,5,0.7142857142857143
IZTAPALAPA D.F.,201023,IZTP PISO,5,2,0.4,7,5,0.7142857142857143
"TECAMAC, EDO ME",217406,,22,1,0.045454545454545456,21,15,0.7142857142857143
"TUXPAN,VERACRUZ",165202,,7,1,0.14285714285714285,7,5,0.7142857142857143
AZCAPOTZALCO DF,200716,,33,1,0.030303030303030304,31,22,0.7096774193548387
CUAUTITLAN IZCA,216809,,26,1,0.038461538461538464,24,17,0.7083333333333334
"ACAPULCO, GRO",157101,ACPO DISTRIBUCION,20,1,0.05,17,12,0.7058823529411765
TLAQUEPAQUE,218105,,17,0,0,17,12,0.7058823529411765
TLAQUEPAQUE,218105,TLQP PICKING ZAPATO,16,1,0.0625,17,12,0.7058823529411765
"TOLUCA, EDO MEX",217810,TOLC HABILITADO,17,0,0,17,12,0.7058823529411765
"MONTERREY, N.L.",215512,,45,1,0.022222222222222223,44,31,0.7045454545454546
"COLIMA, COL.",152703,,10,1,0.1,10,7,0.7
"GUADALUPE, N.L.",200527,GDLP DISTRIBUCION II,26,1,0.038461538461538464,20,14,0.7
AZCAPOTZALCO DF,215710,AZCP STAFF BODEGA ROPA,4,0,0,10,7,0.7
"CD OBREGON, SON",150401,CDOB DISTRIBUCION,10,2,0.2,10,7,0.7
STA ANA CHIAUTE,163702,STCH DISTRIBUCION FORANEO,14,0,0,13,9,0.6923076923076923
"TOLUCA, EDO MEX",202123,,14,0,0,13,9,0.6923076923076923
"TOLUCA, EDO MEX",153210,TOLC DISTRIBUCION IV AA,30,2,0.06666666666666667,26,18,0.6923076923076923
CUAUTITLAN IZCA,216810,,13,2,0.15384615384615385,13,9,0.6923076923076923
TECAMAC,201852,,16,0,0,16,11,0.6875
"CUAUTLANCINGO, PUE",201217,,18,2,0.1111111111111111,16,11,0.6875
"LEON, GTO.",215303,LEON DOBLADO,16,1,0.0625,16,11,0.6875
"SALTILLO, COAH.",151504,,17,1,0.058823529411764705,16,11,0.6875
"SALTILLO, COAH.",151504,SALT DISTRIBUCION II,16,0,0,16,11,0.6875
"CUAUTLANCINGO, PUE",201217,CTLG HABILITADO MOTOS,17,2,0.11764705882352941,16,11,0.6875
OAXACA OAXACA,157501,,27,2,0.07407407407407407,19,13,0.6842105263157895
TLAQUEPAQUE,202203,,18,1,0.05555555555555555,19,13,0.6842105263157895
"GOMEZ PAL, DGO.",200306,GPLC DISTRIBUCION I,18,2,0.1111111111111111,19,13,0.6842105263157895
GUADALAJARA JAL,200618,,22,0,0,22,15,0.6818181818181818
"IXTAPALUCA, E.M",201607,IXTP DESCARGA I,25,1,0.04,25,17,0.68
TEXCOCO EDO MEX,218203,,48,3,0.0625,43,29,0.6744186046511628
CD CUAUHTEMOC,153801,,6,0,0,6,4,0.6666666666666666
AGUASCALIENTES,212108,AGSC TALLER DE SERVICIOS,6,1,0.16666666666666666,6,4,0.6666666666666666
"TLAXIACO, OAX",168901,,6,1,0.16666666666666666,6,4,0.6666666666666666
VERACRUZ VER,165306,VRCZ EMBARQUES II,9,0,0,9,6,0.6666666666666666
"TECAMAC, EDO ME",201823,,11,0,0,9,6,0.6666666666666666
"POZA RICA, VER.",161201,PZRC DISTRIBUCION,9,0,0,9,6,0.6666666666666666
AGUASCALIENTES,212102,AGSC RACK,9,0,0,9,6,0.6666666666666666
"TECAMAC, EDO ME",201820,,6,0,0,6,4,0.6666666666666666
PYA D CARMEN QR,162102,,3,0,0,3,2,0.6666666666666666
"POZA RICA, VER.",161201,,9,0,0,9,6,0.6666666666666666
AGUASCALIENTES,212102,,9,0,0,9,6,0.6666666666666666
"IXTAPALUCA, E.M",201616,,10,0,0,12,8,0.6666666666666666
"GUADALUPE, N.L.",200335,,14,1,0.07142857142857142,9,6,0.6666666666666666
VERACRUZ VER,212002,,6,1,0.16666666666666666,6,4,0.6666666666666666
"TECAMAC, EDO ME",217406,TCMC COLGADO II,19,2,0.10526315789473684,21,14,0.6666666666666666
PYA D CARMEN QR,162102,PLYC DISTRIBUCION FORANEO,3,0,0,3,2,0.6666666666666666
"TIJUANA, BCN",153503,,27,1,0.037037037037037035,27,18,0.6666666666666666
"ALTAMIRA, TAM",168302,ALTM OPERACION Y EQ DE TRANSP,3,0,0,3,2,0.6666666666666666
"CHIHUAHUA, CHI",215418,CHUA TALLER DE SERVICIOS,5,2,0.4,6,4,0.6666666666666666
"LEON, GTO.",201425,LEON DISTRIBUCION II AAA,7,0,0,6,4,0.6666666666666666
TEZIUTLAN,164401,,17,2,0.11764705882352941,15,10,0.6666666666666666
"TECAMAC, EDO ME",201823,TCMC PISO,11,0,0,9,6,0.6666666666666666
CABO SAN LUCAS,155801,,12,3,0.25,12,8,0.6666666666666666
"LEON, GTO.",215311,,3,0,0,3,2,0.6666666666666666
"CELAYA, GTO.",153211,,12,0,0,12,8,0.6666666666666666
VERACRUZ VER,212002,VRCZ HABILITADO MOTOS,6,0,0,6,4,0.6666666666666666
"IXTAPALUCA, E.M",216901,,12,1,0.08333333333333333,12,8,0.6666666666666666
"CUAUTLANCINGO, PUE",169909,CTLG EMBARQUES III,11,1,0.09090909090909091,12,8,0.6666666666666666
CD CUAUHTEMOC,153801,CDCC DISTRIBUCION,6,0,0,6,4,0.6666666666666666
"LEON, GTO.",215311,LEON ENVIO A CLIENTES,3,0,0,3,2,0.6666666666666666
"HERMOSILLO, SON",215901,,8,0,0,9,6,0.6666666666666666
"TIJUANA, BCN",153503,TJNA DISTRIBUCION III,27,0,0,27,18,0.6666666666666666
OAXACA OAXACA,157501,OAXC DISTRIBUCION,24,2,0.08333333333333333,18,12,0.6666666666666666
"IXTAPALUCA, E.M",216910,IXTP HABILITADO,11,2,0.18181818181818182,9,6,0.6666666666666666
"GUADALUPE, N.L.",200333,GDLP DISTRIBUCION IV,7,1,0.14285714285714285,6,4,0.6666666666666666
IZUCAR DE MAT P,158301,IZCR DISTRIBUCION,21,0,0,18,12,0.6666666666666666
FELIPE CARRILLO PUER,166401,FCPT DISTRIBUCION,6,0,0,6,4,0.6666666666666666
CUAUTITLAN IZCA,201313,CTLZ DISTRIBUCION VI,10,0,0,9,6,0.6666666666666666
"CARDENAS, TAB",160001,,6,0,0,6,4,0.6666666666666666
"IXTAPALUCA, E.M",216901,IXTP DOBLADO,13,0,0,12,8,0.6666666666666666
"MONTERREY, N.L.",210501,MTRY TALLER AUTOMOTRIZ,19,0,0,18,12,0.6666666666666666
"HERMOSILLO, SON",215901,HLLO ZAPATERIA,8,1,0.125,9,6,0.6666666666666666
"CARDENAS, TAB",160001,CRDS DISTRIBUCION,6,0,0,6,4,0.6666666666666666
"HERMOSILLO, SON",215906,HLLO PICKING ZAPATO,13,0,0,18,12,0.6666666666666666
"HERMOSILLO, SON",200224,HLLO PISO,5,2,0.4,6,4,0.6666666666666666
AZCAPOTZALCO DF,215710,,3,0,0,9,6,0.6666666666666666
AZCAPOTZALCO DF,215703,,3,2,0.6666666666666666,6,4,0.6666666666666666
TLAQUEPAQUE,202213,TLQP SUMINISTROS,3,0,0,3,2,0.6666666666666666
"MERIDA, YUCATAN",201707,MRDA DISTRIBUCION I,23,1,0.043478260869565216,23,15,0.6521739130434783
"MERIDA, YUCATAN",201707,,24,1,0.041666666666666664,23,15,0.6521739130434783
"MONTERREY, N.L.",215502,MTRY ZAPATERIA,40,4,0.1,40,26,0.65
VERACRUZ VER,165304,VRCZ DISTRIBUCION III,18,2,0.1111111111111111,17,11,0.6470588235294118
TLAQUEPAQUE,202210,TLQP LOTEO,16,0,0,17,11,0.6470588235294118
AGUASCALIENTES,151703,AGCS DISTRIBUCION FORANEO,19,0,0,17,11,0.6470588235294118
VERACRUZ VER,165304,,16,1,0.0625,17,11,0.6470588235294118
TLAQUEPAQUE,202210,,17,1,0.058823529411764705,17,11,0.6470588235294118
"HERMOSILLO, SON",200226,HLLO TRASLADO,16,0,0,17,11,0.6470588235294118
TEXCOCO EDO MEX,218229,TXCC MODULO TIENDAS,97,13,0.13402061855670103,99,64,0.6464646464646465
"TOLUCA, EDO MEX",202127,TOLC EMBARQUES I,14,1,0.07142857142857142,14,9,0.6428571428571429
TLAQUEPAQUE,159503,TLQP DISTRIBUCION III,14,0,0,14,9,0.6428571428571429
TEZIUTLAN,164401,TZTL DISTRIBUCION,15,0,0,14,9,0.6428571428571429
PYA D CARMEN QR,162101,,15,0,0,14,9,0.6428571428571429
"LEON, GTO.",215309,,23,2,0.08695652173913043,25,16,0.64
"IXTAPALUCA, E.M",201622,,10,0,0,11,7,0.6363636363636364
TEXCOCO EDO MEX,218211,TXCC PISO,11,0,0,11,7,0.6363636363636364
"CD VICTORIA,TAM",160901,,11,0,0,11,7,0.6363636363636364
"PUEBLA, PUEBLA.",153304,,19,3,0.15789473684210525,19,12,0.631578947368421
"MEXICALI, BCN.",150704,,17,0,0,19,12,0.631578947368421
"DURANGO, DGO.",151003,,8,0,0,8,5,0.625
TLAQUEPAQUE,159512,,8,1,0.125,8,5,0.625
TEXCOCO EDO MEX,218225,TXCC CLASIFICADOR DE JABAS,32,3,0.09375,32,20,0.625
SAN LUIS POTOSI,212205,#N/A,9,0,0,8,5,0.625
TLAQUEPAQUE,202218,,7,1,0.14285714285714285,8,5,0.625
GUADALAJARA JAL,215602,GDLJ COLGADO I,8,0,0,8,5,0.625
"GUADALUPE, N.L.",200335,GDLP OP EQ DE TRANSPORTE,11,2,0.18181818181818182,8,5,0.625
"GUADALUPE, N.L.",200531,GDLP PISO,8,1,0.125,8,5,0.625
"TOLUCA, EDO MEX",153208,,28,1,0.03571428571428571,24,15,0.625
"MONTERREY, N.L.",215514,MTRY ENVIO A CLIENTES,8,0,0,8,5,0.625
GUADALAJARA JAL,215602,,6,0,0,8,5,0.625
"CUAUTLANCINGO, PUE",169901,CTLG DISTRIBUCION,32,3,0.09375,24,15,0.625
"MEXICALI, BCN.",215202,MXLI BODEGA,7,1,0.14285714285714285,8,5,0.625
"MEXICALI, BCN.",150708,,22,1,0.045454545454545456,21,13,0.6190476190476191
"LOS MOCHIS, SIN",201515,,27,3,0.1111111111111111,26,16,0.6153846153846154
"MONTERREY, N.L.",200515,MTRY PISO,14,1,0.07142857142857142,13,8,0.6153846153846154
"IXTAPALUCA, E.M",201616,IXTP EMBARQUES II,10,0,0,13,8,0.6153846153846154
TLAQUEPAQUE,202211,TLQP RACK,25,1,0.04,26,16,0.6153846153846154
TLAQUEPAQUE,159507,,14,3,0.21428571428571427,13,8,0.6153846153846154
"MONTERREY, N.L.",200515,,13,1,0.07692307692307693,13,8,0.6153846153846154
"GOMEZ PAL, DGO.",200316,GPLC TALLER DE SERVICIO 3,20,0,0,18,11,0.6111111111111112
"LEON, GTO.",200423,,13,0,0,18,11,0.6111111111111112
IZUCAR DE MAT P,158301,,19,1,0.05263157894736842,18,11,0.6111111111111112
IZTAPALAPA D.F.,157901,,23,2,0.08695652173913043,23,14,0.6086956521739131
IZTAPALAPA D.F.,157901,IZTP ESTACION RAC,25,0,0,23,14,0.6086956521739131
VILLAHERMOSA,200917,,52,3,0.057692307692307696,51,31,0.6078431372549019
"GOMEZ PAL, DGO.",200315,,16,1,0.0625,15,9,0.6
"TECAMAC, EDO ME",201809,,10,0,0,10,6,0.6
"GOMEZ PAL, DGO.",210202,,5,0,0,5,3,0.6
AZCAPOTZALCO DF,215711,AZCP HABILITADO,3,0,0,5,3,0.6
"LA PAZ, BCS",216503,LPAZ DOBLADO,5,1,0.2,5,3,0.6
"TIJUANA, BCN",215212,TJNA RACK,10,1,0.1,10,6,0.6
"GOMEZ PAL, DGO.",210202,GPLC HABILITADO MOTOS,4,1,0.25,5,3,0.6
"GOMEZ PAL, DGO.",200315,GPLC EMBARQUES II,14,0,0,15,9,0.6
"TIJUANA, BCN",215212,,9,0,0,10,6,0.6
"HERMOSILLO, SON",200215,,10,0,0,10,6,0.6
NUEVO CASAS GRANDES,156202,,5,0,0,5,3,0.6
"COLIMA, COL.",152703,CLMA DISTRIBUCION FORANEO,10,0,0,10,6,0.6
"TECAMAC, EDO ME",201809,TCMC OFICINA CONTROL,10,0,0,10,6,0.6
"LEON, GTO.",200406,,31,3,0.0967741935483871,30,18,0.6
"CD GUZMAN, JAL",159201,CDGZ DISTRIBUCION,10,0,0,10,6,0.6
"IXTAPALUCA, E.M",216910,,12,0,0,10,6,0.6
AZCAPOTZALCO DF,215711,,3,0,0,5,3,0.6
"CD GUZMAN, JAL",159201,,10,0,0,10,6,0.6
"HERMOSILLO, SON",200215,HLLO TALLER DE SERVICIOS 3,10,0,0,10,6,0.6
GUADALAJARA JAL,153609,GDLJ DISTRIBUCION III AAA,5,0,0,5,3,0.6
TEXCOCO EDO MEX,218229,,100,2,0.02,99,59,0.5959595959595959
"TECAMAC, EDO ME",201818,TCMC OPERACION EQ TRANSPORTE,49,2,0.04081632653061224,37,22,0.5945945945945946
"CUAUTLANCINGO, PUE",201204,,28,1,0.03571428571428571,27,16,0.5925925925925926
"QUERETARO, QRO.",153001,QRTO DISTRIBUCION,23,0,0,22,13,0.5909090909090909
HUEJUTLA DE REYES,162802,,18,0,0,17,10,0.5882352941176471
HUEJUTLA DE REYES,162802,HJTL DISTRIBUCION,18,0,0,17,10,0.5882352941176471
"TOLUCA, EDO MEX",217810,,17,0,0,17,10,0.5882352941176471
"CUAUTLANCINGO, PUE",201201,CTLG OFICINA CONTROL,22,0,0,17,10,0.5882352941176471
"ACAPULCO, GRO",157101,,20,0,0,17,10,0.5882352941176471
"LEON, GTO.",215302,LEON COLGADO,11,2,0.18181818181818182,12,7,0.5833333333333334
"LEON, GTO.",215302,,12,0,0,12,7,0.5833333333333334
"CD GUZMAN, JAL",166804,CDGZ DISTRIBUCION FORANEO,12,0,0,12,7,0.5833333333333334
TLAQUEPAQUE,218107,,23,1,0.043478260869565216,24,14,0.5833333333333334
"GOMEZ PAL, DGO.",200322,GPLC LOTEO,10,0,0,12,7,0.5833333333333334
"CHIHUAHUA, CHI",215412,,12,3,0.25,12,7,0.5833333333333334
"GOMEZ PAL, DGO.",215808,,25,1,0.04,24,14,0.5833333333333334
VILLAHERMOSA,200917,VLLH TRASLADO,52,3,0.057692307692307696,50,29,0.58
"LOS MOCHIS, SIN",201516,LMCH RACK,19,0,0,19,11,0.5789473684210527
TLAQUEPAQUE,202211,,26,1,0.038461538461538464,26,15,0.5769230769230769
"TIJUANA, BCN",153502,TJNA DISTRIBUCION II,25,2,0.08,26,15,0.5769230769230769
GUADALAJARA JAL,200616,,8,0,0,7,4,0.5714285714285714
TEJUPILCO EDO MEX,164501,,8,0,0,7,4,0.5714285714285714
GUADALAJARA JAL,200616,GDLJ PISO,8,0,0,7,4,0.5714285714285714
"HERMOSILLO, SON",200242,,7,0,0,7,4,0.5714285714285714
"TOLUCA, EDO MEX",202128,TOLC EMBARQUES II,14,0,0,14,8,0.5714285714285714
"MEXICALI, BCN.",150708,MXLI IMP AREA MUEB IMPORTACION,22,2,0.09090909090909091,21,12,0.5714285714285714
"TOLUCA, EDO MEX",217809,,14,1,0.07142857142857142,14,8,0.5714285714285714
VERACRUZ VER,202014,VRCZ LOTEO,14,1,0.07142857142857142,14,8,0.5714285714285714
"HERMOSILLO, SON",200242,HLLO DISTRIBUCION V,7,0,0,7,4,0.5714285714285714
TLAQUEPAQUE,159503,,15,0,0,14,8,0.5714285714285714
VERACRUZ VER,202014,,12,1,0.08333333333333333,14,8,0.5714285714285714
"IXTAPALUCA, E.M",201624,IXTP RACK,13,1,0.07692307692307693,14,8,0.5714285714285714
"CHIHUAHUA, CHI",215419,,7,0,0,7,4,0.5714285714285714
"GOMEZ PAL, DGO.",200305,GPLC TALLER D SERVICIOS 1,23,2,0.08695652173913043,23,13,0.5652173913043478
TEXCOCO EDO MEX,218225,,32,2,0.0625,32,18,0.5625
"MERIDA, YUCATAN",201718,,17,1,0.058823529411764705,16,9,0.5625
IZTAPALAPA D.F.,201022,IZTP RACK,12,1,0.08333333333333333,16,9,0.5625
TLAQUEPAQUE,218111,,16,1,0.0625,16,9,0.5625
"MERIDA, YUCATAN",201721,MRDA TRASLADO,29,1,0.034482758620689655,25,14,0.56
"LEON, GTO.",215309,LEON STAFF BODEGA ROPA,22,2,0.09090909090909091,25,14,0.56
ATLACOMULCO,164902,,10,1,0.1,9,5,0.5555555555555556
TEXCOCO EDO MEX,218232,,10,1,0.1,9,5,0.5555555555555556
"LA PAZ, BCS",216504,,9,0,0,9,5,0.5555555555555556
"GOMEZ PAL, DGO.",215804,,16,3,0.1875,18,10,0.5555555555555556
"MONTERREY, N.L.",210501,,18,2,0.1111111111111111,18,10,0.5555555555555556
VERACRUZ VER,202015,,18,1,0.05555555555555555,18,10,0.5555555555555556
VERACRUZ VER,165302,,8,1,0.125,9,5,0.5555555555555556
CULIACAN SIN.,200120,,9,1,0.1111111111111111,9,5,0.5555555555555556
"ZACATECAS, ZAC",154404,ZCTS DISTRIBUCION FORANEO,9,0,0,9,5,0.5555555555555556
"TECAMAC, EDO ME",201818,,49,1,0.02040816326530612,38,21,0.5526315789473685
"TOLUCA, EDO MEX",153207,TOLC DESCARGA,88,3,0.03409090909090909,78,43,0.5512820512820513
"TECAMAC, EDO ME",217410,,39,2,0.05128205128205128,40,22,0.55
"TECAMAC, EDO ME",201822,TCMC RACK,20,1,0.05,20,11,0.55
"MATAMOROS, TAM.",156601,MTMS DISTRIBUCION,18,1,0.05555555555555555,20,11,0.55
"MATAMOROS, TAM.",156601,,19,0,0,20,11,0.55
CULIACAN SIN.,200130,CLCN RACK,18,1,0.05555555555555555,20,11,0.55
JIUTEPEC MORELO,161903,,12,1,0.08333333333333333,11,6,0.5454545454545454
"IXTAPALUCA, E.M",201614,,24,3,0.125,24,13,0.5416666666666666
"GOMEZ PAL, DGO.",215808,GPLC PICKING COLGADO,25,2,0.08,24,13,0.5416666666666666
TLAQUEPAQUE,218107,TLQP PICKING DOBLADO,24,0,0,24,13,0.5416666666666666
"TOLUCA, EDO MEX",153206,TOLC OFICINA CONTROL,13,0,0,13,7,0.5384615384615384
MARTINEZ DE TOR,168101,,13,1,0.07692307692307693,13,7,0.5384615384615384
CUAUTITLAN IZCA,216810,CTLZ HABILITADO,14,0,0,13,7,0.5384615384615384
"LOS MOCHIS, SIN",201515,LMCH TRASLADO,27,0,0,26,14,0.5384615384615384
"VALLARTA, JAL.",151801,PVLL DISTRIBUCION,29,0,0,26,14,0.5384615384615384
"LEON, GTO.",200422,,10,0,0,13,7,0.5384615384615384
"TIJUANA, BCN",153502,,26,0,0,26,14,0.5384615384615384
"LEON, GTO.",200422,LEON LOTEO,10,1,0.1,13,7,0.5384615384615384
TEXCOCO EDO MEX,218214,,16,2,0.125,13,7,0.5384615384615384
AZCAPOTZALCO DF,200724,AZCP RACK,14,0,0,13,7,0.5384615384615384
"MERIDA, YUCATAN",201721,,29,1,0.034482758620689655,26,14,0.5384615384615384
VERACRUZ VER,202010,VRCZ TALLER DE SERVICIOS 3,13,0,0,13,7,0.5384615384615384
"CUAUTLANCINGO, PUE",169902,,13,0,0,13,7,0.5384615384615384
"TOLUCA, EDO MEX",153206,,13,1,0.07692307692307693,13,7,0.5384615384615384
"CUAUTLANCINGO, PUE",169902,CTLG EMBARQUES I,13,0,0,13,7,0.5384615384615384
STA ANA CHIAUTE,163702,,14,0,0,13,7,0.5384615384615384
"LOS MOCHIS, SIN",150604,LMCH DESCARGA I,42,4,0.09523809523809523,41,22,0.5365853658536586
IZTAPALAPA D.F.,201022,,12,0,0,15,8,0.5333333333333333
"NUEVO LAREDO, T",155601,NLRD DISTRIBUCION I,16,4,0.25,15,8,0.5333333333333333
"NUEVO LAREDO, T",155601,,17,0,0,15,8,0.5333333333333333
CUAUTITLAN IZCA,216808,CTLZ PICKING DOBLADO,18,0,0,17,9,0.5294117647058824
"MEXICALI, BCN.",211401,,17,0,0,17,9,0.5294117647058824
"HERMOSILLO, SON",200226,,18,1,0.05555555555555555,17,9,0.5294117647058824
"MEXICALI, BCN.",211401,MXLI TALLER AUTOMOTRIZ,17,1,0.058823529411764705,17,9,0.5294117647058824
AGUASCALIENTES,151701,AGCS DISTRIBUCION,20,0,0,19,10,0.5263157894736842
AGUASCALIENTES,151701,,21,0,0,19,10,0.5263157894736842
"LA PAZ, BCS",202301,,19,1,0.05263157894736842,19,10,0.5263157894736842
"LOS MOCHIS, SIN",201516,,19,1,0.05263157894736842,19,10,0.5263157894736842
"TECAMAC, EDO ME",217410,TCMC SORTER,39,1,0.02564102564102564,40,21,0.525
"PUEBLA, PUEBLA.",216102,PBLA ZAPATERIA,39,2,0.05128205128205128,40,21,0.525
"LOS MOCHIS, SIN",150604,,44,2,0.045454545454545456,42,22,0.5238095238095238
"GOMEZ PAL, DGO.",200305,,24,0,0,23,12,0.5217391304347826
GUADALAJARA JAL,153905,,29,1,0.034482758620689655,31,16,0.5161290322580645
GUADALAJARA JAL,153905,GDLJ DESCARGA I,29,3,0.10344827586206896,31,16,0.5161290322580645
"GOMEZ PAL, DGO.",215803,GPLC DOBLADO,32,1,0.03125,33,17,0.5151515151515151
"GOMEZ PAL, DGO.",215803,,33,2,0.06060606060606061,33,17,0.5151515151515151
AZCAPOTZALCO DF,200723,AZCP DISTRIBUCION III,37,0,0,33,17,0.5151515151515151
"TECAMAC, EDO ME",217403,TCMC ZAPATERIA,36,0,0,39,20,0.5128205128205128
"TOLUCA, EDO MEX",153207,,90,1,0.011111111111111112,80,41,0.5125
"MONTERREY, N.L.",200521,MTRY OPERACION EQ TRANSPORTE,42,2,0.047619047619047616,53,27,0.5094339622641509
"MERIDA, YUCATAN",201725,MRDA DISTRIBUCION III AA,4,0,0,4,2,0.5
"PUEBLA, PUEBLA.",200813,,2,0,0,2,1,0.5
"LEON, GTO.",215310,,13,1,0.07692307692307693,14,7,0.5
SAN LUIS POTOSI,152205,,2,0,0,2,1,0.5
SAN LUIS POTOSI,212208,,4,0,0,4,2,0.5
TLAQUEPAQUE,218108,TLQP ZONA BODEGA ROPA,6,0,0,6,3,0.5
"HERMOSILLO, SON",200241,HLLO DISTRIBUCION IV,3,0,0,2,1,0.5
"GUAYMAS, SONORA",150902,,2,0,0,2,1,0.5
CD CONSTITUCION,164301,CDCT DISTRIBUCION,8,1,0.125,8,4,0.5
"TECAMAC, EDO ME",201824,,2,0,0,2,1,0.5
TECAMAC,201843,,3,0,0,4,2,0.5
"CHIHUAHUA, CHI",151606,CHUA COORDINACION TRANSPORTE,2,0,0,2,1,0.5
"CD JUAREZ, CHIU",150106,,2,0,0,2,1,0.5
"HERMOSILLO, SON",200217,,5,1,0.2,6,3,0.5
TLAQUEPAQUE,159512,TLQP DISTRIBUCION VII AA,8,2,0.25,8,4,0.5
"MEXICALI, BCN.",201414,,2,0,0,2,1,0.5
TECAMAC,201842,TCMD EMBARQUES,6,0,0,6,3,0.5
CD DEL CARMEN,157601,CDCN DISTRIBUCION,9,0,0,8,4,0.5
"TECAMAC, EDO ME",217403,,35,1,0.02857142857142857,38,19,0.5
TECAMAC,201840,,9,1,0.1111111111111111,8,4,0.5
TECAMAC,201842,,6,0,0,6,3,0.5
"TECAMAC, EDO ME",201858,TCMC COORDINACION TRANSP,2,0,0,2,1,0.5
"CHIHUAHUA, CHI",215414,,2,0,0,2,1,0.5
"TOLUCA, EDO MEX",217809,TOLC STAFF BODEGA ROPA,14,0,0,14,7,0.5
AGUASCALIENTES,212108,,6,0,0,6,3,0.5
"TIJUANA, BCN",215219,,4,0,0,4,2,0.5
"TOLUCA, EDO MEX",217807,TOLC PICKING COLGADO,22,1,0.045454545454545456,22,11,0.5
"TOLUCA, EDO MEX",217803,TOLC COLGADO II,17,2,0.11764705882352941,18,9,0.5
CD CONSTITUCION,164301,,8,0,0,8,4,0.5
"TULANCINGO, HGO",161802,TNGO DISTRIBUCION FORANEO,10,0,0,10,5,0.5
ZACATLAN D L MA,162801,ZCTL DISTRIBUCION,4,0,0,4,2,0.5
"CUAUTLANCINGO, PUE",169909,,12,0,0,12,6,0.5
TEXCOCO EDO MEX,218232,TXCC HABILITADO MOTOS,9,1,0.1111111111111111,8,4,0.5
"LOS MOCHIS, SIN",217301,LMCH PICKING ZAPATO,15,0,0,16,8,0.5
OAXACA OAXACA,157504,,2,0,0,2,1,0.5
"LEON, GTO.",215307,LEON PICKING COLGADO,15,0,0,14,7,0.5
TEXCOCO EDO MEX,218212,TXCC SUMINISTROS,2,1,0.5,2,1,0.5
"LOS MOCHIS, SIN",150606,LMCH DISTRIBUCION I AAA,2,0,0,2,1,0.5
"CHIHUAHUA, CHI",215411,CHUA LOTEO,8,0,0,8,4,0.5
"PUEBLA, PUEBLA.",200813,PBLA OFICINA CONTROL,2,0,0,2,1,0.5
"MONTERREY, N.L.",200521,,42,4,0.09523809523809523,52,26,0.5
AZCAPOTZALCO DF,200727,AZCP TRASLADO,27,1,0.037037037037037035,26,13,0.5
"GOMEZ PAL, DGO.",200328,GPLC COORDINACION TRANSP,2,0,0,2,1,0.5
"LEON, GTO.",210303,LEON HABILITADO MOTOS,6,0,0,6,3,0.5
ZACATLAN D L MA,162801,,4,0,0,4,2,0.5
"TULANCINGO, HGO",161802,,10,0,0,10,5,0.5
TLAQUEPAQUE,159510,TLQP DISTRIBUCION IV AAA,2,0,0,2,1,0.5
AZCAPOTZALCO DF,215701,AZCP COLGADO I,3,0,0,4,2,0.5
"MEXICALI, BCN.",201412,,3,0,0,4,2,0.5
"MEXICALI, BCN.",215202,,7,0,0,8,4,0.5
"MEXICALI, BCN.",215201,,11,1,0.09090909090909091,12,6,0.5
"MERIDA, YUCATAN",201725,,4,0,0,4,2,0.5
"MERIDA, YUCATAN",201718,MRDA RACK,18,1,0.05555555555555555,16,8,0.5
CD DEL CARMEN,157601,,9,0,0,8,4,0.5
"TIJUANA, BCN",153510,TJNA DISTRIBUCION IV A,6,0,0,4,2,0.5
SAN LUIS POTOSI,151706,#N/A,6,0,0,2,1,0.5
IZTAPALAPA D.F.,157908,,2,0,0,2,1,0.5
SAN LUIS POTOSI,152205,SNLP DISTRIBUCION RAC II,2,0,0,2,1,0.5
"LEON, GTO.",200406,LEON DISTRIBUCION I,31,1,0.03225806451612903,30,15,0.5
SAN LUIS POTOSI,212208,#N/A,4,0,0,4,2,0.5
VERACRUZ VER,202015,VRCZ RACK,19,1,0.05263157894736842,18,9,0.5
"LOS MOCHIS, SIN",150606,,2,0,0,2,1,0.5
"LEON, GTO.",201427,,7,1,0.14285714285714285,2,1,0.5
GUADALAJARA JAL,200614,GDLJ LOTEO,10,0,0,10,5,0.5
"GOMEZ PAL, DGO.",200322,,10,0,0,12,6,0.5
"LEON, GTO.",210303,,6,0,0,6,3,0.5
IZTAPALAPA D.F.,157908,IZTP ESTACION RAC,2,1,0.5,2,1,0.5
"CD JUAREZ, CHIU",150105,CDJZ DISTRIBUCIÓN RAC,2,0,0,2,1,0.5
IZTAPALAPA D.F.,201028,IZTP COORDINACION TRANSP,2,0,0,2,1,0.5
"IXTAPALUCA, E.M",201631,,1,0,0,2,1,0.5
"GOMEZ PAL, DGO.",200328,,2,0,0,2,1,0.5
GUADALAJARA JAL,215606,GDLJ COLGADO II,8,0,0,8,4,0.5
"HERMOSILLO, SON",200229,HLLO TALLER DE SERVICIOS 2,5,1,0.2,6,3,0.5
"IXTAPALUCA, E.M",201624,,13,0,0,14,7,0.5
"IXTAPALUCA, E.M",216902,,15,2,0.13333333333333333,14,7,0.5
"MAGDALENA, SON",168701,,4,0,0,4,2,0.5
"HERMOSILLO, SON",200229,,7,0,0,6,3,0.5
"TLAXIACO, OAX",168901,TLXI DISTRIBUCION,6,0,0,6,3,0.5
"HERMOSILLO, SON",200241,,3,0,0,2,1,0.5
"HERMOSILLO, SON",215905,,14,1,0.07142857142857142,14,7,0.5
"CANANEA, SON",166601,,4,0,0,4,2,0.5
TEXCOCO EDO MEX,218205,,15,2,0.13333333333333333,16,8,0.5
TLAQUEPAQUE,218108,,6,0,0,6,3,0.5
TLAQUEPAQUE,159506,,11,0,0,12,6,0.5
TLAQUEPAQUE,159513,,8,1,0.125,8,4,0.5
TLAQUEPAQUE,159510,,3,0,0,2,1,0.5
TLAQUEPAQUE,159501,,19,0,0,20,10,0.5
"IXTAPALUCA, E.M",201631,IXTP COORDINACION TRANSP,1,0,0,2,1,0.5
TLAQUEPAQUE,218101,,14,2,0.14285714285714285,18,9,0.5
"CD GUZMAN, JAL",166804,,12,0,0,12,6,0.5
"VALLARTA, JAL.",151801,,29,0,0,26,13,0.5
"GOMEZ PAL, DGO.",200324,GPLC PISO,9,0,0,10,5,0.5
GUADALAJARA JAL,200623,,2,0,0,2,1,0.5
CIUDAD MANTE,158502,CDMT OPERACION Y EQ DE TRANSP,3,0,0,2,1,0.5
GUADALAJARA JAL,200614,,9,1,0.1111111111111111,10,5,0.5
"IXTAPALUCA, E.M",216906,IXTP ZONA BODEGA ROPA,4,0,0,4,2,0.5
GUADALAJARA JAL,215606,,8,0,0,8,4,0.5
"MEXICALI, BCN.",150715,MXLI DISTRIBUCION II AAA,4,0,0,2,1,0.5
GUADALAJARA JAL,200623,GDLJ COORDINACION TRANSP,2,0,0,2,1,0.5
TEXCOCO EDO MEX,218201,TXCC ZONA CEDIS,6,0,0,6,3,0.5
TLAQUEPAQUE,202220,TLQP BODEGA MUEBLES,10,0,0,8,4,0.5
TLAQUEPAQUE,218111,TLQP ENVIO A CLIENTES,16,0,0,16,8,0.5
CULIACAN SIN.,200130,,16,1,0.0625,20,10,0.5
TLAQUEPAQUE,159501,TLQP DISTRIBUCION I,20,1,0.05,20,10,0.5
"CANANEA, SON",166601,CNEA DISTRIBUCION,4,0,0,4,2,0.5
"MAGDALENA, SON",168701,MGLA DISTRIBUCION,4,0,0,4,2,0.5
"LOS MOCHIS, SIN",217309,,9,1,0.1111111111111111,10,5,0.5
"CHIHUAHUA, CHI",151606,,2,0,0,2,1,0.5
"GUAYMAS, SONORA",150902,GYMS DISTRIBUCION FORANEO,2,0,0,2,1,0.5
"CHIHUAHUA, CHI",215413,,4,0,0,4,2,0.5
"CHIHUAHUA, CHI",215411,,8,1,0.125,8,4,0.5
"CD JUAREZ, CHIU",150105,,2,0,0,2,1,0.5
"CD JUAREZ, CHIU",150101,,4,1,0.25,4,2,0.5
"TIJUANA, BCN",215219,TJNA TALLER DE SERVICIOS,4,0,0,4,2,0.5
"MEXICALI, BCN.",201412,MXLI PISO,3,1,0.3333333333333333,4,2,0.5
VILLAHERMOSA,156707,,2,0,0,2,1,0.5
TEXCOCO EDO MEX,218212,,2,0,0,2,1,0.5
"LEON, GTO.",215307,,13,2,0.15384615384615385,14,7,0.5
"IXTAPALUCA, E.M",216906,,4,0,0,4,2,0.5
AZCAPOTZALCO DF,200724,,14,1,0.07142857142857142,14,7,0.5
"MEXICALI, BCN.",201414,MXLI SUMINISTROS,2,0,0,2,1,0.5
AZCAPOTZALCO DF,215701,,1,0,0,4,2,0.5
"EMILIANO ZAPATA, TAB",166001,EZTA DISTRIBUCION,10,0,0,10,5,0.5
"TOLUCA, EDO MEX",202125,,49,0,0,47,23,0.48936170212765956
"TOLUCA, EDO MEX",202125,TOLC TRASLADO,47,4,0.0851063829787234,47,23,0.48936170212765956
TLAQUEPAQUE,218103,,31,2,0.06451612903225806,33,16,0.48484848484848486
"HERMOSILLO, SON",215902,HLLO DOBLADO,26,2,0.07692307692307693,29,14,0.4827586206896552
TEXCOCO EDO MEX,218208,,27,2,0.07407407407407407,27,13,0.48148148148148145
TLAQUEPAQUE,202202,,23,2,0.08695652173913043,23,11,0.4782608695652174
"MEXICALI, BCN.",150707,MXLI IMP EMBARQUES IMPORTACION,23,1,0.043478260869565216,23,11,0.4782608695652174
"IXTAPALUCA, E.M",201619,,63,3,0.047619047619047616,61,29,0.47540983606557374
"PUEBLA, PUEBLA.",216102,,40,0,0,40,19,0.475
"LA PAZ, BCS",202301,LPAZ OPERACION EQ TRANSPORTE,19,1,0.05263157894736842,19,9,0.47368421052631576
"GOMEZ PAL, DGO.",200307,,17,2,0.11764705882352941,19,9,0.47368421052631576
AZCAPOTZALCO DF,210701,AZCP TALLER AUTOMOTRIZ,17,0,0,19,9,0.47368421052631576
VILLAHERMOSA,156705,VLLH DISTRIBUCION V,26,1,0.038461538461538464,19,9,0.47368421052631576
"PUEBLA, PUEBLA.",153304,PBLA DESCARGA I,19,2,0.10526315789473684,19,9,0.47368421052631576
VERACRUZ VER,155307,,22,0,0,19,9,0.47368421052631576
AZCAPOTZALCO DF,210701,,17,0,0,19,9,0.47368421052631576
"MEXICALI, BCN.",201408,,17,0,0,17,8,0.47058823529411764
"IXTAPALUCA, E.M",201610,,18,0,0,17,8,0.47058823529411764
"MEXICALI, BCN.",201408,MXLI TALLER DE SERVICIOS 2,17,0,0,17,8,0.47058823529411764
"IXTAPALUCA, E.M",201610,IXTP TALLER AUTOMOTRIZ,17,0,0,17,8,0.47058823529411764
AZCAPOTZALCO DF,200723,,37,0,0,34,16,0.47058823529411764
TAPACHULA CHIAP,160701,,14,1,0.07142857142857142,15,7,0.4666666666666667
"HERMOSILLO, SON",215903,HLLO COLGADO II,14,3,0.21428571428571427,15,7,0.4666666666666667
TAPACHULA CHIAP,160701,TPCH DISTRIBUCION,14,2,0.14285714285714285,15,7,0.4666666666666667
"GOMEZ PAL, DGO.",215809,GPLC PICKING DOBLADO,27,2,0.07407407407407407,28,13,0.4642857142857143
"HERMOSILLO, SON",215902,,27,1,0.037037037037037035,28,13,0.4642857142857143
"MONTERREY, N.L.",215513,,27,0,0,26,12,0.46153846153846156
"MERIDA, YUCATAN",201713,MRDA TALLER DE SERVICIO 2,12,1,0.08333333333333333,13,6,0.46153846153846156
TLAQUEPAQUE,159507,TLQP EMBARQUES II,11,0,0,13,6,0.46153846153846156
TLAQUEPAQUE,159506,TLQP EMBARQUES I,9,0,0,13,6,0.46153846153846156
"CUAUTLANCINGO, PUE",169903,,13,1,0.07692307692307693,13,6,0.46153846153846156
TEXCOCO EDO MEX,218208,TXCC RACK ALTO,27,3,0.1111111111111111,26,12,0.46153846153846156
MARTINEZ DE TOR,168101,.MZDT DISTRIBUCION,13,1,0.07692307692307693,13,6,0.46153846153846156
"CUAUTLANCINGO, PUE",169903,CTLG EMBARQUES II,13,0,0,13,6,0.46153846153846156
"ZACATECAS, ZAC",154401,ZCTS DISTRIBUCION,13,0,0,13,6,0.46153846153846156
"IXTAPALUCA, E.M",201618,,10,0,0,13,6,0.46153846153846156
VERACRUZ VER,202010,,13,0,0,13,6,0.46153846153846156
"MONTERREY, N.L.",215513,MTRY HABILITADO,26,1,0.038461538461538464,26,12,0.46153846153846156
"IXTAPALUCA, E.M",201618,IXTP TALLER DE SERVICIO 3,10,0,0,13,6,0.46153846153846156
TEXCOCO EDO MEX,218213,,24,0,0,24,11,0.4583333333333333
TEXCOCO EDO MEX,218213,TXCC ENVÍO A CLIENTES,24,2,0.08333333333333333,24,11,0.4583333333333333
VERACRUZ VER,202012,,11,0,0,11,5,0.45454545454545453
CULIACAN SIN.,200111,CLCN DISTRIBUCION I,23,0,0,22,10,0.45454545454545453
TEXCOCO EDO MEX,218228,,90,5,0.05555555555555555,88,40,0.45454545454545453
TLAQUEPAQUE,218103,TLQP DOBLADO,30,3,0.1,33,15,0.45454545454545453
"ENSENADA, BCN",153604,,12,0,0,11,5,0.45454545454545453
VERACRUZ VER,202012,VRCZ TALLER DE SERVICIOS 2,11,0,0,11,5,0.45454545454545453
JIUTEPEC MORELO,161903,JUTP DISTRIBUCION FORANEO,12,0,0,11,5,0.45454545454545453
"ENSENADA, BCN",153604,ENSD OPERACION EQ TRANSPORTE,12,0,0,11,5,0.45454545454545453
"TECAMAC, EDO ME",201866,,32,2,0.0625,31,14,0.45161290322580644
"TECAMAC, EDO ME",201866,TCMC DISTRIBUCION IV AA,32,1,0.03125,31,14,0.45161290322580644
"TECAMAC, EDO ME",201822,,21,0,0,20,9,0.45
"LOS MOCHIS, SIN",150602,LMCH EMBARQUES I,17,1,0.058823529411764705,20,9,0.45
TLAQUEPAQUE,218102,TLQP COLGADO II,19,1,0.05263157894736842,20,9,0.45
"GOMEZ PAL, DGO.",215804,GPLC COLGADO II,17,1,0.058823529411764705,18,8,0.4444444444444444
VERACRUZ VER,165302,VRCZ EMBARQUES I,9,0,0,9,4,0.4444444444444444
"TOLUCA, EDO MEX",217803,,18,0,0,18,8,0.4444444444444444
ATLACOMULCO,164902,ATLC DISTRIBUCION FORANEO,10,1,0.1,9,4,0.4444444444444444
"ZACATECAS, ZAC",154404,,9,0,0,9,4,0.4444444444444444
"URUAPAN, MICH.",152601,URPN DISTRIBUCION,9,1,0.1111111111111111,9,4,0.4444444444444444
TEXCOCO EDO MEX,218231,,18,2,0.1111111111111111,18,8,0.4444444444444444
"SILAO, GUANAJUA",201426,SLAO DISTRIBUCION,30,1,0.03333333333333333,27,12,0.4444444444444444
"LEON, GTO.",200424,LEON PISO,8,1,0.125,9,4,0.4444444444444444
CULIACAN SIN.,200120,CLCN BODEGA MUEBLES,11,0,0,9,4,0.4444444444444444
"URUAPAN, MICH.",152601,,9,0,0,9,4,0.4444444444444444
GUADALAJARA JAL,215611,GDLJ HABILITADO,10,0,0,9,4,0.4444444444444444
"LEON, GTO.",200424,,8,0,0,9,4,0.4444444444444444
"PARRAL, CHIHUAH",156201,PRRL DISTRIBUCION,9,0,0,9,4,0.4444444444444444
CUAUTITLAN IZCA,201111,,9,0,0,9,4,0.4444444444444444
"PARRAL, CHIHUAH",156201,,9,0,0,9,4,0.4444444444444444
VILLAHERMOSA,200915,,28,1,0.03571428571428571,27,12,0.4444444444444444
"LEON, GTO.",200410,,49,3,0.061224489795918366,50,22,0.44
IZTAPALAPA D.F.,201009,,25,2,0.08,25,11,0.44
CULIACAN SIN.,215107,,25,1,0.04,25,11,0.44
TEXCOCO EDO MEX,218218,,16,1,0.0625,16,7,0.4375
CUAUTITLAN IZCA,201323,CTLZ LOTEO,16,0,0,16,7,0.4375
"BANDERILLA, VER",161302,BDLL DISTRIBUCION,16,1,0.0625,16,7,0.4375
"IRAPUATO, GTO.",154601,,11,2,0.18181818181818182,16,7,0.4375
GUADALAJARA JAL,200604,,15,1,0.06666666666666667,16,7,0.4375
CULIACAN SIN.,200133,,29,2,0.06896551724137931,32,14,0.4375
CULIACAN SIN.,200133,CLCN TRASLADO,28,3,0.10714285714285714,32,14,0.4375
"MEXICALI, BCN.",150707,,23,0,0,23,10,0.43478260869565216
TLAQUEPAQUE,202202,TLQP TALLER DE SERVICIOS 1,23,1,0.043478260869565216,23,10,0.43478260869565216
"CD JUAREZ, CHIU",150104,,23,1,0.043478260869565216,23,10,0.43478260869565216
"GOMEZ PAL, DGO.",200330,,37,0,0,37,16,0.43243243243243246
AZCAPOTZALCO DF,215703,AZCP DOBLADO,6,0,0,7,3,0.42857142857142855
TEXCOCO EDO MEX,218210,,7,0,0,7,3,0.42857142857142855
"TOLUCA, EDO MEX",202120,TOLC ZONA BODEGA MUEBLES,6,0,0,7,3,0.42857142857142855
TEXCOCO EDO MEX,218210,TXCC UNIT SORTER,7,0,0,7,3,0.42857142857142855
TIERRA BLANCA,167101,,13,1,0.07692307692307693,7,3,0.42857142857142855
"CUAUTLANCINGO, PUE",201210,,43,3,0.06976744186046512,35,15,0.42857142857142855
TEXCOCO EDO MEX,218202,,6,1,0.16666666666666666,7,3,0.42857142857142855
"LEON, GTO.",215310,LEON HABILITADO,14,0,0,14,6,0.42857142857142855
"TOLUCA, EDO MEX",202128,,13,0,0,14,6,0.42857142857142855
"SILAO, GUANAJUA",201426,,29,2,0.06896551724137931,28,12,0.42857142857142855
GUADALAJARA JAL,153902,GDLJ DISTRIBUCION II,28,1,0.03571428571428571,28,12,0.42857142857142855
"HERMOSILLO, SON",215905,HLLO COLGADO I,14,2,0.14285714285714285,14,6,0.42857142857142855
CULIACAN SIN.,215115,CLCN PICKING COLGADO,28,0,0,28,12,0.42857142857142855
"IXTAPALUCA, E.M",201619,IXTP OPERACION EQ TRANSPORTE,62,3,0.04838709677419355,61,26,0.4262295081967213
AZCAPOTZALCO DF,200727,,28,0,0,26,11,0.4230769230769231
"PUEBLA, PUEBLA.",216101,,45,0,0,45,19,0.4222222222222222
"PUEBLA, PUEBLA.",216101,PBLA DOBLADO,45,2,0.044444444444444446,45,19,0.4222222222222222
"GOMEZ PAL, DGO.",200330,GPLC OPERACION EQ TRANSPORT II,35,0,0,38,16,0.42105263157894735
TEXCOCO EDO MEX,218223,,21,2,0.09523809523809523,19,8,0.42105263157894735
AGUASCALIENTES,212106,,21,1,0.047619047619047616,19,8,0.42105263157894735
AZCAPOTZALCO DF,200707,,30,2,0.06666666666666667,31,13,0.41935483870967744
CULIACAN SIN.,215108,CLCN DOBLADO,43,0,0,43,18,0.4186046511627907
TLAQUEPAQUE,202206,TLQP OPERACION EQ TRANSPORTE I,12,0,0,12,5,0.4166666666666667
CABO SAN LUCAS,155801,CSLC DISTRIBUCION,11,0,0,12,5,0.4166666666666667
"RIO VERDE, SLP",165701,,12,1,0.08333333333333333,12,5,0.4166666666666667
TLAQUEPAQUE,202209,TLQP TALLER AUTOMOTRIZ,25,1,0.04,24,10,0.4166666666666667
"LEON, GTO.",215306,LEON COLGADO II,12,0,0,12,5,0.4166666666666667
"LEON, GTO.",215306,,12,1,0.08333333333333333,12,5,0.4166666666666667
IZTAPALAPA D.F.,157907,,12,0,0,12,5,0.4166666666666667
"IXTAPALUCA, E.M",201615,,12,1,0.08333333333333333,12,5,0.4166666666666667
IZTAPALAPA D.F.,201009,IZTP DISTRIBUCION III,25,1,0.04,24,10,0.4166666666666667
IZTAPALAPA D.F.,157907,IZTP DISTRIBUCION X RAC,12,0,0,12,5,0.4166666666666667
CIUDAD MANTE,158501,,12,0,0,12,5,0.4166666666666667
CIUDAD MANTE,158501,CDMT DISTRIBUCION,12,0,0,12,5,0.4166666666666667
VERACRUZ VER,202011,,11,2,0.18181818181818182,12,5,0.4166666666666667
"IXTAPALUCA, E.M",201614,IXTP DISTRIBUCION IV,22,2,0.09090909090909091,24,10,0.4166666666666667
"MEXICALI, BCN.",215201,MXLI ZAPATERIA,12,1,0.08333333333333333,12,5,0.4166666666666667
"CHIHUAHUA, CHI",215412,CHUA RACK,12,0,0,12,5,0.4166666666666667
TEXCOCO EDO MEX,218224,,27,3,0.1111111111111111,29,12,0.41379310344827586
VILLAHERMOSA,156704,,47,4,0.0851063829787234,46,19,0.41304347826086957
"CUAUTLANCINGO, PUE",201208,,18,0,0,17,7,0.4117647058823529
"MONTERREY, N.L.",215510,,16,1,0.0625,17,7,0.4117647058823529
"CUAUTLANCINGO, PUE",201210,CTLG OPERACION EQ TRANSPORTE,39,1,0.02564102564102564,34,14,0.4117647058823529
"CUAUTLANCINGO, PUE",201208,CTLG PISO,17,0,0,17,7,0.4117647058823529
"TECAMAC, EDO ME",201807,,22,1,0.045454545454545456,22,9,0.4090909090909091
"GOMEZ PAL, DGO.",215801,GPLC ZAPATERIA,22,0,0,22,9,0.4090909090909091
TEXCOCO EDO MEX,218228,TXCC RESGUARDO,90,3,0.03333333333333333,88,36,0.4090909090909091
"MEXICALI, BCN.",220425,,22,1,0.045454545454545456,22,9,0.4090909090909091
"GOMEZ PAL, DGO.",215801,,22,0,0,22,9,0.4090909090909091
VILLAHERMOSA,200915,VLLH RACK,28,1,0.03571428571428571,27,11,0.4074074074074074
"TECAMAC, EDO ME",201854,,80,1,0.0125,74,30,0.40540540540540543
"TECAMAC, EDO ME",201854,TCMC EMBARQUES IMPORTACION,77,2,0.025974025974025976,74,30,0.40540540540540543
CULIACAN SIN.,200119,CLCN DESCARGA I,39,2,0.05128205128205128,42,17,0.40476190476190477
"TOLUCA, EDO MEX",202122,TOLC RACK,24,2,0.08333333333333333,25,10,0.4
"HERMOSILLO, SON",200220,HLLO BODEGA MUEBLES,5,1,0.2,5,2,0.4
PUERTO PE#ASCO,159101,,5,0,0,5,2,0.4
SAN ANDRES TUXTLA,162702,SNAT DISTRIBUCION FORANEO,5,1,0.2,5,2,0.4
"LOS MOCHIS, SIN",217309,LMCH STAFF BODEGA ROPA,9,0,0,10,4,0.4
CHETUMAL QROO,157701,CHTM DISTRIBUCION,11,0,0,10,4,0.4
TEXCOCO EDO MEX,218226,,20,0,0,20,8,0.4
TECAMAC,201845,,9,0,0,10,4,0.4
"CUAUTLANCINGO, PUE",201202,,21,2,0.09523809523809523,20,8,0.4
"LOS MOCHIS, SIN",201520,LMCH BODEGA MUEBLES,6,0,0,5,2,0.4
OAXACA OAXACA,157506,,0,0,0,5,2,0.4
TEXCOCO EDO MEX,218226,TXCC INVENTARIO,20,1,0.05,20,8,0.4
"LOS MOCHIS, SIN",201510,LMCH TALLER DE SERVICIOS 2,10,1,0.1,10,4,0.4
TLAQUEPAQUE,202204,TLQP TALLER DE SERVICIOS 3,21,0,0,20,8,0.4
"TIJUANA, BCN",153510,,6,0,0,5,2,0.4
"CABORCA, SON.",151401,CBRC DISTRIBUCION,5,0,0,5,2,0.4
CHETUMAL QROO,157701,,11,0,0,10,4,0.4
"LOS MOCHIS, SIN",201520,,6,0,0,5,2,0.4
"LA PAZ, BCS",216503,,5,0,0,5,2,0.4
"LA PAZ, BCS",153702,,4,1,0.25,5,2,0.4
"PUEBLA, PUEBLA.",216108,PBLA PICKING DOBLADO,30,0,0,30,12,0.4
CULIACAN SIN.,215107,CLCN COLGADO II,25,0,0,25,10,0.4
"HERMOSILLO, SON",200220,,5,0,0,5,2,0.4
HUAJUAPAN D LEON OAX,164702,HJPN DISTRIBUCION FORANEO,0,0,0,5,2,0.4
"CABORCA, SON.",151401,,5,0,0,5,2,0.4
TLAQUEPAQUE,218102,,20,0,0,20,8,0.4
TEXCOCO EDO MEX,218217,TXCC TALLER DE SERVICIOS 2,14,1,0.07142857142857142,10,4,0.4
GUADALAJARA JAL,153609,,5,0,0,5,2,0.4
"MAZATLAN, SIN.",150503,,5,0,0,5,2,0.4
"MAZATLAN, SIN.",150503,MZTN DISTRIBUCION FORANEO,5,0,0,5,2,0.4
"EMILIANO ZAPATA, TAB",166001,,10,0,0,10,4,0.4
CULIACAN SIN.,215118,CLCN ENVIO A CLIENTES,34,2,0.058823529411764705,35,14,0.4
AGUAPRIETA SON,159001,AGPT DISTRIBUCION,5,1,0.2,5,2,0.4
CULIACAN SIN.,200134,CLCN TALLER DE CELULARES,10,0,0,10,4,0.4
PUERTO PE#ASCO,159101,PPÑC DISTRIBUCION,5,1,0.2,5,2,0.4
TECAMAC,201845,TCMD LOTEO,9,1,0.1111111111111111,10,4,0.4
CUAUTITLAN IZCA,157003,CTLZ DISTRIBUCION IV,18,0,0,15,6,0.4
"LOS MOCHIS, SIN",201510,,10,0,0,10,4,0.4
SAN ANDRES TUXTLA,162702,,7,0,0,5,2,0.4
VILLAHERMOSA,156705,,26,0,0,20,8,0.4
CULIACAN SIN.,215108,,43,0,0,43,17,0.3953488372093023
"GOMEZ PAL, DGO.",215809,,26,0,0,28,11,0.39285714285714285
GUADALAJARA JAL,153902,,29,0,0,28,11,0.39285714285714285
CULIACAN SIN.,215115,,29,0,0,28,11,0.39285714285714285
"CD JUAREZ, CHIU",150104,CDJZ DISTRIBUCION,23,2,0.08695652173913043,23,9,0.391304347826087
CULIACAN SIN.,200119,,38,0,0,41,16,0.3902439024390244
"TOLUCA, EDO MEX",153203,TOLC TALLER DE SERVICIOS 1,18,0,0,18,7,0.3888888888888889
"CUAUTLANCINGO, PUE",201201,,20,1,0.05,18,7,0.3888888888888889
TEXCOCO EDO MEX,218231,TXCC REPOSICIÓN,18,1,0.05555555555555555,18,7,0.3888888888888889
"MONTERREY, N.L.",200510,,20,2,0.1,18,7,0.3888888888888889
"LEON, GTO.",215308,,18,1,0.05555555555555555,18,7,0.3888888888888889
"TOLUCA, EDO MEX",153203,,18,0,0,18,7,0.3888888888888889
CUAUTLA MORELOS,158201,,18,0,0,18,7,0.3888888888888889
CUAUTLA MORELOS,158201,CTLA DISTRIBUCION,18,0,0,18,7,0.3888888888888889
AZCAPOTZALCO DF,200707,AZCP DISTRIBUCION I,32,0,0,31,12,0.3870967741935484
TECAMAC,201853,,67,6,0.08955223880597014,57,22,0.38596491228070173
VERACRUZ VER,217106,VRCZ COLGADO II,12,1,0.08333333333333333,13,5,0.38461538461538464
"ZACATECAS, ZAC",154401,,13,0,0,13,5,0.38461538461538464
"TECAMAC, EDO ME",217460,,9,0,0,13,5,0.38461538461538464
"MINERAL DE LA R,HGO",163301,,13,0,0,13,5,0.38461538461538464
"TOLUCA, EDO MEX",211502,TOLC HABILITADO MOTOS,14,1,0.07142857142857142,13,5,0.38461538461538464
"TIJUANA, BCN",215217,,25,1,0.04,26,10,0.38461538461538464
"MINERAL DE LA R,HGO",163301,MNRL DISTRIBUCION,13,0,0,13,5,0.38461538461538464
"TOLUCA, EDO MEX",211502,,14,0,0,13,5,0.38461538461538464
"LOS MOCHIS, SIN",150601,,14,1,0.07142857142857142,13,5,0.38461538461538464
TEXCOCO EDO MEX,218214,TXCC EMBARQUE 1,13,1,0.07692307692307693,13,5,0.38461538461538464
"IXTAPALUCA, E.M",216909,,28,0,0,26,10,0.38461538461538464
"IXTAPALUCA, E.M",216909,IXTP STAFF BODEGA ROPA,28,1,0.03571428571428571,26,10,0.38461538461538464
"MEXICALI, BCN.",215207,,20,0,0,21,8,0.38095238095238093
TLAQUEPAQUE,202204,,21,0,0,21,8,0.38095238095238093
"MEXICALI, BCN.",215207,MXLI STAFF BODEGA ROPA,20,0,0,21,8,0.38095238095238093
"BANDERILLA, VER",161302,,16,0,0,16,6,0.375
GUADALAJARA JAL,200604,GDLJ TALLER DE SERVICIOS1,16,0,0,16,6,0.375
PUTLA VILLA DE GUERR,166201,,8,0,0,8,3,0.375
"GUADALUPE, N.L.",200531,,8,0,0,8,3,0.375
TEXCOCO EDO MEX,218205,TXCC OFICINA CONTROL,16,0,0,16,6,0.375
TEXCOCO EDO MEX,218218,TXCC TALLER DE SERVICIOS 3,15,1,0.06666666666666667,16,6,0.375
TECAMAC,201840,TCMD BODEGA MUEBLES,9,0,0,8,3,0.375
TLAQUEPAQUE,159513,TLQP DISTRIBUCION VIII AA,8,0,0,8,3,0.375
"LOS MOCHIS, SIN",217301,,15,0,0,16,6,0.375
"MINATITLAN, VER",156104,MNTN DISTRIBUCION FORANEO,10,0,0,8,3,0.375
TLAQUEPAQUE,202209,,25,0,0,24,9,0.375
PUTLA VILLA DE GUERR,166201,PTLA DISTRIBUCION,8,0,0,8,3,0.375
"MINATITLAN, VER",156104,,10,0,0,8,3,0.375
CUAUTITLAN IZCA,201317,CTLZ TALLER DE SERVICIO 3,15,0,0,16,6,0.375
CUAUTITLAN IZCA,157003,,17,1,0.058823529411764705,16,6,0.375
CUAUTITLAN IZCA,201323,,17,0,0,16,6,0.375
"LEON, GTO.",200410,LEON DESCARGA I,46,1,0.021739130434782608,51,19,0.37254901960784315
"MEXICALI, BCN.",150702,MXLI DISTRIBUCION I,27,0,0,27,10,0.37037037037037035
BENITO JUAREZ QROO,159601,CNCN DISTRIBUCION I,29,3,0.10344827586206896,27,10,0.37037037037037035
BENITO JUAREZ QROO,159601,,28,1,0.03571428571428571,27,10,0.37037037037037035
"CORDOBA, VER.",154301,,31,4,0.12903225806451613,27,10,0.37037037037037035
VILLAHERMOSA,156704,VLLH DESCARGA I,48,2,0.041666666666666664,46,17,0.3695652173913043
TEXCOCO EDO MEX,218221,,21,0,0,19,7,0.3684210526315789
TLAQUEPAQUE,218101,TLQP COLGADO I,14,1,0.07142857142857142,19,7,0.3684210526315789
AGUASCALIENTES,212106,AGSC DESCARGA,21,0,0,19,7,0.3684210526315789
TEXCOCO EDO MEX,218221,TXCC DISTRIBUCION 1,21,1,0.047619047619047616,19,7,0.3684210526315789
"MORELIA, MICH.",152101,,21,1,0.047619047619047616,19,7,0.3684210526315789
"PUEBLA, PUEBLA.",216108,,30,0,0,30,11,0.36666666666666664
"MINATITLAN, VER",156101,MNTN DISTRIBUCION,10,1,0.1,11,4,0.36363636363636365
TEXCOCO EDO MEX,218217,,14,0,0,11,4,0.36363636363636365
"CUAUTLANCINGO, PUE",201205,,21,1,0.047619047619047616,22,8,0.36363636363636365
SAN JUAN D RIO,160201,SNJR DISTRIBUCION,11,0,0,11,4,0.36363636363636365
S LUIS DE LA PAZ GTO,165001,SNLD DISTRIBUCION,11,0,0,11,4,0.36363636363636365
"SALAMANCA, GTO",160402,SLMC DISTRIBUCION FORANEO,11,1,0.09090909090909091,11,4,0.36363636363636365
"TECAMAC, EDO ME",201807,TCMC TALLER DE SERVICIOS 1,21,1,0.047619047619047616,22,8,0.36363636363636365
"LEON, GTO.",215304,LEON PICKING ZAPATO,10,1,0.1,11,4,0.36363636363636365
"SALAMANCA, GTO",160402,,11,0,0,11,4,0.36363636363636365
"LEON, GTO.",215304,,11,0,0,11,4,0.36363636363636365
"TOLUCA, EDO MEX",153202,,24,2,0.08333333333333333,22,8,0.36363636363636365
"JOJUTLA, MORELOS",167301,JJTL DISTRIBUCION,11,0,0,11,4,0.36363636363636365
CULIACAN SIN.,200111,,22,0,0,22,8,0.36363636363636365
SAN JUAN D RIO,160201,,11,0,0,11,4,0.36363636363636365
"MEXICALI, BCN.",220425,MXLI TRASLADO IMPORTACION,21,4,0.19047619047619047,22,8,0.36363636363636365
"TOLUCA, EDO MEX",202122,,26,0,0,25,9,0.36
BENITO JUAREZ QROO,217001,,25,2,0.08,25,9,0.36
"HERMOSILLO, SON",200222,HLLO OPERACION EQ TRANSPORTE,40,1,0.025,39,14,0.358974358974359
AZCAPOTZALCO DF,200733,AZCP DIST RAC,26,1,0.038461538461538464,28,10,0.35714285714285715
"GOMEZ PAL, DGO.",215807,,14,1,0.07142857142857142,14,5,0.35714285714285715
"XALAPA,VERACRUZ",161301,,14,0,0,14,5,0.35714285714285715
"TECAMAC, EDO ME",217460,TCMC ENVIO A CLIENTES,11,0,0,14,5,0.35714285714285715
TLAQUEPAQUE,159502,TLQP DISTRIBUCION II,14,2,0.14285714285714285,14,5,0.35714285714285715
"XALAPA,VERACRUZ",161301,XLPA DISTRIBUCION,13,1,0.07692307692307693,14,5,0.35714285714285715
"CD JUAREZ, CHIU",215405,CDJZ PICKING,14,0,0,14,5,0.35714285714285715
SAN ANDRES TUXTLA,162701,,13,4,0.3076923076923077,14,5,0.35714285714285715
TLAQUEPAQUE,159502,,14,0,0,14,5,0.35714285714285715
"IXTAPALUCA, E.M",216902,IXTP ZAPATERIA,15,0,0,14,5,0.35714285714285715
AZCAPOTZALCO DF,200733,,28,1,0.03571428571428571,28,10,0.35714285714285715
TLAQUEPAQUE,202208,TLQP OPERACION EQ TRANSPOR III,44,1,0.022727272727272728,45,16,0.35555555555555557
TLAQUEPAQUE,202208,,45,0,0,45,16,0.35555555555555557
VILLAHERMOSA,156706,,45,0,0,45,16,0.35555555555555557
"IRAPUATO, GTO.",154601,IRPT DISTRIBUCION,12,0,0,17,6,0.35294117647058826
CUAUTITLAN IZCA,211301,CTLZ TALLER AUTOMOTRIZ,16,1,0.0625,17,6,0.35294117647058826
"MONTERREY, N.L.",215510,MTRY STAFF BODEGA ROPA,17,2,0.11764705882352941,17,6,0.35294117647058826
CUAUTITLAN IZCA,211301,,17,0,0,17,6,0.35294117647058826
CUAUTITLAN IZCA,216807,,17,1,0.058823529411764705,17,6,0.35294117647058826
"GOMEZ PAL, DGO.",200307,GPLC DISTRIBUCION II,20,0,0,20,7,0.35
"LOS MOCHIS, SIN",150602,,21,0,0,20,7,0.35
"MERIDA, YUCATAN",201716,MRDA OPERACION EQ TRANSPORTE,46,0,0,43,15,0.3488372093023256
"TOLUCA, EDO MEX",217807,,23,0,0,23,8,0.34782608695652173
VILLAHERMOSA,156706,VLLH DESCARGA II,44,4,0.09090909090909091,46,16,0.34782608695652173
"PUEBLA, PUEBLA.",216109,,26,1,0.038461538461538464,26,9,0.34615384615384615
IZTAPALAPA D.F.,201025,,22,1,0.045454545454545456,26,9,0.34615384615384615
"PUEBLA, PUEBLA.",216109,PBLA STAFF BODEGA ROPA,26,0,0,26,9,0.34615384615384615
"LEON, GTO.",200426,LEON TRASLADO,34,1,0.029411764705882353,35,12,0.34285714285714286
"MERIDA, YUCATAN",201716,,47,0,0,44,15,0.3409090909090909
VERACRUZ VER,202016,,9,1,0.1111111111111111,9,3,0.3333333333333333
SAN LUIS POTOSI,212207,,3,0,0,3,1,0.3333333333333333
"HERMOSILLO, SON",200204,HLLO TALLER DE SERVICIOS 1,11,0,0,12,4,0.3333333333333333
TLAQUEPAQUE,202206,,12,0,0,12,4,0.3333333333333333
"MONTERREY, N.L.",154012,,16,1,0.0625,15,5,0.3333333333333333
VERACRUZ VER,217105,VRCZ COLGADO I,11,1,0.09090909090909091,12,4,0.3333333333333333
"ORIZABA, VER.",155301,ORZB DISTRIBUCION,13,1,0.07692307692307693,12,4,0.3333333333333333
TEXCOCO EDO MEX,218201,,6,0,0,6,2,0.3333333333333333
"MANZANILLO, COL",158002,MZLL DISTRIBUCION FORANEO,6,0,0,6,2,0.3333333333333333
"TECAMAC, EDO ME",217405,,19,0,0,21,7,0.3333333333333333
AZCAPOTZALCO DF,200726,AZCP SUMINISTROS,3,0,0,3,1,0.3333333333333333
S JOSE DEL CABO,155701,SNJC DISTRIBUCION,12,0,0,12,4,0.3333333333333333
"MORELIA, MICH.",152101,MORL DISTRIBUCION,20,0,0,18,6,0.3333333333333333
SAN LUIS POTOSI,152206,,3,0,0,3,1,0.3333333333333333
CULIACAN SIN.,200110,CLCN TALLER DE SERVICIOS 2,15,1,0.06666666666666667,15,5,0.3333333333333333
"TOLUCA, EDO MEX",217805,TOLC ZAPATERIA,21,1,0.047619047619047616,21,7,0.3333333333333333
"HUAUCHINANGO,PUEBLA",169602,,10,0,0,9,3,0.3333333333333333
AGUASCALIENTES,212101,,6,0,0,6,2,0.3333333333333333
"TOLUCA, EDO MEX",211501,TOLC TALLER AUTOMOTRIZ,19,0,0,18,6,0.3333333333333333
"HUAUCHINANGO,PUEBLA",169602,HCHG DISTRIBUCION,10,0,0,9,3,0.3333333333333333
"MATAMOROS, TAM.",156603,,3,1,0.3333333333333333,3,1,0.3333333333333333
"GUADALUPE, N.L.",210603,,4,0,0,3,1,0.3333333333333333
"ALTAMIRA, TAM",168302,,3,0,0,3,1,0.3333333333333333
"MONTERREY, N.L.",215506,,4,1,0.25,6,2,0.3333333333333333
TEXCOCO EDO MEX,218234,,6,0,0,3,1,0.3333333333333333
"MONTERREY, N.L.",200516,,2,1,0.5,3,1,0.3333333333333333
ZUMPANGO EDO MEXICO,160501,ZMPG DISTRIBUCION,15,0,0,12,4,0.3333333333333333
CUAUTITLAN IZCA,201312,CTLZ EMBARQUES II,11,0,0,12,4,0.3333333333333333
"MEXICALI, BCN.",201407,,9,1,0.1111111111111111,9,3,0.3333333333333333
"TECAMAC, EDO ME",217404,TCMC ZONA BODEGA ROPA,3,0,0,3,1,0.3333333333333333
"TOLUCA, EDO MEX",217805,,21,1,0.047619047619047616,21,7,0.3333333333333333
"TECAMAC, EDO ME",217405,TCMC COLGADO I,17,1,0.058823529411764705,21,7,0.3333333333333333
"LEON, GTO.",215308,LEON PICKING DOBLADO,18,0,0,18,6,0.3333333333333333
"RIO VERDE, SLP",165701,RVDE DISTRIBUCION,12,0,0,12,4,0.3333333333333333
TEXCOCO EDO MEX,218234,#N/A,3,0,0,3,1,0.3333333333333333
CHETUMAL QROO,512702,,3,0,0,3,1,0.3333333333333333
SAN LUIS POTOSI,212207,#N/A,3,0,0,3,1,0.3333333333333333
S JOSE DEL CABO,155701,,12,0,0,12,4,0.3333333333333333
VERACRUZ VER,217107,VRCZ PICKING COLGADO,17,1,0.058823529411764705,18,6,0.3333333333333333
SAN LUIS POTOSI,152206,SNLP I DISTRIIBUCION FORANEO,3,0,0,3,1,0.3333333333333333
AGUASCALIENTES,212101,AGSC LOTEO,6,0,0,6,2,0.3333333333333333
"IRAPUATO, GTO.",164602,,7,1,0.14285714285714285,3,1,0.3333333333333333
IZTAPALAPA D.F.,201025,IZTP TRASLADO,25,0,0,27,9,0.3333333333333333
"IXTAPALUCA, E.M",216907,,9,0,0,9,3,0.3333333333333333
"IXTAPALUCA, E.M",216905,,10,1,0.1,9,3,0.3333333333333333
"IXTAPALUCA, E.M",201633,,5,0,0,6,2,0.3333333333333333
GUADALAJARA JAL,200609,GDLJ OFICINA CONTROL,9,0,0,9,3,0.3333333333333333
"HERMOSILLO, SON",200204,,11,0,0,12,4,0.3333333333333333
"HERMOSILLO, SON",200222,,40,0,0,39,13,0.3333333333333333
"ORIZABA, VER.",155301,,13,0,0,12,4,0.3333333333333333
TIERRA BLANCA,167101,TBCA DISTRIBUCION,14,0,0,6,2,0.3333333333333333
"HERMOSILLO, SON",210402,,3,0,0,3,1,0.3333333333333333
AGUAPRIETA SON,159001,,6,0,0,6,2,0.3333333333333333
VERACRUZ VER,217105,,11,0,0,12,4,0.3333333333333333
TLAQUEPAQUE,202215,,27,2,0.07407407407407407,27,9,0.3333333333333333
"MATAMOROS, TAM.",156603,MTMS DISTRIBUCION FORANEO,4,0,0,3,1,0.3333333333333333
"IXTAPALUCA, E.M",201633,IXTP HABILITADO MOTOS,5,0,0,6,2,0.3333333333333333
"GUADALUPE, N.L.",210603,GDLP HABILITADO DE MOTOS,4,0,0,3,1,0.3333333333333333
"MANZANILLO, COL",158002,,6,0,0,6,2,0.3333333333333333
"IXTAPALUCA, E.M",201615,IXTP EMBARQUES,10,0,0,12,4,0.3333333333333333
GUADALAJARA JAL,200620,,6,1,0.16666666666666666,6,2,0.3333333333333333
GUADALAJARA JAL,200609,,9,0,0,9,3,0.3333333333333333
VILLAHERMOSA,200912,VLLH SUMINISTROS,3,0,0,3,1,0.3333333333333333
"IXTAPALUCA, E.M",216907,IXTP PICKING COLGADO,8,0,0,9,3,0.3333333333333333
"MONTERREY, N.L.",154012,MTRY DIST RAC,16,0,0,15,5,0.3333333333333333
CULIACAN SIN.,200110,,15,0,0,15,5,0.3333333333333333
CULIACAN SIN.,210802,CLCN HABILITADO MOTOS,3,0,0,3,1,0.3333333333333333
CULIACAN SIN.,210802,,3,0,0,3,1,0.3333333333333333
"MAPASTEPEC, CHIAPAS",160704,,8,1,0.125,6,2,0.3333333333333333
S CRISTOBAL CHI,161001,,15,0,0,12,4,0.3333333333333333
"HERMOSILLO, SON",210402,HLLO HABILITADO MOTOS,3,0,0,3,1,0.3333333333333333
"TIJUANA, BCN",215217,TJNA DESCARGA,25,0,0,27,9,0.3333333333333333
"MEXICALI, BCN.",211402,MXLI HABILITADO MOTOS,3,0,0,3,1,0.3333333333333333
AZCAPOTZALCO DF,200726,,3,0,0,3,1,0.3333333333333333
"HERMOSILLO, SON",200217,HLLO LOTEO,5,0,0,6,2,0.3333333333333333
VILLAHERMOSA,216210,,20,2,0.1,21,7,0.3333333333333333
S CRISTOBAL CHI,161001,SNCC DISTRIBUCION,15,0,0,12,4,0.3333333333333333
VILLAHERMOSA,200912,,3,0,0,3,1,0.3333333333333333
"TOLUCA, EDO MEX",217804,TOLC DOBLADO,28,1,0.03571428571428571,28,9,0.32142857142857145
TECAMAC,201853,TCMD OP. EQ. TRANSPORTE II,68,2,0.029411764705882353,56,18,0.32142857142857145
GUADALAJARA JAL,200613,GDLJ OPERACION EQ TRANSPORTE,26,2,0.07692307692307693,28,9,0.32142857142857145
GUADALAJARA JAL,200613,,26,0,0,28,9,0.32142857142857145
"MONTERREY, N.L.",215505,MTRY COLGADO II,26,2,0.07692307692307693,28,9,0.32142857142857145
"CUAUTLANCINGO, PUE",201205,CTLG TALLER DE SERVICIOS 3,21,0,0,22,7,0.3181818181818182
"TOLUCA, EDO MEX",217802,TOLC COLGADO I,18,2,0.1111111111111111,19,6,0.3157894736842105
TEXCOCO EDO MEX,218223,TXCC DISTRIBUCION 3,21,1,0.047619047619047616,19,6,0.3157894736842105
"TOLUCA, EDO MEX",217802,,19,0,0,19,6,0.3157894736842105
CHILPANCINGO GR,158102,CHPG DISTRIBUCION FORANEO,24,0,0,19,6,0.3157894736842105
"CUAUTLANCINGO, PUE",201202,CTLG TALLER AUTOMOTRIZ,22,0,0,19,6,0.3157894736842105
"LEON, GTO.",200426,,35,0,0,35,11,0.3142857142857143
"MONCLOVA, COAH.",151901,,16,0,0,16,5,0.3125
"GOMEZ PAL, DGO.",200313,,16,0,0,16,5,0.3125
"GOMEZ PAL, DGO.",200313,GPLC EMBARQUES I,13,0,0,16,5,0.3125
"GOMEZ PAL, DGO.",200314,GPLC TALLER D SERVICIOS 2,15,1,0.06666666666666667,16,5,0.3125
"MONCLOVA, COAH.",151901,MNCV DISTRIBUCION,16,0,0,16,5,0.3125
IZTAPALAPA D.F.,211101,IZTP TALLER AUTOMOTRIZ,17,0,0,16,5,0.3125
CULIACAN SIN.,215101,,11,0,0,16,5,0.3125
CUAUTITLAN IZCA,201317,,15,0,0,16,5,0.3125
TEXCOCO EDO MEX,218224,TXCC HABILITADO,29,0,0,29,9,0.3103448275862069
"LOS MOCHIS, SIN",150601,LMCH DISTRIBUCION,14,0,0,13,4,0.3076923076923077
CUAUTITLAN IZCA,201311,CTLZ EMBARQUES I,12,0,0,13,4,0.3076923076923077
"MERIDA, YUCATAN",201713,,12,0,0,13,4,0.3076923076923077
"PUEBLA, PUEBLA.",200824,PBLA TRASLADO,13,0,0,13,4,0.3076923076923077
VERACRUZ VER,217106,,10,0,0,13,4,0.3076923076923077
VERACRUZ VER,217109,,12,1,0.08333333333333333,13,4,0.3076923076923077
CUAUTITLAN IZCA,201311,,12,0,0,13,4,0.3076923076923077
VILLAHERMOSA,156702,,13,1,0.07692307692307693,13,4,0.3076923076923077
"MEXICALI, BCN.",150701,MXLI EMBARQUES I,11,0,0,13,4,0.3076923076923077
"GOMEZ PAL, DGO.",200324,,9,0,0,10,3,0.3
"MERIDA, YUCATAN",201719,MRDA PISO,10,0,0,10,3,0.3
"LOS MOCHIS, SIN",201517,LMCH PISO,8,1,0.125,10,3,0.3
CUAUTITLAN IZCA,201322,CTLZ OPERACION EQ TRANSPORTE,43,2,0.046511627906976744,40,12,0.3
SAN LUIS RIO CO,151101,,10,0,0,10,3,0.3
"MEXICALI, BCN.",201411,,8,0,0,10,3,0.3
"MERIDA, YUCATAN",201719,,10,0,0,10,3,0.3
CHILPANCINGO GR,158102,,24,0,0,20,6,0.3
"IXTAPALUCA, E.M",201609,,8,0,0,10,3,0.3
GUADALAJARA JAL,200612,GDLJ TALLER DE SERVICIOS 3,8,1,0.125,10,3,0.3
SAN LUIS RIO CO,151101,SNRC DISTRIBUCION,10,0,0,10,3,0.3
GUADALAJARA JAL,200612,,8,0,0,10,3,0.3
GUADALAJARA JAL,215611,,10,0,0,10,3,0.3
CULIACAN SIN.,200134,,10,0,0,10,3,0.3
CULIACAN SIN.,200145,,11,0,0,10,3,0.3
CULIACAN SIN.,200145,CLCN ESTACION RAC,11,0,0,10,3,0.3
VILLAHERMOSA,211002,VLLH HABILITADO MOTOS,10,0,0,10,3,0.3
VILLAHERMOSA,211002,,10,0,0,10,3,0.3
"HERMOSILLO, SON",215908,HLLO PICKING COLGADO,20,0,0,20,6,0.3
"MEXICALI, BCN.",150702,,27,0,0,27,8,0.2962962962962963
"MERIDA, YUCATAN",157201,MRDA DISTRIBUCION,17,1,0.058823529411764705,17,5,0.29411764705882354
IZTAPALAPA D.F.,211101,,16,0,0,17,5,0.29411764705882354
CUAUTITLAN IZCA,216807,CTLZ PICKING COLGADO,17,1,0.058823529411764705,17,5,0.29411764705882354
CUAUTITLAN IZCA,201307,CTLZ TALLER SERVICIO1,16,1,0.0625,17,5,0.29411764705882354
CULIACAN SIN.,215101,CLCN PICKING ZAPATO,11,0,0,17,5,0.29411764705882354
CUAUTITLAN IZCA,216808,,18,0,0,17,5,0.29411764705882354
"MEXICALI, BCN.",215205,,41,3,0.07317073170731707,41,12,0.2926829268292683
CULIACAN SIN.,215114,,22,1,0.045454545454545456,24,7,0.2916666666666667
"XOCHIMILCO, D.F",159901,XOCH DISTRIBUCION,31,1,0.03225806451612903,31,9,0.2903225806451613
TLAQUEPAQUE,202207,,31,1,0.03225806451612903,31,9,0.2903225806451613
"PALENQUE, CHIAPAS",163501,,7,0,0,7,2,0.2857142857142857
"OCOSINGO, CHIAPAS",167601,,8,0,0,7,2,0.2857142857142857
"TOLUCA, EDO MEX",202120,,6,0,0,7,2,0.2857142857142857
"TOLUCA, EDO MEX",153205,,15,1,0.06666666666666667,14,4,0.2857142857142857
"TOLUCA, EDO MEX",217804,,28,0,0,28,8,0.2857142857142857
"GOMEZ PAL, DGO.",215807,GPLC PICKING ZAPATO,14,0,0,14,4,0.2857142857142857
"SALAMANCA, GTO",160401,,7,0,0,7,2,0.2857142857142857
"CUAUTLANCINGO, PUE",201211,,6,1,0.16666666666666666,7,2,0.2857142857142857
TEXCOCO EDO MEX,218202,#N/A,7,0,0,7,2,0.2857142857142857
"GUADALUPE, N.L.",200532,,13,1,0.07692307692307693,14,4,0.2857142857142857
LAGOS DE MORENO,166802,LMRN DISTRIBUCION,7,0,0,7,2,0.2857142857142857
"SALAMANCA, GTO",160401,SLMC DISTRIBUCION,7,0,0,7,2,0.2857142857142857
SAN LUIS POTOSI,212202,#N/A,9,0,0,7,2,0.2857142857142857
"LA PAZ, BCS",216501,,6,1,0.16666666666666666,7,2,0.2857142857142857
LAGOS DE MORENO,166802,,7,0,0,7,2,0.2857142857142857
"ACAMBARO, GTO",158802,,13,1,0.07692307692307693,14,4,0.2857142857142857
IZTAPALAPA D.F.,201012,,7,0,0,7,2,0.2857142857142857
"IGUALA,GUERRERO",163901,,7,0,0,7,2,0.2857142857142857
IZTAPALAPA D.F.,201012,IZTP OFICINA CONTROL,7,0,0,7,2,0.2857142857142857
"HERMOSILLO, SON",210401,,13,2,0.15384615384615385,14,4,0.2857142857142857
"IGUALA,GUERRERO",163901,IGLA DISTRIBUCION,7,0,0,7,2,0.2857142857142857
"GUADALUPE, N.L.",200532,GDLP RACK,14,1,0.07142857142857142,14,4,0.2857142857142857
"SANTIAGO, IXC",152401,,6,1,0.16666666666666666,7,2,0.2857142857142857
"CD JUAREZ, CHIU",215405,,14,0,0,14,4,0.2857142857142857
"OCOSINGO, CHIAPAS",167601,OCSG DISTRIBUCION,8,0,0,7,2,0.2857142857142857
"PALENQUE, CHIAPAS",163501,PLNQ DISTRIBUCION,7,0,0,7,2,0.2857142857142857
"XOCHIMILCO, D.F",159901,,32,0,0,32,9,0.28125
VILLAHERMOSA,216202,VLLH ZAPATERIA,25,1,0.04,25,7,0.28
BENITO JUAREZ QROO,217001,CNCN BODEGA,25,1,0.04,25,7,0.28
VILLAHERMOSA,216202,,23,2,0.08695652173913043,25,7,0.28
"NUEVO LAREDO, T",216001,NLRD COLGADO,43,1,0.023255813953488372,43,12,0.27906976744186046
ZUMPANGO EDO MEXICO,160501,,16,2,0.125,18,5,0.2777777777777778
VERACRUZ VER,217107,,18,0,0,18,5,0.2777777777777778
"MONTERREY, N.L.",200510,MTRY TALLER DE SERVICIO 3,19,0,0,18,5,0.2777777777777778
"MEXICALI, BCN.",150709,MXLI IMP DESCARGA IMPORTACION,30,0,0,29,8,0.27586206896551724
"MINATITLAN, VER",156101,,10,0,0,11,3,0.2727272727272727
VERACRUZ VER,217103,VRCZ DOBLADO,22,0,0,22,6,0.2727272727272727
CULIACAN SIN.,200116,CLCN OFICINA CONTROL,11,0,0,11,3,0.2727272727272727
"DELICIAS, CHIU.",152301,DLCS DISTRIBUCION,11,0,0,11,3,0.2727272727272727
"TOLUCA, EDO MEX",153202,TOLC DISTRIBUCION II,25,0,0,22,6,0.2727272727272727
S LUIS DE LA PAZ GTO,165001,,11,0,0,11,3,0.2727272727272727
"JOJUTLA, MORELOS",167301,,11,0,0,11,3,0.2727272727272727
"HERMOSILLO, SON",200213,,11,0,0,11,3,0.2727272727272727
VERACRUZ VER,217103,,20,1,0.05,22,6,0.2727272727272727
TLAQUEPAQUE,218106,,22,1,0.045454545454545456,22,6,0.2727272727272727
"IXTAPALUCA, E.M",201609,IXTP TALLER DE SERVICIOS 2,8,0,0,11,3,0.2727272727272727
"HERMOSILLO, SON",200213,HLLO EMBARQUES I,11,0,0,11,3,0.2727272727272727
"MEXICALI, BCN.",201411,MXLI RACK,8,0,0,11,3,0.2727272727272727
"PUEBLA, PUEBLA.",216103,,26,0,0,26,7,0.2692307692307692
"TULA, HIDALGO",159701,TULA DISTRIBUCION,27,0,0,26,7,0.2692307692307692
"CORDOBA, VER.",154301,CRDB DISTRIBUCION,31,1,0.03225806451612903,26,7,0.2692307692307692
"PUEBLA, PUEBLA.",216107,PBLA PICKING COLGADO,26,0,0,26,7,0.2692307692307692
"PUEBLA, PUEBLA.",216103,PBLA COLGADO II,26,0,0,26,7,0.2692307692307692
"TULA, HIDALGO",159701,,26,2,0.07692307692307693,26,7,0.2692307692307692
"GOMEZ PAL, DGO.",215810,,15,1,0.06666666666666667,15,4,0.26666666666666666
TEXCOCO EDO MEX,218216,,16,2,0.125,15,4,0.26666666666666666
"TECAMAC, EDO ME",217411,,30,1,0.03333333333333333,30,8,0.26666666666666666
"DOLORES HIDALGO,GTO",163401,DHGO DISTRIBUCION,15,0,0,15,4,0.26666666666666666
"TECAMAC, EDO ME",217411,TCMC CALIDAD,29,0,0,30,8,0.26666666666666666
"MERIDA, YUCATAN",218005,,15,1,0.06666666666666667,15,4,0.26666666666666666
"DOLORES HIDALGO,GTO",163401,,15,0,0,15,4,0.26666666666666666
JIUTEPEC MORELO,161901,,16,1,0.0625,15,4,0.26666666666666666
CUAUTITLAN IZCA,216803,CTLZ COLGADO I,13,0,0,15,4,0.26666666666666666
JIUTEPEC MORELO,161901,JUTP DISTRIBUCION,17,0,0,15,4,0.26666666666666666
"ALTAMIRA, TAM",168301,ALTM DISTRIBUCION,15,1,0.06666666666666667,15,4,0.26666666666666666
CUAUTITLAN IZCA,216803,,12,1,0.08333333333333333,15,4,0.26666666666666666
CULIACAN SIN.,215116,CLCN PICKING DOBLADO,33,1,0.030303030303030304,34,9,0.2647058823529412
VERACRUZ VER,165301,VRCZ DISTRIBUCION,22,0,0,19,5,0.2631578947368421
CULIACAN SIN.,200126,,40,1,0.025,42,11,0.2619047619047619
CULIACAN SIN.,215102,CLCN COLGADO I,23,0,0,23,6,0.2608695652173913
CULIACAN SIN.,215102,,23,1,0.043478260869565216,23,6,0.2608695652173913
TLAQUEPAQUE,202215,TLQP OPERACION EQ TRANSPORT IV,28,0,0,27,7,0.25925925925925924
TLAQUEPAQUE,202207,TLQP OPERACION EQ TRANSPORT II,31,0,0,31,8,0.25806451612903225
AZCAPOTZALCO DF,200715,AZCP DISTRIBUCION VI,32,1,0.03125,31,8,0.25806451612903225
AZCAPOTZALCO DF,200715,,32,0,0,31,8,0.25806451612903225
"NUEVO LAREDO, T",216001,,42,1,0.023809523809523808,43,11,0.2558139534883721
SAN LUIS POTOSI,212202,,9,0,0,8,2,0.25
"CARDENAS, TAB",160002,,12,0,0,12,3,0.25
"GOMEZ PAL, DGO.",200314,,15,0,0,16,4,0.25
CHETUMAL QROO,512702,CHTM DISTRIBUCION FORANEO,3,0,0,4,1,0.25
"GOMEZ PAL, DGO.",200332,,5,0,0,4,1,0.25
CULIACAN SIN.,215114,CLCN ZAPATERIA,24,0,0,24,6,0.25
VERACRUZ VER,202011,VRCZ OFICINA CONTROL,12,0,0,12,3,0.25
CULIACAN SIN.,210102,CLCN TALLER AUTOMOTRIZ II,17,0,0,16,4,0.25
"MANZANILLO, COL",158001,MZLL DISTRIBUCION,7,0,0,8,2,0.25
"GOMEZ PAL, DGO.",200321,GPLC OPERACION EQ TRANSPORTE,47,0,0,44,11,0.25
"MERIDA, YUCATAN",201710,MRDA TALLER AUTOMOTRIZ,12,0,0,12,3,0.25
"TECAMAC, EDO ME",217404,,4,0,0,4,1,0.25
"GOMEZ PAL, DGO.",200332,GPLC DISTRIBUCION III AAA,5,0,0,4,1,0.25
"DURANGO, DGO.",151001,DRGO DISTRIBUCION,20,0,0,20,5,0.25
TECAMAC,201844,,7,1,0.14285714285714285,8,2,0.25
IXMIQUILPAN HDG,162001,,4,0,0,4,1,0.25
"LA PAZ, BCS",216502,LPAZ COLGADO,4,0,0,4,1,0.25
AGUASCALIENTES,212112,,4,0,0,4,1,0.25
AGUASCALIENTES,151704,,5,0,0,4,1,0.25
AGUASCALIENTES,212107,,4,0,0,4,1,0.25
AGUASCALIENTES,212103,,4,0,0,4,1,0.25
"LOS MOCHIS, SIN",201508,LMCH OFICINA CONTROL,8,0,0,8,2,0.25
"MONTERREY, N.L.",215514,,8,0,0,8,2,0.25
"MONTERREY, N.L.",215505,,27,0,0,28,7,0.25
"TIJUANA, BCN",215216,,4,0,0,4,1,0.25
"TIJUANA, BCN",215213,,4,0,0,4,1,0.25
IXMIQUILPAN HDG,162001,IXMQ DISTRIBUCION,4,0,0,4,1,0.25
"MEXICALI, BCN.",215208,,16,1,0.0625,16,4,0.25
"MERIDA, YUCATAN",201710,,12,0,0,12,3,0.25
"TECAMAC, EDO ME",201811,TCMC DISTRIBUCION I,21,0,0,20,5,0.25
GUADALAJARA JAL,210602,GDLJ HABILITADO MOTOS,4,0,0,4,1,0.25
VERACRUZ VER,217101,VRCZ ZONA BODEGA ROPA,3,0,0,4,1,0.25
"LOS MOCHIS, SIN",201508,,9,0,0,8,2,0.25
"LA PAZ, BCS",216502,,4,0,0,4,1,0.25
"FRESNILLO, ZAC.",152902,FLLO DISTRIBUCION FORANEO,12,0,0,12,3,0.25
AGUASCALIENTES,212107,AGSC EMBARQUES,4,0,0,4,1,0.25
AGUASCALIENTES,151704,AGCS OPERACION EQ TRANSPORTE,5,0,0,4,1,0.25
AGUASCALIENTES,212103,AGSC PISO,3,0,0,4,1,0.25
AGUASCALIENTES,212112,AGSC ZONA CEDIS MUEBLES,4,0,0,4,1,0.25
"ACAPULCO, GRO",157102,ACPO DISTRIBUCION II,26,0,0,20,5,0.25
IZTAPALAPA D.F.,201011,,9,0,0,8,2,0.25
"GOMEZ PAL, DGO.",200312,,11,0,0,12,3,0.25
"ACAPULCO, GRO",157102,,26,0,0,20,5,0.25
"ACAYUCAN,VERACR",162901,,16,2,0.125,16,4,0.25
IZTAPALAPA D.F.,201011,IZTP TALLER D SERVICIO 2,9,0,0,8,2,0.25
VILLAHERMOSA,211001,VLLH TALLER AUTOMOTRIZ,16,0,0,16,4,0.25
"HERMOSILLO, SON",215908,,20,0,0,20,5,0.25
GUADALAJARA JAL,153610,GDLJ DISTRIBUCION IV AA,8,0,0,8,2,0.25
TLAQUEPAQUE,202205,,14,1,0.07142857142857142,16,4,0.25
"VALLARTA, JAL.",151803,PVLL DISTRIBUCION FORANEO,5,0,0,4,1,0.25
"MANZANILLO, COL",158001,,8,1,0.125,8,2,0.25
"VALLARTA, JAL.",151803,,5,0,0,4,1,0.25
"SANTIAGO, IXC",152402,,4,0,0,4,1,0.25
"SANTIAGO, IXC",152402,SIXC DISTRIBUCION FORANEO,4,0,0,4,1,0.25
"CD JUAREZ, CHIU",150101,CDJZ AREA BODEGA FRONTERA,4,0,0,4,1,0.25
GUADALAJARA JAL,153610,,8,1,0.125,8,2,0.25
VERACRUZ VER,202009,,17,2,0.11764705882352941,20,5,0.25
GUADALAJARA JAL,210602,,4,0,0,4,1,0.25
VERACRUZ VER,217101,,3,0,0,4,1,0.25
CULIACAN SIN.,210102,,17,0,0,16,4,0.25
CULIACAN SIN.,200132,,4,1,0.25,4,1,0.25
"TECAMACHALCO,PU",161701,,3,1,0.3333333333333333,4,1,0.25
CUAUTITLAN IZCA,201312,,11,0,0,12,3,0.25
"CARDENAS, TAB",160002,CRDS DISTRIBUCION FORANEO,12,0,0,12,3,0.25
OJINAGA,169401,,4,0,0,4,1,0.25
"TIJUANA, BCN",215216,TJNA EMBARQUES,4,0,0,4,1,0.25
"TIJUANA, BCN",215213,TJNA PISO,4,0,0,4,1,0.25
VILLAHERMOSA,211001,,16,0,0,16,4,0.25
OJINAGA,169401,OJNG DISTRIBUCION,4,0,0,4,1,0.25
"MEXICALI, BCN.",215208,MXLI DOBLADO,16,0,0,16,4,0.25
CUAUTITLAN IZCA,201322,,46,0,0,41,10,0.24390243902439024
"MEXICALI, BCN.",215205,MXLI PICKING,41,1,0.024390243902439025,41,10,0.24390243902439024
"TECAMAC, EDO ME",217402,,29,1,0.034482758620689655,29,7,0.2413793103448276
"MEXICALI, BCN.",150709,,30,0,0,29,7,0.2413793103448276
"TECAMAC, EDO ME",217402,TCMC DOBLADO,28,1,0.03571428571428571,29,7,0.2413793103448276
VILLAHERMOSA,216206,VLLH COLGADO II,21,0,0,21,5,0.23809523809523808
STA ANA CHIAUTE,163701,,21,0,0,21,5,0.23809523809523808
"LEON, GTO.",200404,LEON TALLER DE SERVICIOS1,21,2,0.09523809523809523,21,5,0.23809523809523808
"LEON, GTO.",200404,,22,1,0.045454545454545456,21,5,0.23809523809523808
STA ANA CHIAUTE,163701,STCH DISTRIBUCION,21,0,0,21,5,0.23809523809523808
VILLAHERMOSA,216210,VLLH HABILITADO,20,2,0.1,21,5,0.23809523809523808
VILLAHERMOSA,216206,,20,0,0,21,5,0.23809523809523808
CULIACAN SIN.,200126,CLCN DESCARGA II,40,0,0,42,10,0.23809523809523808
"TOLUCA, EDO MEX",202101,TOLC OPERACION EQ TRANSPORTE,77,2,0.025974025974025976,76,18,0.23684210526315788
"MEXICALI, BCN.",201417,,38,1,0.02631578947368421,38,9,0.23684210526315788
CULIACAN SIN.,200122,CLCN TALLER DE SERVICIOS 3,17,0,0,17,4,0.23529411764705882
"MERIDA, YUCATAN",157201,,16,1,0.0625,17,4,0.23529411764705882
CULIACAN SIN.,200122,,17,0,0,17,4,0.23529411764705882
CULIACAN SIN.,215116,,32,0,0,34,8,0.23529411764705882
CUAUTITLAN IZCA,201307,,16,0,0,17,4,0.23529411764705882
VILLAHERMOSA,156702,VLLH EMBARQUES I,13,0,0,13,3,0.23076923076923078
"TECAMAC, EDO ME",201817,,13,0,0,13,3,0.23076923076923078
"GOMEZ PAL, DGO.",200312,GPLC OFICINA CONTROL,11,1,0.09090909090909091,13,3,0.23076923076923078
"TECAMAC, EDO ME",217409,,24,2,0.08333333333333333,26,6,0.23076923076923078
"PUEBLA, PUEBLA.",200824,,13,1,0.07692307692307693,13,3,0.23076923076923078
"PUEBLA, PUEBLA.",216107,,26,0,0,26,6,0.23076923076923078
"TIJUANA, BCN",215215,,13,0,0,13,3,0.23076923076923078
"MEXICALI, BCN.",150701,,10,0,0,13,3,0.23076923076923078
"TECAMAC, EDO ME",201817,TCMC TALLER DE SERVICIO 3,13,0,0,13,3,0.23076923076923078
"CUAUTLANCINGO, PUE",201213,CTLG OPERACION EQ TRANSPORT II,35,2,0.05714285714285714,39,9,0.23076923076923078
VERACRUZ VER,217109,VRCZ STAFF BODEGA ROPA,13,0,0,13,3,0.23076923076923078
CULIACAN SIN.,200127,,13,0,0,13,3,0.23076923076923078
CULIACAN SIN.,200121,,26,2,0.07692307692307693,26,6,0.23076923076923078
CULIACAN SIN.,200127,CLCN EMBARQUES II,10,1,0.1,13,3,0.23076923076923078
"TIJUANA, BCN",215215,TJNA TRASLADO,13,0,0,13,3,0.23076923076923078
CULIACAN SIN.,215118,,34,0,0,35,8,0.22857142857142856
"GOMEZ PAL, DGO.",210201,,21,1,0.047619047619047616,22,5,0.22727272727272727
TLAQUEPAQUE,218106,TLQP PICKING COLGADO,21,0,0,22,5,0.22727272727272727
AZCAPOTZALCO DF,200714,,29,2,0.06896551724137931,31,7,0.22580645161290322
VILLAHERMOSA,216203,,31,0,0,31,7,0.22580645161290322
"MEXICALI, BCN.",201407,MXLI TALLER DE SERVICIOS 3,9,0,0,9,2,0.2222222222222222
"GOMEZ PAL, DGO.",200321,,47,1,0.02127659574468085,45,10,0.2222222222222222
"CAMPECHE, CAMPE",158701,CMPE DISTRIBUCION,9,0,0,9,2,0.2222222222222222
"MONTERREY, N.L.",200509,,16,2,0.125,18,4,0.2222222222222222
"CAMPECHE, CAMPE",158701,,9,0,0,9,2,0.2222222222222222
"TOLUCA, EDO MEX",211501,,19,0,0,18,4,0.2222222222222222
VERACRUZ VER,202016,VRCZ PISO,10,0,0,9,2,0.2222222222222222
BAHIAS DE HUATULCO,168201,,9,0,0,9,2,0.2222222222222222
ATOYAC DE ALVAREZ,169703,ATYC DISTRIBUCION FORANEO,9,0,0,9,2,0.2222222222222222
ATOYAC DE ALVAREZ,169703,,9,0,0,9,2,0.2222222222222222
BAHIAS DE HUATULCO,168201,BHTC DISTRIBUCION,9,0,0,9,2,0.2222222222222222
"IXTAPALUCA, E.M",216905,IXTP PICKING ZAPATO,10,0,0,9,2,0.2222222222222222
JOSE AZUETA GRO,161101,ZIHT DISTRIBUCION,9,0,0,9,2,0.2222222222222222
JOSE AZUETA GRO,161101,,9,0,0,9,2,0.2222222222222222
"TOLUCA, EDO MEX",202101,,79,2,0.02531645569620253,77,17,0.22077922077922077
VILLAHERMOSA,216203,VLLH DOBLADO,32,0,0,32,7,0.21875
"TOLUCA, EDO MEX",217811,TOLC ENVIO A CLIENTES,16,0,0,23,5,0.21739130434782608
"LEON, GTO.",200421,LEON OPERACION EQ TRANSPORTE,52,0,0,51,11,0.21568627450980393
SAN ANDRES TUXTLA,162701,SNAT DISTRIBUCION,14,0,0,14,3,0.21428571428571427
TECAMAC,201850,,11,0,0,14,3,0.21428571428571427
"TOLUCA, EDO MEX",153205,TOLC TALLER DE SERVICIOS 3,15,0,0,14,3,0.21428571428571427
"ACAMBARO, GTO",158802,ACBO DISTRIBUCION FORANEO,14,0,0,14,3,0.21428571428571427
"LEON, GTO.",200413,LEON EMBARQUES I,11,2,0.18181818181818182,14,3,0.21428571428571427
"LEON, GTO.",200413,,12,0,0,14,3,0.21428571428571427
"HERMOSILLO, SON",210401,HLLO TALLER AUTOMOTRIZ,15,0,0,14,3,0.21428571428571427
VILLAHERMOSA,200914,VLLH LOTEO,20,0,0,19,4,0.21052631578947367
VERACRUZ VER,217104,,18,1,0.05555555555555555,19,4,0.21052631578947367
VERACRUZ VER,217108,,19,0,0,19,4,0.21052631578947367
VERACRUZ VER,217108,VRCZ PICKING DOBLADO,18,0,0,19,4,0.21052631578947367
"TOLUCA, EDO MEX",202121,,19,0,0,19,4,0.21052631578947367
TECAMAC,201847,,18,0,0,19,4,0.21052631578947367
"TOLUCA, EDO MEX",202121,TOLC LOTEO,19,1,0.05263157894736842,19,4,0.21052631578947367
TECAMAC,201847,TCMD RACK,18,0,0,19,4,0.21052631578947367
VERACRUZ VER,217104,VRCZ ZAPATERIA,20,1,0.05,19,4,0.21052631578947367
CULIACAN SIN.,215117,,19,0,0,19,4,0.21052631578947367
CULIACAN SIN.,215117,CLCN STAFF BODEGA ROPA,19,1,0.05263157894736842,19,4,0.21052631578947367
IZTAPALAPA D.F.,201008,,24,0,0,24,5,0.20833333333333334
IZTAPALAPA D.F.,201008,IZTP DISTRIBUCION II,24,1,0.041666666666666664,24,5,0.20833333333333334
"CD JUAREZ, CHIU",150102,CDJZ DISTRIBUCION II,24,0,0,24,5,0.20833333333333334
"CD JUAREZ, CHIU",150102,,24,0,0,24,5,0.20833333333333334
"CUAUTLANCINGO, PUE",201213,,42,0,0,39,8,0.20512820512820512
"MEXICALI, BCN.",201417,MXLI OPERACION EQ TRANSPORTE,38,1,0.02631578947368421,39,8,0.20512820512820512
VERACRUZ VER,217102,,15,1,0.06666666666666667,15,3,0.2
"DE LAS CHOAPAS, VER",166301,,12,0,0,10,2,0.2
"GOMEZ PAL, DGO.",215805,,5,0,0,5,1,0.2
"DE LAS CHOAPAS, VER",166301,LCHP DISTRIBUCION,10,0,0,10,2,0.2
"GOMEZ PAL, DGO.",215811,,5,0,0,5,1,0.2
"URUAPAN, MICH.",152602,,5,0,0,5,1,0.2
"TOLUCA, EDO MEX",153201,,6,0,0,5,1,0.2
"MERIDA, YUCATAN",218005,MRDA ZAPATERIA,15,0,0,15,3,0.2
TEXCOCO EDO MEX,218220,,61,2,0.03278688524590164,55,11,0.2
"GOMEZ PAL, DGO.",215811,GPLC ENVIO A CLIENTES,5,0,0,5,1,0.2
"GOMEZ PAL, DGO.",215805,GPLC ZONA BODEGA ROPA,5,0,0,5,1,0.2
"GOMEZ PAL, DGO.",215802,GPLC COLGADO I,20,0,0,20,4,0.2
"TECAMAC, EDO ME",201811,,20,0,0,20,4,0.2
SAN LUIS POTOSI,212209,,5,0,0,5,1,0.2
"FRESNILLO, ZAC.",152901,,5,0,0,5,1,0.2
"LA PAZ, BCS",153702,LPAZ AREA BODEGA FRONTERA,5,1,0.2,5,1,0.2
"PUEBLA, PUEBLA.",216106,,5,0,0,5,1,0.2
"TOLUCA, EDO MEX",153201,TOLC DISTRIBUCION,6,0,0,5,1,0.2
"URUAPAN, MICH.",152602,URPN DISTRIBUCION FORANEO,5,0,0,5,1,0.2
HUAJUAPAN D LEON OAX,164702,,0,0,0,5,1,0.2
"GUAMUCHIL, SIN.",150301,GMCH DISTRIBUCION,5,0,0,5,1,0.2
"GUADALUPE, N.L.",200524,,6,0,0,5,1,0.2
"ALTAMIRA, TAM",168301,,15,0,0,15,3,0.2
LAGOS DE MORENO,152002,LMRN DISTRIBUCION FORANEO,5,0,0,5,1,0.2
TECAMAC,201869,#N/A,30,2,0.06666666666666667,10,2,0.2
TECAMAC,201850,TCMD TALLER DE SERVICIOS 1,13,1,0.07692307692307693,15,3,0.2
"MEXICALI, BCN.",150717,,5,0,0,5,1,0.2
"CAMPECHE, CAMPE",158703,,4,1,0.25,5,1,0.2
"LEON, GTO.",200407,LEON TALLER DE SERVICIOS 2,9,0,0,10,2,0.2
GUADALAJARA JAL,153608,GDLJ DIST RAC,15,0,0,15,3,0.2
SAN LUIS POTOSI,212209,#N/A,5,1,0.2,5,1,0.2
"LOS MOCHIS, SIN",201517,,10,0,0,10,2,0.2
"FRESNILLO, ZAC.",152901,FLLO DISTRIBUCION,5,0,0,5,1,0.2
"DURANGO, DGO.",151001,,20,0,0,20,4,0.2
"LEON, GTO.",200407,,10,0,0,10,2,0.2
LAGOS DE MORENO,152002,,5,0,0,5,1,0.2
"JOJUTLA, MORELOS",167302,,5,0,0,5,1,0.2
"PUEBLA, PUEBLA.",216106,PBLA ZONA BODEGA ROPA,5,0,0,5,1,0.2
"JOJUTLA, MORELOS",167302,JJTL DISTRIBUCION FORANEO,5,0,0,5,1,0.2
"GUADALUPE, N.L.",200524,GDLP ZONA CEDIS MUEBLES,6,0,0,5,1,0.2
GUADALAJARA JAL,153608,,15,0,0,15,3,0.2
"MEXICALI, BCN.",150717,MXLI CDC ROPA IMP,5,0,0,5,1,0.2
"MEXICALI, BCN.",150706,MXLI IMP ZONA CEDI IMPORTACION,6,0,0,5,1,0.2
"LEON, GTO.",200421,,53,0,0,51,10,0.19607843137254902
VERACRUZ VER,217110,,16,1,0.0625,16,3,0.1875
VILLAHERMOSA,200910,VLLH TALLER DE SERVICIO 2,15,1,0.06666666666666667,16,3,0.1875
VERACRUZ VER,217110,VRCZ HABILITADO,16,0,0,16,3,0.1875
"GOMEZ PAL, DGO.",215810,GPLC STAFF BODEGA ROPA,15,0,0,16,3,0.1875
AZCAPOTZALCO DF,200714,AZCP DISTRIBUCION V,31,1,0.03225806451612903,32,6,0.1875
"MONTERREY, N.L.",200504,,31,3,0.0967741935483871,32,6,0.1875
TLAQUEPAQUE,202205,TLQP OFICINA CONTROL,14,0,0,16,3,0.1875
IZTAPALAPA D.F.,201014,,14,0,0,16,3,0.1875
IZTAPALAPA D.F.,201014,IZTP EMBARQUES I,14,0,0,16,3,0.1875
"CD JUAREZ, CHIU",215401,CDJZ BODEGA,16,1,0.0625,16,3,0.1875
"CD JUAREZ, CHIU",215401,,16,0,0,16,3,0.1875
VILLAHERMOSA,200910,,15,0,0,16,3,0.1875
"TOLUCA, EDO MEX",217811,,12,0,0,22,4,0.18181818181818182
"TECAMAC, EDO ME",201808,,11,0,0,11,2,0.18181818181818182
"GOMEZ PAL, DGO.",210201,GPLC TALLER AUTOMOTRIZ,22,0,0,22,4,0.18181818181818182
"LEON, GTO.",200427,LEON OPERACION TRANSPORTE II,45,1,0.022222222222222223,44,8,0.18181818181818182
"TECAMAC, EDO ME",201808,TCMC TALLER DE SERVICIOS 2,11,0,0,11,2,0.18181818181818182
"LEON, GTO.",200427,,44,1,0.022727272727272728,44,8,0.18181818181818182
IZTAPALAPA D.F.,201019,,37,0,0,33,6,0.18181818181818182
IZTAPALAPA D.F.,201019,IZTP OPERACION EQ TRANSPORTE,34,0,0,33,6,0.18181818181818182
CULIACAN SIN.,200116,,11,0,0,11,2,0.18181818181818182
"MONTERREY, N.L.",200508,MTRY OFICINA CONTROL,11,0,0,11,2,0.18181818181818182
"DELICIAS, CHIU.",152301,,11,0,0,11,2,0.18181818181818182
CUAUTITLAN IZCA,201325,CTLZ RACK,23,2,0.08695652173913043,23,4,0.17391304347826086
CUAUTITLAN IZCA,201325,,23,0,0,23,4,0.17391304347826086
VERACRUZ VER,202013,,57,3,0.05263157894736842,59,10,0.1694915254237288
"VILLAFLORES, CHIAPAS",167801,,6,0,0,6,1,0.16666666666666666
"FRONTERA COMALAPA,CH",165401,,8,1,0.125,6,1,0.16666666666666666
"HERMOSILLO, SON",200210,HLLO OFICINA CONTROL,6,0,0,6,1,0.16666666666666666
"ORIZABA, VER.",155302,,5,0,0,6,1,0.16666666666666666
VILLAHERMOSA,200908,VLLH OFICINA CONTROL,12,0,0,12,2,0.16666666666666666
"COZUMEL, QROO",163101,CZML DISTRIBUCION,6,0,0,6,1,0.16666666666666666
"TOLUCA, EDO MEX",153204,,12,0,0,12,2,0.16666666666666666
"NOGALES, SONORA",216701,NGLS BODEGA,6,0,0,6,1,0.16666666666666666
"NOGALES, SONORA",151201,NGLS DISTRIBUCION,12,0,0,12,2,0.16666666666666666
"ORIZABA, VER.",155302,ORZB DISTRIBUCION FORANEO,5,0,0,6,1,0.16666666666666666
"LA PAZ, BCS",153701,LPAZ DISTRIBUCION I,18,0,0,18,3,0.16666666666666666
"FRESNILLO, ZAC.",152902,,12,0,0,12,2,0.16666666666666666
"TOLUCA, EDO MEX",217808,TOLC PICKING DOBLADO,24,0,0,24,4,0.16666666666666666
MARTINEZ DE TOR,168102,,6,0,0,6,1,0.16666666666666666
"TOLUCA, EDO MEX",153204,TOLC TALLER DE SERVICIOS 2,12,0,0,12,2,0.16666666666666666
MIAHUATLAN DE P DIAZ,168501,,6,0,0,6,1,0.16666666666666666
HUAJUAPAN D LEON OAX,164701,,11,0,0,6,1,0.16666666666666666
TEXCOCO EDO MEX,218220,TXCC OP TRANSPORTE,60,1,0.016666666666666666,54,9,0.16666666666666666
"ZAMORA, MICH.",152802,ZMRA DISTRIBUCION FORANEO,6,0,0,6,1,0.16666666666666666
"TULANCINGO, HGO",161801,TNGO DISTRIBUCION,6,0,0,6,1,0.16666666666666666
"TULANCINGO, HGO",161801,,6,0,0,6,1,0.16666666666666666
SANTIAGO PAPASQUIARO,165901,SNPP DISTRIBUCION,6,0,0,6,1,0.16666666666666666
"MEXICALI, BCN.",150706,,6,0,0,6,1,0.16666666666666666
"ENSENADA, BCN",153601,,12,0,0,12,2,0.16666666666666666
FELIPE CARRILLO PUER,166401,,6,0,0,6,1,0.16666666666666666
"COZUMEL, QROO",163101,,6,0,0,6,1,0.16666666666666666
"LA PAZ, BCS",153701,,18,0,0,18,3,0.16666666666666666
AYUTLA DE LOS LIBRES,159803,AYLI DISTRIBUCION FORANEO,6,0,0,6,1,0.16666666666666666
MARTINEZ DE TOR,168102,MZDT DISTRIBUCION FORANEO,6,0,0,6,1,0.16666666666666666
IZTAPALAPA D.F.,201018,,12,1,0.08333333333333333,12,2,0.16666666666666666
AYUTLA DE LOS LIBRES,159803,,6,0,0,6,1,0.16666666666666666
GUADALAJARA JAL,200620,GDLJ BODEGA MUEBLES,7,0,0,6,1,0.16666666666666666
SANTIAGO PAPASQUIARO,165901,,6,0,0,6,1,0.16666666666666666
IZTAPALAPA D.F.,201018,IZTP TALLER DE SERVICIO 3,12,0,0,12,2,0.16666666666666666
"NOGALES, SONORA",151201,,12,0,0,12,2,0.16666666666666666
"NOGALES, SONORA",216701,,6,0,0,6,1,0.16666666666666666
"HERMOSILLO, SON",200210,,6,0,0,6,1,0.16666666666666666
MIAHUATLAN DE P DIAZ,168501,MHTN DISTRIBUCION,6,0,0,6,1,0.16666666666666666
HUAJUAPAN D LEON OAX,164701,HJPN DISTRIBUCION,11,0,0,6,1,0.16666666666666666
"ZAMORA, MICH.",152802,,6,0,0,6,1,0.16666666666666666
"TEPIC, NAY",150801,TPIC DISTRIBUCION,24,0,0,24,4,0.16666666666666666
"MONTERREY, N.L.",215506,MTRY ZONA BODEGA ROPA,5,0,0,6,1,0.16666666666666666
"ENSENADA, BCN",153601,ENSD DISTRIBUCION,12,0,0,12,2,0.16666666666666666
"MAPASTEPEC, CHIAPAS",160704,MAPE DISTRIBUCION,7,0,0,6,1,0.16666666666666666
"VILLAFLORES, CHIAPAS",167801,VLLF DISTRIBUCION,6,0,0,6,1,0.16666666666666666
CULIACAN SIN.,200128,CLCN OPERACION EQ TRANSPORTE,76,1,0.013157894736842105,74,12,0.16216216216216217
VERACRUZ VER,165301,,22,0,0,19,3,0.15789473684210525
"TOLUCA, EDO MEX",217806,,19,1,0.05263157894736842,19,3,0.15789473684210525
VILLAHERMOSA,216208,VLLH PICKING DOBLADO,26,0,0,26,4,0.15384615384615385
CULIACAN SIN.,200121,CLCN DISTRIBUCION VII,26,1,0.038461538461538464,26,4,0.15384615384615385
"TECAMAC, EDO ME",217409,TCMC STAFF BODEGA ROPA,25,0,0,26,4,0.15384615384615385
"MERIDA, YUCATAN",201104,,11,1,0.09090909090909091,13,2,0.15384615384615385
"LEON, GTO.",200416,,13,0,0,13,2,0.15384615384615385
GUADALAJARA JAL,210601,GDLJ TALLER AUTOMOTRIZ,12,1,0.08333333333333333,13,2,0.15384615384615385
CUAUTITLAN IZCA,216806,CTLZ COLGADO II,12,0,0,13,2,0.15384615384615385
GUADALAJARA JAL,210601,,12,0,0,13,2,0.15384615384615385
CUAUTITLAN IZCA,216806,,12,0,0,13,2,0.15384615384615385
VILLAHERMOSA,156703,,13,0,0,13,2,0.15384615384615385
VILLAHERMOSA,156703,VLLH EMBARQUES II,13,0,0,13,2,0.15384615384615385
VILLAHERMOSA,216208,,26,0,0,26,4,0.15384615384615385
"GOMEZ PAL, DGO.",215802,,20,0,0,20,3,0.15
VERACRUZ VER,202009,VRCZ TALLER DE SERVICIOS1,19,1,0.05263157894736842,20,3,0.15
VILLAHERMOSA,200914,,20,0,0,20,3,0.15
"MEXICALI, BCN.",201421,MXLI TALLER DE SERVICIOS 1,14,0,0,14,2,0.14285714285714285
VERACRUZ VER,212001,,14,1,0.07142857142857142,14,2,0.14285714285714285
"GOMEZ PAL, DGO.",200320,,7,0,0,7,1,0.14285714285714285
VERACRUZ VER,212001,VRCZ TALLER AUTOMOTRIZ,15,0,0,14,2,0.14285714285714285
"PIEDRAS NEGRAS, COAH",161401,PNGS DISTRIBUCION,14,0,0,14,2,0.14285714285714285
"MERIDA, YUCATAN",201711,MRDA OFICINA CONTROL,7,0,0,7,1,0.14285714285714285
"GOMEZ PAL, DGO.",200320,GPLC BODEGA MUEBLES,7,0,0,7,1,0.14285714285714285
"TECAMAC, EDO ME",201867,,8,0,0,7,1,0.14285714285714285
TECAMAC,201855,,5,1,0.2,7,1,0.14285714285714285
"GUAMUCHIL, SIN.",150302,GMCH DISTRIBUCION FORANEO,7,0,0,7,1,0.14285714285714285
AZCAPOTZALCO DF,200708,AZCP EMBARQUES I,14,1,0.07142857142857142,14,2,0.14285714285714285
TEXCOCO EDO MEX,218216,TXCC TALLER DE SERVICIOS 1,16,1,0.0625,14,2,0.14285714285714285
"MONTERREY, N.L.",200520,,8,0,0,7,1,0.14285714285714285
"ACAMBARO, GTO",158801,ACBO DISTRIBUCION,7,0,0,7,1,0.14285714285714285
"TIJUANA, BCN",153512,,7,0,0,7,1,0.14285714285714285
"LEON, GTO.",200416,LEON EMBARQUES II,13,0,0,14,2,0.14285714285714285
"TECAMAC, EDO ME",201867,TCMC HABILITADO MOTOS,8,0,0,7,1,0.14285714285714285
"MEXICALI, BCN.",201421,,14,0,0,14,2,0.14285714285714285
"MERIDA, YUCATAN",201711,,7,0,0,7,1,0.14285714285714285
AZCAPOTZALCO DF,200725,AZCP PISO,7,0,0,7,1,0.14285714285714285
"ACAMBARO, GTO",158801,,7,0,0,7,1,0.14285714285714285
"CUAUTLANCINGO, PUE",201211,CTLG BODEGA MUEBLES,8,0,0,7,1,0.14285714285714285
"CUAUTLANCINGO, PUE",169904,CTLG DISTRIBUCION IV,31,0,0,28,4,0.14285714285714285
CUAUTITLAN IZCA,201320,CTLZ BODEGA MUEBLES,7,0,0,7,1,0.14285714285714285
"IXTAPALUCA, E.M",201612,,21,1,0.047619047619047616,21,3,0.14285714285714285
"PIEDRAS NEGRAS, COAH",161401,,14,1,0.07142857142857142,14,2,0.14285714285714285
"GUAYMAS, SONORA",150901,,7,0,0,7,1,0.14285714285714285
CUAUTITLAN IZCA,201308,CTLZ TALLER DE SERVICIOS 2,13,0,0,14,2,0.14285714285714285
"SANTIAGO, IXC",152401,SIXC DISTRIBUCION,7,0,0,7,1,0.14285714285714285
"MONTERREY, N.L.",200520,MTRY BODEGA MUEBLES,8,0,0,7,1,0.14285714285714285
"TIJUANA, BCN",153512,TJNA OP EQ TRANSPORTE,7,0,0,7,1,0.14285714285714285
"GUAYMAS, SONORA",150901,GYMS DISTRIBUCION,7,0,0,7,1,0.14285714285714285
AZCAPOTZALCO DF,200708,,14,0,0,14,2,0.14285714285714285
AZCAPOTZALCO DF,200725,,7,0,0,7,1,0.14285714285714285
"LOS MOCHIS, SIN",201513,LMCH OPERACION EQ TRANSPORTE,57,0,0,58,8,0.13793103448275862
"LOS MOCHIS, SIN",201513,,58,1,0.017241379310344827,58,8,0.13793103448275862
IZTAPALAPA D.F.,201026,,22,0,0,22,3,0.13636363636363635
IZTAPALAPA D.F.,201026,IZTP DISTRIBUCION IX,22,2,0.09090909090909091,22,3,0.13636363636363635
VERACRUZ VER,217102,VRCZ PICKING ZAPATO,15,0,0,15,2,0.13333333333333333
"CELAYA, GTO.",153101,CLYA DISTRIBUCION,21,1,0.047619047619047616,15,2,0.13333333333333333
"IXTAPALUCA, E.M",201608,,13,0,0,15,2,0.13333333333333333
"IXTAPALUCA, E.M",201608,IXTP TALLER DE SERVICIOS 1,13,0,0,15,2,0.13333333333333333
CULIACAN SIN.,200113,,23,1,0.043478260869565216,23,3,0.13043478260869565
"MACUSPANA,TABAS",163201,,8,0,0,8,1,0.125
AZCAPOTZALCO DF,200709,AZCP TALLER DE SERVICIOS1,15,0,0,16,2,0.125
"SABINAS, COAH",169501,,8,0,0,8,1,0.125
"ACAYUCAN,VERACR",162901,ACYN DISTRIBUCION,18,0,0,16,2,0.125
"TOLUCA, EDO MEX",217808,,24,0,0,24,3,0.125
"SABINAS, COAH",169501,SBNA DISTRIBUCION,8,0,0,8,1,0.125
TEXCOCO EDO MEX,218219,,24,0,0,24,3,0.125
TECAMAC,201846,,8,0,0,8,1,0.125
"LA PAZ, BCS",216501,LPAZ BODEGA,6,1,0.16666666666666666,8,1,0.125
"CD VALLES, SLP",154803,,8,0,0,8,1,0.125
TEHUACAN PUEBLA,155203,,10,0,0,8,1,0.125
"LOS MOCHIS, SIN",217303,LMCH ZAPATERIA,23,1,0.043478260869565216,24,3,0.125
TEXCOCO EDO MEX,218219,TXCC TALLER AUTOMOTRIZ,24,0,0,24,3,0.125
TECAMAC,201846,TCMD PISO,8,0,0,8,1,0.125
TECAMAC,201844,TCMD OFICINA CONTROL,8,0,0,8,1,0.125
"CD VALLES, SLP",154803,CDVS DISTRIBUCION FORNAEO,8,1,0.125,8,1,0.125
"LOS MOCHIS, SIN",217303,,24,0,0,24,3,0.125
"CELAYA, GTO.",153101,,20,1,0.05,16,2,0.125
IZTAPALAPA D.F.,201007,,24,0,0,24,3,0.125
TEHUACAN PUEBLA,155203,TEHC DISTRIBUCION FORANEO,10,0,0,8,1,0.125
"IXTAPALUCA, E.M",216904,,9,0,0,8,1,0.125
"IXTAPALUCA, E.M",216903,,8,0,0,8,1,0.125
IZTAPALAPA D.F.,201007,IZTP DISTRIBUCION I,24,1,0.041666666666666664,24,3,0.125
"TEPIC, NAY",150803,TPIC DISTRIBUCION FORANEO,8,0,0,8,1,0.125
"TEPIC, NAY",150803,,8,0,0,8,1,0.125
"TEPIC, NAY",150801,,24,0,0,24,3,0.125
CULIACAN SIN.,215123,,25,1,0.04,24,3,0.125
"IXTAPALUCA, E.M",216903,IXTP COLGADO II,7,0,0,8,1,0.125
CULIACAN SIN.,200143,,8,1,0.125,8,1,0.125
"IXTAPALUCA, E.M",216904,IXTP COLGADO I,9,0,0,8,1,0.125
CULIACAN SIN.,200131,,8,1,0.125,8,1,0.125
"MACUSPANA,TABAS",163201,MCSP DISTRIBUCION,8,0,0,8,1,0.125
CULIACAN SIN.,200128,,76,0,0,74,9,0.12162162162162163
"PUEBLA, PUEBLA.",216110,,25,0,0,25,3,0.12
"PUEBLA, PUEBLA.",216110,PBLA HABILITADO,25,0,0,25,3,0.12
VERACRUZ VER,202013,VRCZ OPERACION EQ TRANSPORTE,59,2,0.03389830508474576,59,7,0.11864406779661017
VILLAHERMOSA,216205,VLLH PICKING ZAPATO,16,2,0.125,17,2,0.11764705882352941
"LOS MOCHIS, SIN",201511,LMCH TALLER MECANICO,17,0,0,17,2,0.11764705882352941
"LOS MOCHIS, SIN",201511,,17,0,0,17,2,0.11764705882352941
VILLAHERMOSA,216205,,17,0,0,17,2,0.11764705882352941
VILLAHERMOSA,216201,,18,1,0.05555555555555555,18,2,0.1111111111111111
"MERIDA, YUCATAN",218006,MRDA PICKING ZAPATO,9,0,0,9,1,0.1111111111111111
TAMAZUNCHALE,169906,,9,0,0,9,1,0.1111111111111111
"MERIDA, YUCATAN",218006,,9,0,0,9,1,0.1111111111111111
TAMAZUNCHALE,169906,TMZN DISTRIBUCION,9,0,0,9,1,0.1111111111111111
"IXTAPALUCA, E.M",201611,,8,0,0,9,1,0.1111111111111111
"MONTERREY, N.L.",200509,MTRY TALLER DE SERVICIOS 2,18,0,0,18,2,0.1111111111111111
"CUAUTLANCINGO, PUE",169904,,32,0,0,28,3,0.10714285714285714
CULIACAN SIN.,200109,CLCN TALLER DE SERVICIOS 1,20,0,0,19,2,0.10526315789473684
"TOLUCA, EDO MEX",217806,TOLC PICKING ZAPATO,19,1,0.05263157894736842,19,2,0.10526315789473684
"MERIDA, YUCATAN",218009,MRDA STAFF BODEGA ROPA,10,0,0,10,1,0.1
"MERIDA, YUCATAN",218003,MRDA COLGADO II,10,0,0,10,1,0.1
TECAMAC,201851,,9,0,0,10,1,0.1
"GUASAVE, SIN.",650205,GSVE DISTRIBUCION FORANEO,10,0,0,10,1,0.1
TECAMAC,201851,TCMD TALLER DE SERVICIOS 2,9,1,0.1111111111111111,10,1,0.1
"MERIDA, YUCATAN",218009,,10,0,0,10,1,0.1
"MERIDA, YUCATAN",218003,,10,0,0,10,1,0.1
"LEON, GTO.",200414,LEON OFICINA CONTROL,10,0,0,10,1,0.1
SAN LUIS POTOSI,212210,SNLP ZONA CEDIS MUEBLES,7,0,0,10,1,0.1
"GUASAVE, SIN.",650205,,10,0,0,10,1,0.1
AZCAPOTZALCO DF,200712,AZCP OFICINA CONTROL,10,0,0,10,1,0.1
"IXTAPALUCA, E.M",216908,,10,1,0.1,10,1,0.1
AZCAPOTZALCO DF,200719,AZCP TALLER DE SERVICIO 3,10,1,0.1,10,1,0.1
"IXTAPALUCA, E.M",201611,IXTP OFICINA CONTROL,8,0,0,10,1,0.1
CULIACAN SIN.,200129,,10,1,0.1,10,1,0.1
AZCAPOTZALCO DF,200719,,10,0,0,10,1,0.1
AZCAPOTZALCO DF,200712,,10,0,0,10,1,0.1
VILLAHERMOSA,200907,VLLH TALLER DE SERVICIOS1,21,0,0,21,2,0.09523809523809523
"IXTAPALUCA, E.M",201612,IXTP DISTRIBUCION II,21,0,0,21,2,0.09523809523809523
VILLAHERMOSA,200907,,21,0,0,21,2,0.09523809523809523
"MONTERREY, N.L.",200504,MTRY TALLER DE SERVICIOS 1,32,0,0,32,3,0.09375
"PUEBLA, PUEBLA.",216105,,22,0,0,22,2,0.09090909090909091
"LOS MOCHIS, SIN",201512,LMCH TALLER DE SERVICIOS 3,11,0,0,11,1,0.09090909090909091
"COLIMA, COL.",152701,CLMA DISTRIBUCION,11,0,0,11,1,0.09090909090909091
"LOS MOCHIS, SIN",201512,,11,0,0,11,1,0.09090909090909091
CUAUTITLAN IZCA,216804,CTLZ PICKING ZAPATO,11,0,0,11,1,0.09090909090909091
GUADALAJARA JAL,215605,GDLJ PICKING ZAPATO,11,0,0,11,1,0.09090909090909091
IZTAPALAPA D.F.,201021,,10,0,0,11,1,0.09090909090909091
IZTAPALAPA D.F.,201021,IZTP LOTEO,10,0,0,11,1,0.09090909090909091
"PUEBLA, PUEBLA.",216105,PBLA PICKING ZAPATO,22,1,0.045454545454545456,22,2,0.09090909090909091
"COLIMA, COL.",152701,,11,0,0,11,1,0.09090909090909091
CUAUTITLAN IZCA,201316,CTLZ OFICINA CONTROL,10,0,0,11,1,0.09090909090909091
GUADALAJARA JAL,215605,,10,0,0,11,1,0.09090909090909091
CUAUTITLAN IZCA,201316,,10,0,0,11,1,0.09090909090909091
CUAUTITLAN IZCA,216804,,11,0,0,11,1,0.09090909090909091
TECATE,157801,TCTE DISTRIBUCION,11,0,0,11,1,0.09090909090909091
"TECAMAC, EDO ME",201810,,23,0,0,23,2,0.08695652173913043
CULIACAN SIN.,200113,CLCN DISTRIBUCION III,24,0,0,23,2,0.08695652173913043
"TECAMAC, EDO ME",201810,TCMC TALLER AUTOMOTRIZ,23,0,0,23,2,0.08695652173913043
"TUXTEPEC, OAX",160303,,0,0,0,12,1,0.08333333333333333
"LOS MOCHIS, SIN",150607,LMCH DISTRIBUCION II AA,12,0,0,12,1,0.08333333333333333
"LEON, GTO.",200420,LEON BODEGA MUEBLES,12,0,0,12,1,0.08333333333333333
"LOS MOCHIS, SIN",150607,,11,0,0,12,1,0.08333333333333333
"LEON, GTO.",200420,,12,0,0,12,1,0.08333333333333333
IZTAPALAPA D.F.,201010,,12,0,0,12,1,0.08333333333333333
IZTAPALAPA D.F.,201010,IZTP TALLER DE SERVICIO 1,12,0,0,12,1,0.08333333333333333
"IGUALA,GUERRERO",163902,,12,0,0,12,1,0.08333333333333333
"IGUALA,GUERRERO",163902,IGLA DISTRIBUCION FORANEO,12,0,0,12,1,0.08333333333333333
CULIACAN SIN.,215123,CLCN HABILITADO,24,0,0,24,2,0.08333333333333333
VILLAHERMOSA,200908,,12,0,0,12,1,0.08333333333333333
"MERIDA, YUCATAN",201714,MRDA EMBARQUES II,13,0,0,13,1,0.07692307692307693
"MERIDA, YUCATAN",218008,MRDA PICKING DOBLADO,13,0,0,13,1,0.07692307692307693
"MERIDA, YUCATAN",201104,MRDA TALLER DE SERVICIO 3,12,0,0,13,1,0.07692307692307693
"PATZCUARO, MICH",169201,PTZC DISTRIBUCION,14,0,0,13,1,0.07692307692307693
"MERIDA, YUCATAN",201714,,13,0,0,13,1,0.07692307692307693
"MERIDA, YUCATAN",218008,,12,1,0.08333333333333333,13,1,0.07692307692307693
"LEON, GTO.",210301,LEON TALLER AUTOMOTRIZ,26,0,0,26,2,0.07692307692307693
"LEON, GTO.",210301,,26,0,0,26,2,0.07692307692307693
"TUXTEPEC, OAX",160303,TXTP DISTRIBUCON FORANEO,0,0,0,13,1,0.07692307692307693
CULIACAN SIN.,200112,,13,0,0,13,1,0.07692307692307693
CULIACAN SIN.,210101,CLCN TALLER AUTOMOTRIZ I,26,1,0.038461538461538464,27,2,0.07407407407407407
CULIACAN SIN.,210101,,27,0,0,27,2,0.07407407407407407
VILLAHERMOSA,216211,VLLH ENVIO A CLIENTES,14,1,0.07142857142857142,14,1,0.07142857142857142
TEHUACAN PUEBLA,155201,,14,0,0,14,1,0.07142857142857142
TEHUACAN PUEBLA,155201,TEHC DISTRIBUCION,14,0,0,14,1,0.07142857142857142
CUAUTITLAN IZCA,201308,,13,0,0,14,1,0.07142857142857142
CULIACAN SIN.,200112,CLCN EMBARQUES I,13,0,0,14,1,0.07142857142857142
VILLAHERMOSA,216211,,13,0,0,14,1,0.07142857142857142
VILLAHERMOSA,200913,,72,1,0.013888888888888888,72,5,0.06944444444444445
"TECAMAC, EDO ME",217412,,15,0,0,16,1,0.0625
"TECAMAC, EDO ME",217412,TCMC HABILITADO,16,0,0,16,1,0.0625
AZCAPOTZALCO DF,200709,,16,0,0,16,1,0.0625
COATZACOALCOS,157001,,17,0,0,17,1,0.058823529411764705
VILLAHERMOSA,156701,VLLH DISTRIBUCION I,16,0,0,17,1,0.058823529411764705
COATZACOALCOS,157001,CTZC DISTRIBUCION,17,0,0,17,1,0.058823529411764705
"MERIDA, YUCATAN",218004,MRDA DOBLADO,17,0,0,17,1,0.058823529411764705
"MERIDA, YUCATAN",201712,MRDA TALLER DE SERVICIOS 1,17,0,0,17,1,0.058823529411764705
"LOS MOCHIS, SIN",201509,LMCH TALLER DE SERVICIO 1,16,0,0,17,1,0.058823529411764705
"MERIDA, YUCATAN",201712,,17,0,0,17,1,0.058823529411764705
"MERIDA, YUCATAN",218004,,17,0,0,17,1,0.058823529411764705
"LOS MOCHIS, SIN",201509,,16,0,0,17,1,0.058823529411764705
VILLAHERMOSA,216209,VLLH STAFF BODEGA ROPA,15,0,0,17,1,0.058823529411764705
VILLAHERMOSA,156701,,16,0,0,17,1,0.058823529411764705
VILLAHERMOSA,200913,VLLH OPERACION EQ TRANSPORTE,73,0,0,72,4,0.05555555555555555
VILLAHERMOSA,216201,VLLH COLGADO I,18,0,0,18,1,0.05555555555555555
"COMALCALCO, TAB",156401,CMLC DISTRIBUCION,19,0,0,19,1,0.05263157894736842
"COMALCALCO, TAB",156401,,19,0,0,19,1,0.05263157894736842
VILLAHERMOSA,200918,VLLH OPERACION EQ II,40,0,0,40,2,0.05
"IXTEPEC, OAXACA",166501,,20,0,0,20,1,0.05
"IXTEPEC, OAXACA",166501,IXTE DISTRIBUCION,20,0,0,20,1,0.05
CULIACAN SIN.,200109,,20,0,0,20,1,0.05
VILLAHERMOSA,200918,,40,0,0,40,2,0.05
VILLAHERMOSA,200909,VLLH TALLER DE SERVICIOS 3,20,0,0,21,1,0.047619047619047616
VILLAHERMOSA,200909,,20,0,0,21,1,0.047619047619047616
VILLAHERMOSA,216207,,24,1,0.041666666666666664,25,1,0.04
TUXTLA GUTIERRE,162502,,1,0,0,1,0,0
"TONALA, CHIAPAS",165403,,8,0,0,8,0,0
TAPACHULA CHIAP,160705,,1,0,0,1,0,0
S CRISTOBAL CHI,161002,,2,0,0,2,0,0
VILLAHERMOSA,200922,VLLH COORDINACION TRANSP,2,0,0,1,0,0
"MEXICALI, BCN.",201420,MXLI BODEGA MUEBLES,6,0,0,5,0,0
COMITAN D D CHI,162401,,13,0,0,13,0,0
"CINTALAPA, CHIAPAS",165601,,6,0,0,6,0,0
VERACRUZ VER,202020,,2,0,0,2,0,0
VERACRUZ VER,202002,,7,0,0,7,0,0
"MEXICALI, BCN.",201409,MXLI OFICINA CONTROL,5,0,0,5,0,0
VERACRUZ VER,217111,,2,0,0,2,0,0
VERACRUZ VER,155308,,3,0,0,2,0,0
VILLAHERMOSA,216204,VLLH ZONA BODEGA ROPA,4,0,0,4,0,0
"MEXICALI, BCN.",150714,MXLI DISTRIBUCION III AA,4,0,0,4,0,0
VILLAHERMOSA,216207,VLLH PICKING COLGADO,24,0,0,25,0,0
SAN LUIS RIO CO,151102,SNRC DISTRIBUCION FORANEO,2,0,0,2,0,0
VILLAHERMOSA,200920,VLLH BODEGA MUEBLES,6,0,0,6,0,0
TEKAX YUCATAN,250448,TKAX DISTRIBUCIÓN,8,0,0,8,0,0
ESCARCEGA,167901,ESCG DISTRIBUCION,6,0,0,6,0,0
"VALLADOLID, YUCATAN",165801,VLLD DISTRIBUCION,9,0,0,9,0,0
"MONCLOVA, COAH.",151902,,2,0,0,2,0,0
"GOMEZ PAL, DGO.",200326,,3,0,0,3,0,0
VERACRUZ VER,202020,VRCZ COORDINACION TRANSP,2,0,0,2,0,0
VERACRUZ VER,217111,VRCZ ENVIO A CLIENTES,2,0,0,2,0,0
"DURANGO, DGO.",151002,,1,0,0,1,0,0
"ZITACUARO, MICH",165502,,5,0,0,5,0,0
"ZITACUARO, MICH",165501,,7,0,0,7,0,0
"TOLUCA, EDO MEX",202130,,2,0,0,2,0,0
"TOLUCA, EDO MEX",217801,,5,0,0,5,0,0
VERACRUZ VER,202002,VRCZ BODEGA MUEBLES,7,0,0,6,0,0
"MERIDA, YUCATAN",201723,MRDA COORDINACION TRANSP,1,0,0,2,0,0
"MERIDA, YUCATAN",218010,MRDA HABILITADO,11,0,0,11,0,0
CULIACAN SIN.,215106,CLCN ZONA BODEGA ROPA,5,0,0,6,0,0
"TOLUCA, EDO MEX",202124,,3,0,0,3,0,0
"PATZCUARO, MICH",169201,,14,0,0,13,0,0
"MORELIA, MICH.",152103,,5,0,0,5,0,0
"MERIDA, YUCATAN",201715,MRDA SUMINISTROS,2,0,0,2,0,0
VERACRUZ VER,155308,VRCZ DISTRIBUCION IV AAA,3,0,0,2,0,0
"APATZINGAN,MICH",156502,,12,0,0,12,0,0
"APATZINGAN,MICH",156501,,5,0,0,5,0,0
"MERIDA, YUCATAN",218001,MRDA ZONA BODEGA ROPA,3,0,0,3,0,0
TEXCOCO EDO MEX,202132,,2,0,0,2,0,0
"MERIDA, YUCATAN",218007,MRDA PICKING COLGADO,10,0,0,10,0,0
AUTLAN DE NAVARRO,166803,ATLN DISTRIBUCION FORANEO,4,0,0,4,0,0
"MONCLOVA, COAH.",151902,MNCV DISTRIBUCION FORANEO,2,0,0,2,0,0
"MERIDA, YUCATAN",201720,MRDA BODEGA MUEBLES,8,0,0,7,0,0
"GOMEZ PAL, DGO.",200326,GPLC SUMINISTROS,3,0,0,3,0,0
"MERIDA, YUCATAN",218002,MRDA COLGADO I,12,0,0,12,0,0
AUTLAN DE NAVARRO,166801,ATLN DISTRIBUCION,4,0,0,4,0,0
"TANTOYUCA, VER",162202,,2,0,0,2,0,0
"COATZINTLA, VER",161204,,4,0,0,4,0,0
"COATZINTLA, VER",161202,,11,0,0,11,0,0
"TECAMAC, EDO ME",201858,,1,0,0,2,0,0
"TECAMAC, EDO ME",201864,,0,0,0,1,0,0
"TECAMAC, EDO ME",201865,,2,0,0,2,0,0
CD DEL CARMEN,157602,CDCN DISTRIBUCION FORANEO,2,0,0,3,0,0
"CAMPECHE, CAMPE",158703,CMPE DISTRIBUCION FORANEO,5,0,0,5,0,0
TECAMAC,201859,,1,0,0,1,0,0
"DURANGO, DGO.",151002,DRGO DISTRIBUCION RAC,1,0,0,1,0,0
"CAMPECHE, CAMPE",158702,CMPE DISTRIBUCION RAC,2,0,0,2,0,0
TECAMAC,201849,,2,0,0,2,0,0
TECAMAC,201868,,4,0,0,4,0,0
"ZITACUARO, MICH",165502,ZTCR DISTRIBUCION FORANEO,5,0,0,5,0,0
"ZITACUARO, MICH",165501,ZCTR DISTRIBUCION,6,0,0,7,0,0
IXMIQUILPAN HDG,162002,,6,0,0,6,0,0
"APATZINGAN,MICH",156502,APTZ DISTRIBUCION FORANEO,12,0,0,12,0,0
"APATZINGAN,MICH",156501,APTZ DISTRIBUCION,5,0,0,5,0,0
SANTA ROSALIA,168402,STAR OPERACION Y EQ DE TRANSP,1,0,0,1,0,0
TLAQUEPAQUE,202223,TLQP COORDINACON TRANSP,2,0,0,2,0,0
CULIACAN SIN.,200143,CLCN DISTRIBUCION VIII AAA,8,0,0,8,0,0
AZCAPOTZALCO DF,200731,AZCP COORDINACION TRANSP,2,0,0,2,0,0
SAN LUIS POTOSI,152203,,2,0,0,2,0,0
SAN LUIS POTOSI,212210,,7,0,0,10,0,0
"MORELIA, MICH.",152103,MORL DISTRIBUCION FORANEA,5,0,0,5,0,0
"TOLUCA, EDO MEX",202130,TOLC COORDINACION TRANSP,2,0,0,2,0,0
SAN LUIS POTOSI,212203,,4,0,0,3,0,0
"CD VALLES, SLP",154802,,2,0,0,2,0,0
"CD VALLES, SLP",154801,,6,0,0,6,0,0
AGUASCALIENTES,212109,,1,0,0,1,0,0
"TOLUCA, EDO MEX",202124,TOLC SUMINISTROS,3,0,0,3,0,0
AGUASCALIENTES,212111,,6,0,0,5,0,0
AGUASCALIENTES,151702,,3,0,0,3,0,0
AGUASCALIENTES,212104,,2,0,0,2,0,0
"TOLUCA, EDO MEX",217801,TOLC ZONA BODEGA ROPA,4,0,0,5,0,0
AGUASCALIENTES,151705,,4,0,0,3,0,0
"XALAPA,VERACRUZ",161305,,4,0,0,4,0,0
"GUASAVE, SIN.",150201,GSVE DISTRIBUCION,6,0,0,6,0,0
"PUEBLA, PUEBLA.",216111,,3,0,0,3,0,0
"PUEBLA, PUEBLA.",153302,,4,0,0,4,0,0
"LOS MOCHIS, SIN",201524,LMCH HABILITADO MOTOS,4,0,0,3,0,0
"LOS MOCHIS, SIN",201522,LMCH COORDINACION TRANSP,2,0,0,2,0,0
"CUAUTLANCINGO, PUE",201215,,2,0,0,2,0,0
"COATZINTLA, VER",161204,COZI DISTRIBUCION FORANEO,4,0,0,4,0,0
"COATZINTLA, VER",161202,COZI DISTRIBUCION,11,0,0,11,0,0
"TANTOYUCA, VER",162202,TTYC OPERACION Y EQ DE TRANSP,2,0,0,2,0,0
"CUAUTLANCINGO, PUE",169910,,3,0,0,3,0,0
"CUAUTLANCINGO, PUE",201209,,3,0,0,3,0,0
TEXCOCO EDO MEX,202132,TXCC COORDINACION TRANSP,2,0,0,2,0,0
"LOS MOCHIS, SIN",201518,LMCH SUMINISTROS,2,0,0,2,0,0
"TUXTEPEC, OAX",160301,,30,0,0,16,0,0
SALINA CRUZ OAX,202501,,12,0,0,12,0,0
OAXACA OAXACA,153704,,2,0,0,2,0,0
"TAMPICO, TAM.",163002,,1,0,0,1,0,0
"REYNOSA, TAM.",155103,,2,0,0,2,0,0
"REYNOSA, TAM.",155102,,1,0,0,1,0,0
"MATAMOROS, TAM.",156602,,1,0,0,0,0,0
"LOS MOCHIS, SIN",217304,LMCH ZONA BODEGA ROPA,3,0,0,3,0,0
"LOS MOCHIS, SIN",217302,LMCH DOBLADO,1,0,0,1,0,0
"GUADALUPE, N.L.",200537,,2,0,0,2,0,0
CIUDAD MANTE,158502,,3,0,0,2,0,0
"ALTAMIRA, TAM",168304,,2,0,0,2,0,0
"ALTAMIRA, TAM",168303,,1,0,0,1,0,0
"SALTILLO, COAH.",151503,,2,0,0,2,0,0
"ZAMORA, MICH.",152801,ZMRA DISTRIBUCION,22,0,0,22,0,0
"NUEVO LAREDO, T",155605,,2,0,0,2,0,0
"NUEVO LAREDO, T",155604,,1,0,0,0,0,0
"MONTERREY, N.L.",200523,,2,0,0,2,0,0
"MONTERREY, N.L.",200508,,11,0,0,11,0,0
TECAMAC,201868,TCMD HABILITADO DE MOTOS,4,0,0,4,0,0
TECAMAC,201859,TCMD COORDINACION TRANSP,1,0,0,1,0,0
TECAMAC,201849,TCMD SUMINISTROS,2,0,0,2,0,0
"URIANGATO, GTO",164101,URGT DISTRIBUCION,13,0,0,13,0,0
CUAUTITLAN IZCA,201332,CTLZ COORDINACION TRANSPORTE,2,0,0,2,0,0
"TIJUANA, BCN",215220,,4,0,0,4,0,0
"TIJUANA, BCN",215218,,6,0,0,6,0,0
"TIJUANA, BCN",153504,,1,0,0,2,0,0
TECAMAC,201855,TCMD TALLER DE SERVICIOS 3,6,0,0,7,0,0
"TIJUANA, BCN",215214,,2,0,0,2,0,0
"TIJUANA, BCN",215211,,8,0,0,8,0,0
"TIJUANA, BCN",215223,,2,0,0,2,0,0
TECATE,157801,,11,0,0,11,0,0
IXMIQUILPAN HDG,162002,IXMQ DISTRIBUCION FORANEO,6,0,0,6,0,0
"SAN QUINTIN, BCN",153513,,4,0,0,4,0,0
SAN LUIS RIO CO,151102,,2,0,0,2,0,0
"TECAMAC, EDO ME",201864,TCMC MEDIA MILLA,0,0,0,1,0,0
"LEON, GTO.",200429,LEON COORDINACION TRANSP,2,0,0,2,0,0
"MEXICALI, BCN.",201420,,6,0,0,5,0,0
"MEXICALI, BCN.",201409,,5,0,0,5,0,0
"MEXICALI, BCN.",150714,,4,0,0,4,0,0
"MEXICALI, BCN.",220409,,5,0,0,6,0,0
"MEXICALI, BCN.",211402,,3,0,0,3,0,0
"ENSENADA, BCN",153603,,2,0,0,2,0,0
"VALLADOLID, YUCATAN",165801,,9,0,0,9,0,0
TEKAX YUCATAN,250448,,8,0,0,8,0,0
"LEON, GTO.",200418,LEON DESCARGA II,3,0,0,3,0,0
CUAUTITLAN IZCA,216811,CTLZ ENVIO A CLIENTES,1,0,0,1,0,0
AZCAPOTZALCO DF,200735,AZCP OP EQ DE TRANSPORTE,3,0,0,3,0,0
AZCAPOTZALCO DF,200720,AZCP BODEGA MUEBLES,6,0,0,5,0,0
"MERIDA, YUCATAN",201723,,1,0,0,2,0,0
"MERIDA, YUCATAN",218001,,3,0,0,3,0,0
"MERIDA, YUCATAN",201720,,8,0,0,7,0,0
"MERIDA, YUCATAN",218010,,11,0,0,11,0,0
"MERIDA, YUCATAN",201715,,2,0,0,2,0,0
"MERIDA, YUCATAN",218007,,10,0,0,10,0,0
"MERIDA, YUCATAN",218002,,12,0,0,12,0,0
"TECAMAC, EDO ME",201865,TCMC DISTRIBUCION III AAA,2,0,0,2,0,0
"LEON, GTO.",215305,LEON ZONA BODEGA ROPA,5,0,0,5,0,0
ESCARCEGA,167901,,6,0,0,6,0,0
"CD VALLES, SLP",154802,CDVS OPERACION Y EQ DE TRANSP,2,0,0,2,0,0
CD DEL CARMEN,157602,,2,0,0,3,0,0
"CAMPECHE, CAMPE",158702,,2,0,0,2,0,0
"CD VALLES, SLP",154801,CDVS DISTRIBUCION,6,0,0,6,0,0
SANTA ROSALIA,168402,,1,0,0,1,0,0
SAN LUIS POTOSI,152203,SNLP COORDINACION TRANSP,2,0,0,2,0,0
"LOS MOCHIS, SIN",201522,,2,0,0,2,0,0
"LOS MOCHIS, SIN",217304,,2,0,0,3,0,0
SAN LUIS POTOSI,212203,#N/A,4,0,0,2,0,0
"LEON, GTO.",200415,LEON TALLER DE SERVICIO 3,11,0,0,11,0,0
"LEON, GTO.",201427,#N/A,7,0,0,2,0,0
"COLIMA, COL.",152702,CLMA DISTRIBUCION RAC,1,0,0,1,0,0
"LOS MOCHIS, SIN",201518,,2,0,0,2,0,0
"LOS MOCHIS, SIN",217302,,1,0,0,1,0,0
"LOS MOCHIS, SIN",201524,,4,0,0,3,0,0
"CELAYA, GTO.",153102,CLYA DISTRIBUCION RAC,1,0,0,1,0,0
"GUASAVE, SIN.",150201,,6,0,0,6,0,0
"URIANGATO, GTO",164101,,13,0,0,13,0,0
AGUASCALIENTES,151705,AGCS HABILITADO MOTOS,4,0,0,3,0,0
AGUASCALIENTES,212109,AGCS COORDINACION TRANSPORTE,1,0,0,1,0,0
"LEON, GTO.",200429,,2,0,0,2,0,0
"LEON, GTO.",215305,,5,0,0,5,0,0
"LEON, GTO.",200415,,11,0,0,11,0,0
AGUASCALIENTES,212104,AGSC SUMINISTROS,2,0,0,2,0,0
"IRAPUATO, GTO.",164602,#N/A,8,0,0,3,0,0
"IRAPUATO, GTO.",154602,IRPT DISTRIBUCION II,0,0,0,1,0,0
"LEON, GTO.",200414,,10,0,0,10,0,0
"IRAPUATO, GTO.",154603,#N/A,1,0,0,1,0,0
"LEON, GTO.",200418,,3,0,0,3,0,0
AGUASCALIENTES,212111,AGSC OFICINA CONTROL,6,0,0,5,0,0
"OMETEPEC, GUERRERO",169002,OMTP OPERACION Y EQ DE TRANSP,1,0,0,1,0,0
AGUASCALIENTES,151702,AGCS DISTRIBUCION RAC,3,0,0,3,0,0
"IRAPUATO, GTO.",154602,,0,0,0,1,0,0
SANTIAGO PINOTEPA NA,169302,SNTP OPERACION Y EQ DE TRANSP,1,0,0,1,0,0
SANTIAGO PINOTEPA NA,169301,SNTP DISTRIBUCION,9,0,0,8,0,0
ATOYAC DE ALVAREZ,169702,ATYC OPERACION Y EQ DE TRANSP,1,0,0,1,0,0
GUADALAJARA JAL,200617,GDLJ SUMINISTROS,2,0,0,2,0,0
"IRAPUATO, GTO.",154603,,1,0,0,1,0,0
"CELAYA, GTO.",153102,,1,0,0,1,0,0
"XALAPA,VERACRUZ",161305,BDLL DISTRIBUCION FORANEO,4,0,0,4,0,0
SANTIAGO PINOTEPA NA,169302,,1,0,0,1,0,0
SANTIAGO PINOTEPA NA,169301,,9,0,0,9,0,0
IZTAPALAPA D.F.,201028,,2,0,0,2,0,0
IZTAPALAPA D.F.,201020,,6,0,0,6,0,0
"CUAUTLANCINGO, PUE",201215,CTLG COORDINACION TRANSP,2,0,0,2,0,0
IZTAPALAPA D.F.,201024,,2,0,0,2,0,0
"CUAUTLANCINGO, PUE",201209,CTLG SUMINISTRO,3,0,0,3,0,0
IZTAPALAPA D.F.,211102,IZTP HABILITADO MOTOS,4,0,0,4,0,0
IZTAPALAPA D.F.,216410,,1,0,0,1,0,0
IZTAPALAPA D.F.,216405,,0,0,0,0,0,0
IZTAPALAPA D.F.,211102,,4,0,0,4,0,0
ATOYAC DE ALVAREZ,169702,,1,0,0,1,0,0
JIUTEPEC MORELO,161902,,2,0,0,2,0,0
IZTAPALAPA D.F.,216410,IZTP STAFF BODEGA ROPA,1,0,0,1,0,0
"IXTAPALUCA, E.M",201620,,6,0,0,5,0,0
"CUAUTLANCINGO, PUE",169910,CTLG DISTRIBUCION VI AAA,3,0,0,3,0,0
"TECAMACHALCO,PU",161701,TMCH DISTRIBUCION,4,0,0,4,0,0
IZTAPALAPA D.F.,201024,IZTP SUMINISTROS,2,0,0,2,0,0
GUADALAJARA JAL,215601,GDLJ ZONA BODEGA ROPA,3,0,0,4,0,0
"IXTAPALUCA, E.M",201334,,1,0,0,1,0,0
"IXTAPALUCA, E.M",201626,,2,0,0,2,0,0
"PUEBLA, PUEBLA.",216111,PBLA ENVIO A CLIENTES,3,0,0,3,0,0
"PUEBLA, PUEBLA.",153302,PBLA EMBARQUES I,4,0,0,4,0,0
"NAVOJOA, SON.",151301,,8,0,0,7,0,0
"HERMOSILLO, SON",200216,,2,0,0,2,0,0
"HERMOSILLO, SON",215904,,4,0,0,5,0,0
IZTAPALAPA D.F.,201020,IZTP BODEGA MUEBLES,6,0,0,6,0,0
"HERMOSILLO, SON",215911,,12,0,0,2,0,0
"CD OBREGON, SON",150403,,6,0,0,6,0,0
SALINA CRUZ OAX,202501,SCRZ DISTRIBUCION,12,0,0,12,0,0
OAXACA OAXACA,153704,OAXC COORDINADOR DE DISTRIBUCI,2,0,0,2,0,0
IZTAPALAPA D.F.,216405,IZTP COLGADO II,0,0,0,0,0,0
GUADALAJARA JAL,153611,GDLJ MEDIA MILLA,1,0,0,1,0,0
CUAUTITLAN IZCA,216805,CTLZ ZONA BODEGA ROPA,4,0,0,4,0,0
"ZAMORA, MICH.",152801,,22,0,0,22,0,0
TLAQUEPAQUE,202223,,2,0,0,2,0,0
OAXACA OAXACA,157503,OAXC DISTRIBUCIÓN RAC,1,0,0,0,3,0
"TUXTEPEC, OAX",160301,TXTP DISTRIBUCION,29,0,0,15,0,0
"ALTAMIRA, TAM",168304,ALTM DISTRIBUCION FORANEO,2,0,0,2,0,0
"ALTAMIRA, TAM",168303,ALTM DISTRIBUCION RAC,1,0,0,1,0,0
"MATAMOROS, TAM.",156602,MTMS DISTRIBUCION RAC,1,0,0,0,0,0
"REYNOSA, TAM.",155103,RYNS DISTRIBUCION FORANEO,2,0,0,2,0,0
JIUTEPEC MORELO,161902,JUTP DISTRIBUCION RAC,2,0,0,2,0,0
"COLIMA, COL.",152702,,1,0,0,1,0,0
"GUADALUPE, N.L.",200537,GDLP COORDINACION TRANSP,2,0,0,2,0,0
AUTLAN DE NAVARRO,166803,,4,0,0,4,0,0
AUTLAN DE NAVARRO,166801,,4,0,0,4,0,0
"TEPIC, NAY",150802,,1,0,0,1,0,0
GUADALAJARA JAL,215601,,3,0,0,4,0,0
"IXTAPALUCA, E.M",201626,IXTP SUMINISTROS,1,0,0,2,0,0
"TEPIC, NAY",150802,TPIC DISTRIBUCION RAC,1,0,0,1,0,0
GUADALAJARA JAL,153611,,1,0,0,1,0,0
GUADALAJARA JAL,200617,,2,0,0,2,0,0
"TAMPICO, TAM.",163002,TMPC DISTRIBUCION RAC,1,0,0,1,0,0
"NUEVO LAREDO, T",155605,NLRD DISTRIBUCION FORANEO,2,0,0,2,0,0
"NUEVO LAREDO, T",155604,NLRD DISTRIBUCION RAC,1,0,0,0,0,0
"GUAMUCHIL, SIN.",150302,,7,0,0,7,0,0
"IXTAPALUCA, E.M",216908,IXTP PICKING DOBLADO,11,0,0,10,0,0
"ESCUINAPA, SIN.",154902,ESCP DISTRIBUCION FORANEO,8,0,0,8,0,0
"ESCUINAPA, SIN.",154901,ESCP DISTRIBUCION,6,0,0,6,0,0
"GUAMUCHIL, SIN.",150301,,5,0,0,5,0,0
"ESCUINAPA, SIN.",154902,,8,0,0,8,0,0
"ESCUINAPA, SIN.",154901,,6,0,0,6,0,0
CULIACAN SIN.,200141,,2,0,0,2,0,0
CULIACAN SIN.,215106,,5,0,0,5,0,0
"MONTERREY, N.L.",200523,MTRY COORDINACION TRANSP,2,0,0,2,0,0
"MONTERREY, N.L.",200516,MTRY SUMINISTROS,3,0,0,3,0,0
"IXTAPALUCA, E.M",201620,IXTP BODEGA MUEBLES,6,0,0,5,0,0
CUAUTITLAN IZCA,201333,CTLZ DISTRIBUCION VII AAA,1,0,0,1,0,0
CUAUTITLAN IZCA,201309,CTLZ DISTRIBUCION II,15,0,0,16,0,0
CUAUTITLAN IZCA,201332,,2,0,0,2,0,0
CUAUTITLAN IZCA,216805,,4,0,0,4,0,0
CUAUTITLAN IZCA,201320,,7,0,0,7,0,0
CUAUTITLAN IZCA,216811,,1,0,0,1,0,0
CUAUTITLAN IZCA,201333,,1,0,0,1,0,0
CUAUTITLAN IZCA,201309,,15,0,0,16,0,0
"IXTAPALUCA, E.M",201334,IXTP DISTRIBUCION V AAA,1,0,0,1,0,0
"SALTILLO, COAH.",151503,SALT DISTRIBUCION RAC,2,0,0,2,0,0
"SAN QUINTIN, BCN",153513,#N/A,4,0,0,3,0,0
"NAVOJOA, SON.",151301,NVJA DISTRIBUCION,8,0,0,7,0,0
"ENSENADA, BCN",153603,ENSD DISTRIBUCION FORANEO,2,0,0,2,0,0
"TIJUANA, BCN",215223,TJNA HABILITADO MOTOS,2,0,0,2,0,0
"TIJUANA, BCN",215214,TJNA SUMINISTROS,2,0,0,2,0,0
"CD OBREGON, SON",150403,CDOB DISTRIBUCION FORANEO,6,0,0,6,0,0
CULIACAN SIN.,200141,CLCN COORDINACION TRANSP,2,0,0,2,0,0
"TIJUANA, BCN",215211,TJNA LOTEO,8,0,0,8,0,0
"TIJUANA, BCN",153504,TJNA DISTRIBUCION IV,1,0,0,2,0,0
"TIJUANA, BCN",215220,TJNA ZONA CEDIS MUEBLES,4,0,0,4,0,0
AZCAPOTZALCO DF,200731,,1,0,0,2,0,0
"TIJUANA, BCN",215218,TJNA OFICINA CONTROL,6,0,0,6,0,0
"HERMOSILLO, SON",200216,HLLO COORDINACION TRANSP,2,0,0,2,0,0
"HERMOSILLO, SON",215911,#N/A,12,0,0,1,0,0
AZCAPOTZALCO DF,215707,,0,0,0,0,0,0
AZCAPOTZALCO DF,200720,,6,0,0,5,0,0
AZCAPOTZALCO DF,200718,,7,0,0,8,0,0
AZCAPOTZALCO DF,200735,,3,0,0,3,0,0
AZCAPOTZALCO DF,200736,,3,0,0,3,0,0
AZCAPOTZALCO DF,200737,,6,0,0,1,0,0
AZCAPOTZALCO DF,200734,,3,0,0,3,0,0
CULIACAN SIN.,200132,CLCN SUMINISTROS,4,0,0,4,0,0
CULIACAN SIN.,200131,CLCN PISO,8,0,0,8,0,0
"MEXICALI, BCN.",220409,MXLI LOTEO,5,0,0,6,0,0
VILLAHERMOSA,200922,,2,0,0,1,0,0
VILLAHERMOSA,216204,,4,0,0,4,0,0
VILLAHERMOSA,200920,,6,0,0,6,0,0
"CINTALAPA, CHIAPAS",165601,CNTP DISTRIBUCION,6,0,0,6,0,0
"FRONTERA COMALAPA,CH",165401,FCML DISTRIBUCION,8,0,0,6,0,0
"TONALA, CHIAPAS",165403,TNLC DISTRIBUCION,8,0,0,8,0,0
COMITAN D D CHI,162401,CMTN DISTRIBUCION,13,0,0,13,0,0
S CRISTOBAL CHI,161002,SNCC DISTRIBUCION FORANEO,2,0,0,2,0,0
VILLAHERMOSA,216209,,16,0,0,17,0,0
TUXTLA GUTIERRE,162502,TXGT DISTRIBUCION RAC,1,0,0,1,0,0
TAPACHULA CHIAP,160705,TPCH DISTRIBUCION RAC,1,0,0,1,0,0
"HERMOSILLO, SON",215904,HLLO ZONA BODEGA ROPA,5,0,0,5,0,0
CULIACAN SIN.,200129,CLCN LOTEO,10,0,0,10,0,0
AZCAPOTZALCO DF,200736,#N/A,3,0,0,1,0,0
AZCAPOTZALCO DF,200737,#N/A,4,0,0,2,0,0
AZCAPOTZALCO DF,215707,AZCP ZONA BODEGA ROPA,0,0,0,1,0,0
AZCAPOTZALCO DF,200718,AZCP TALLER DE SERV 2,7,0,0,8,0,0
AZCAPOTZALCO DF,200734,AZCP DISTRIBUCION VII,3,0,0,3,0,0